SRR9860122.2	ERR485020.1512909	93.000	100	7	0	148	247	1	100	5.35e-37	156
SRR9860122.2	ERR485020.1310489	93.000	100	7	0	150	249	100	1	5.35e-37	156
SRR9860122.2	ERR485020.1300910	93.000	100	7	0	150	249	1	100	5.35e-37	156
SRR9860122.2	ERR485020.902339	93.000	100	7	0	150	249	100	1	5.35e-37	156
SRR9860122.2	ERR485020.447573	93.000	100	7	0	146	245	100	1	5.35e-37	156
SRR9860122.2	ERR485020.426512	93.000	100	7	0	150	249	100	1	5.35e-37	156
SRR9860122.2	ERR485020.345023	93.000	100	7	0	146	245	1	100	5.35e-37	156
SRR9860122.2	ERR485020.264748	93.000	100	7	0	146	245	100	1	5.35e-37	156
SRR9860122.2	ERR485020.221582	93.000	100	7	0	148	247	100	1	5.35e-37	156
SRR9860122.2	ERR485020.1614776	92.000	100	8	0	102	201	100	1	1.92e-36	154
SRR9860122.2	ERR485020.1388117	92.929	99	7	0	146	244	2	100	1.92e-36	154
SRR9860122.2	ERR485020.1357319	93.000	100	7	0	128	227	100	1	1.92e-36	154
SRR9860122.2	ERR485020.1200805	93.000	100	7	0	125	224	1	100	1.92e-36	154
SRR9860122.2	ERR485020.1174570	93.000	100	7	0	126	225	1	100	1.92e-36	154
SRR9860122.2	ERR485020.1163971	93.000	100	7	0	126	225	100	1	1.92e-36	154
SRR9860122.2	ERR485020.1141635	92.000	100	8	0	104	203	100	1	1.92e-36	154
SRR9860122.2	ERR485020.1105803	92.000	100	8	0	104	203	100	1	1.92e-36	154
SRR9860122.2	ERR485020.1080389	93.000	100	7	0	127	226	1	100	1.92e-36	154
SRR9860122.2	ERR485020.1052088	92.000	100	8	0	102	201	100	1	1.92e-36	154
SRR9860122.2	ERR485020.1033477	92.929	99	7	0	146	244	99	1	1.92e-36	154
SRR9860122.2	ERR485020.960706	93.000	100	7	0	128	227	1	100	1.92e-36	154
SRR9860122.2	ERR485020.780763	93.000	100	7	0	128	227	1	100	1.92e-36	154
SRR9860122.2	ERR485020.686391	93.000	100	7	0	126	225	100	1	1.92e-36	154
SRR9860122.2	ERR485020.674486	93.000	100	7	0	124	223	100	1	1.92e-36	154
SRR9860122.2	ERR485020.553865	92.929	99	7	0	153	251	1	99	1.92e-36	154
SRR9860122.2	ERR485020.481223	93.000	100	7	0	128	227	1	100	1.92e-36	154
SRR9860122.2	ERR485020.191158	92.000	100	8	0	103	202	1	100	1.92e-36	154
SRR9860122.2	ERR485020.1625107	92.000	100	8	0	110	209	1	100	6.92e-36	152
SRR9860122.2	ERR485020.1590574	92.000	100	8	0	115	214	1	100	6.92e-36	152
SRR9860122.2	ERR485020.1549898	91.919	99	8	0	106	204	100	2	6.92e-36	152
SRR9860122.2	ERR485020.1436445	92.929	99	7	0	124	222	99	1	6.92e-36	152
SRR9860122.2	ERR485020.1412719	92.000	100	8	0	116	215	1	100	6.92e-36	152
SRR9860122.2	ERR485020.1334493	93.750	96	6	0	124	219	98	3	6.92e-36	152
SRR9860122.2	ERR485020.1295049	92.000	100	8	0	141	240	100	1	6.92e-36	152
SRR9860122.2	ERR485020.1249639	93.814	97	6	0	131	227	3	99	6.92e-36	152
SRR9860122.2	ERR485020.1181542	92.000	100	8	0	139	238	100	1	6.92e-36	152
SRR9860122.2	ERR485020.1163938	92.000	100	8	0	115	214	1	100	6.92e-36	152
SRR9860122.2	ERR485020.1095317	92.000	100	8	0	116	215	1	100	6.92e-36	152
SRR9860122.2	ERR485020.1079381	92.000	100	8	0	143	242	1	100	6.92e-36	152
SRR9860122.2	ERR485020.1052315	91.919	99	8	0	106	204	100	2	6.92e-36	152
SRR9860122.2	ERR485020.1010268	93.750	96	6	0	124	219	4	99	6.92e-36	152
SRR9860122.2	ERR485020.967011	92.857	98	7	0	146	243	98	1	6.92e-36	152
SRR9860122.2	ERR485020.964173	93.750	96	6	0	124	219	98	3	6.92e-36	152
SRR9860122.2	ERR485020.902219	92.000	100	8	0	143	242	1	100	6.92e-36	152
SRR9860122.2	ERR485020.825720	92.000	100	8	0	142	241	100	1	6.92e-36	152
SRR9860122.2	ERR485020.656268	91.919	99	8	0	102	200	99	1	6.92e-36	152
SRR9860122.2	ERR485020.641231	93.750	96	6	0	124	219	3	98	6.92e-36	152
SRR9860122.2	ERR485020.617200	92.000	100	8	0	139	238	100	1	6.92e-36	152
SRR9860122.2	ERR485020.608212	92.857	98	7	0	154	251	1	98	6.92e-36	152
SRR9860122.2	ERR485020.576653	92.000	100	8	0	140	239	1	100	6.92e-36	152
SRR9860122.2	ERR485020.506598	92.000	100	8	0	116	215	1	100	6.92e-36	152
SRR9860122.2	ERR485020.451328	92.000	100	8	0	113	212	100	1	6.92e-36	152
SRR9860122.2	ERR485020.402812	92.000	100	8	0	139	238	1	100	6.92e-36	152
SRR9860122.2	ERR485020.380628	92.000	100	8	0	143	242	1	100	6.92e-36	152
SRR9860122.2	ERR485020.376608	93.814	97	6	0	131	227	2	98	6.92e-36	152
SRR9860122.2	ERR485020.373446	92.000	100	8	0	118	217	100	1	6.92e-36	152
SRR9860122.2	ERR485020.371860	92.000	100	8	0	116	215	100	1	6.92e-36	152
SRR9860122.2	ERR485020.359934	92.000	100	8	0	117	216	100	1	6.92e-36	152
SRR9860122.2	ERR485020.334055	92.000	100	8	0	118	217	1	100	6.92e-36	152
SRR9860122.2	ERR485020.264702	93.814	97	6	0	131	227	3	99	6.92e-36	152
SRR9860122.2	ERR485020.219197	92.857	98	7	0	154	251	100	3	6.92e-36	152
SRR9860122.2	ERR485020.159275	92.000	100	8	0	140	239	1	100	6.92e-36	152
SRR9860122.2	ERR485020.1683033	93.684	95	6	0	124	218	95	1	2.49e-35	150
SRR9860122.2	ERR485020.1641256	91.837	98	8	0	107	204	1	98	2.49e-35	150
SRR9860122.2	ERR485020.1329204	92.784	97	7	0	155	251	1	97	2.49e-35	150
SRR9860122.2	ERR485020.1009080	91.919	99	8	0	110	208	99	1	2.49e-35	150
SRR9860122.2	ERR485020.976911	93.750	96	6	0	132	227	100	5	2.49e-35	150
SRR9860122.2	ERR485020.485165	92.000	100	8	0	148	247	1	100	2.49e-35	150
SRR9860122.2	ERR485020.320621	91.919	99	8	0	139	237	2	100	2.49e-35	150
SRR9860122.2	ERR485020.80484	91.837	98	8	0	98	195	100	3	2.49e-35	150
SRR9860122.2	ERR485020.1725151	90.000	100	10	0	1	100	100	1	8.96e-35	148
SRR9860122.2	ERR485020.1594590	91.000	100	9	0	102	201	1	100	8.96e-35	148
SRR9860122.2	ERR485020.1432935	91.837	98	8	0	139	236	98	1	8.96e-35	148
SRR9860122.2	ERR485020.1419483	90.000	100	10	0	1	100	1	100	8.96e-35	148
SRR9860122.2	ERR485020.1361336	90.000	100	10	0	1	100	1	100	8.96e-35	148
SRR9860122.2	ERR485020.1300174	92.708	96	7	0	156	251	1	96	8.96e-35	148
SRR9860122.2	ERR485020.955011	90.000	100	10	0	1	100	100	1	8.96e-35	148
SRR9860122.2	ERR485020.783352	90.000	100	10	0	1	100	1	100	8.96e-35	148
SRR9860122.2	ERR485020.768124	92.632	95	7	0	110	204	3	97	8.96e-35	148
SRR9860122.2	ERR485020.584442	91.837	98	8	0	139	236	3	100	8.96e-35	148
SRR9860122.2	ERR485020.565828	91.837	98	8	0	139	236	3	100	8.96e-35	148
SRR9860122.2	ERR485020.482250	92.708	96	7	0	156	251	1	96	8.96e-35	148
SRR9860122.2	ERR485020.476861	91.837	98	8	0	139	236	98	1	8.96e-35	148
SRR9860122.2	ERR485020.280512	92.708	96	7	0	156	251	1	96	8.96e-35	148
SRR9860122.2	ERR485020.1633535	92.632	95	7	0	157	251	1	95	3.22e-34	147
SRR9860122.2	ERR485020.1629543	93.617	94	6	0	134	227	100	7	3.22e-34	147
SRR9860122.2	ERR485020.1167573	93.617	94	6	0	134	227	100	7	3.22e-34	147
SRR9860122.2	ERR485020.779262	93.617	94	6	0	134	227	100	7	3.22e-34	147
SRR9860122.2	ERR485020.608487	89.899	99	10	0	1	99	2	100	3.22e-34	147
SRR9860122.2	ERR485020.476861	89.899	99	10	0	1	99	2	100	3.22e-34	147
SRR9860122.2	ERR485020.433812	93.617	94	6	0	134	227	100	7	3.22e-34	147
SRR9860122.2	ERR485020.1644366	92.553	94	7	0	158	251	100	7	1.16e-33	145
SRR9860122.2	ERR485020.1641256	93.548	93	6	0	135	227	100	8	1.16e-33	145
SRR9860122.2	ERR485020.661461	93.548	93	6	0	135	227	100	8	1.16e-33	145
SRR9860122.2	ERR485020.386395	90.816	98	9	0	102	199	3	100	1.16e-33	145
SRR9860122.2	ERR485020.349404	92.553	94	7	0	158	251	1	94	1.16e-33	145
SRR9860122.2	ERR485020.1497583	91.667	96	8	0	156	251	1	96	4.17e-33	143
SRR9860122.2	ERR485020.1350285	92.473	93	7	0	159	251	1	93	4.17e-33	143
SRR9860122.2	ERR485020.1322048	93.548	93	5	1	135	227	1	92	4.17e-33	143
SRR9860122.2	ERR485020.1275234	89.691	97	10	0	1	97	4	100	4.17e-33	143
SRR9860122.2	ERR485020.229353	92.473	93	7	0	159	251	1	93	4.17e-33	143
SRR9860122.2	ERR485020.1110852	89.583	96	10	0	1	96	5	100	1.50e-32	141
SRR9860122.2	ERR485020.152214	92.391	92	7	0	160	251	1	92	1.50e-32	141
SRR9860122.2	ERR485020.1707804	89.362	94	10	0	1	94	94	1	1.94e-31	137
SRR9860122.2	ERR485020.242058	92.135	89	7	0	163	251	100	12	6.97e-31	135
SRR9860122.2	ERR485020.1022361	92.045	88	7	0	164	251	1	88	2.51e-30	134
SRR9860122.2	ERR485020.1010268	92.045	88	7	0	164	251	100	13	2.51e-30	134
SRR9860122.2	ERR485020.674535	92.045	88	7	0	164	251	100	13	2.51e-30	134
SRR9860122.2	ERR485020.674355	92.045	88	7	0	164	251	1	88	2.51e-30	134
SRR9860122.2	ERR485020.1702125	91.667	84	7	0	1	84	92	9	3.24e-29	130
SRR9860122.2	ERR485020.1629543	91.667	84	7	0	1	84	14	97	3.24e-29	130
SRR9860122.2	ERR485020.1481280	91.667	84	7	0	1	84	90	7	3.24e-29	130
SRR9860122.2	ERR485020.1436507	91.667	84	7	0	1	84	10	93	3.24e-29	130
SRR9860122.2	ERR485020.1392102	92.857	84	6	0	168	251	1	84	3.24e-29	130
SRR9860122.2	ERR485020.1305584	91.667	84	7	0	1	84	84	1	3.24e-29	130
SRR9860122.2	ERR485020.1277194	91.667	84	7	0	1	84	88	5	3.24e-29	130
SRR9860122.2	ERR485020.1241561	92.857	84	6	0	168	251	1	84	3.24e-29	130
SRR9860122.2	ERR485020.1203735	91.667	84	7	0	1	84	86	3	3.24e-29	130
SRR9860122.2	ERR485020.1105231	92.857	84	6	0	168	251	99	16	3.24e-29	130
SRR9860122.2	ERR485020.1041645	92.857	84	6	0	168	251	2	85	3.24e-29	130
SRR9860122.2	ERR485020.976911	91.667	84	7	0	1	84	16	99	3.24e-29	130
SRR9860122.2	ERR485020.845809	91.667	84	7	0	1	84	90	7	3.24e-29	130
SRR9860122.2	ERR485020.655868	91.667	84	7	0	1	84	16	99	3.24e-29	130
SRR9860122.2	ERR485020.588045	91.667	84	7	0	1	84	84	1	3.24e-29	130
SRR9860122.2	ERR485020.498254	92.857	84	6	0	168	251	2	85	3.24e-29	130
SRR9860122.2	ERR485020.431787	91.667	84	7	0	1	84	90	7	3.24e-29	130
SRR9860122.2	ERR485020.423205	91.667	84	7	0	1	84	92	9	3.24e-29	130
SRR9860122.2	ERR485020.374271	92.857	84	6	0	168	251	2	85	3.24e-29	130
SRR9860122.2	ERR485020.292742	91.667	84	7	0	1	84	15	98	3.24e-29	130
SRR9860122.2	ERR485020.190352	91.667	84	7	0	1	84	88	5	3.24e-29	130
SRR9860122.2	ERR485020.128670	91.667	84	7	0	1	84	90	7	3.24e-29	130
SRR9860122.2	ERR485020.1642614	87.879	99	12	0	110	208	2	100	1.17e-28	128
SRR9860122.2	ERR485020.1545491	91.250	80	7	0	1	80	80	1	5.43e-27	122
SRR9860122.2	ERR485020.1016131	91.250	80	7	0	1	80	21	100	5.43e-27	122
SRR9860122.2	ERR485020.1705331	91.139	79	7	0	1	79	22	100	1.95e-26	121
SRR9860122.2	ERR485020.1092177	91.139	79	7	0	1	79	22	100	1.95e-26	121
SRR9860122.2	ERR485020.373446	91.139	79	7	0	1	79	22	100	1.95e-26	121
SRR9860122.2	ERR485020.1581187	90.361	83	8	0	161	243	1	83	7.02e-26	119
SRR9860122.2	ERR485020.1091305	91.026	78	7	0	1	78	78	1	7.02e-26	119
SRR9860122.2	ERR485020.160184	91.026	78	7	0	1	78	23	100	7.02e-26	119
SRR9860122.2	ERR485020.825720	90.909	77	7	0	1	77	24	100	2.53e-25	117
SRR9860122.2	ERR485020.498413	90.789	76	7	0	1	76	76	1	9.08e-25	115
SRR9860122.2	ERR485020.174429	90.789	76	7	0	1	76	76	1	9.08e-25	115
SRR9860122.2	ERR485020.1388120	91.549	71	6	0	1	71	30	100	4.23e-23	110
SRR9860122.2	ERR485020.1334493	91.549	71	6	0	1	71	29	99	4.23e-23	110
SRR9860122.2	ERR485020.365088	91.429	70	6	0	1	70	70	1	1.52e-22	108
SRR9860122.2	ERR485020.167719	91.429	70	6	0	1	70	70	1	1.52e-22	108
SRR9860122.2	ERR485020.1589881	91.176	68	6	0	1	68	68	1	1.97e-21	104
SRR9860122.2	ERR485020.1202264	91.176	68	6	0	1	68	33	100	1.97e-21	104
SRR9860122.2	ERR485020.1594046	91.045	67	6	0	1	67	34	100	7.07e-21	102
SRR9860122.2	ERR485020.1663982	90.909	66	6	0	1	66	35	100	2.54e-20	100
SRR9860122.2	ERR485020.1498585	90.909	66	6	0	1	66	35	100	2.54e-20	100
SRR9860122.2	ERR485020.875932	90.909	66	6	0	1	66	35	100	2.54e-20	100
SRR9860122.2	ERR485020.426512	90.909	66	6	0	1	66	35	100	2.54e-20	100
SRR9860122.2	ERR485020.524911	90.769	65	6	0	1	65	65	1	9.15e-20	99.0
SRR9860122.2	ERR485020.495034	90.625	64	6	0	1	64	37	100	3.29e-19	97.1
SRR9860122.2	ERR485020.1163971	91.803	61	5	0	1	61	39	99	1.18e-18	95.3
SRR9860122.2	ERR485020.1010133	91.803	61	5	0	1	61	61	1	1.18e-18	95.3
SRR9860122.2	ERR485020.927329	91.667	60	5	0	1	60	41	100	4.26e-18	93.5
SRR9860122.2	ERR485020.402534	91.667	60	5	0	1	60	60	1	4.26e-18	93.5
SRR9860122.2	ERR485020.111326	91.667	60	5	0	1	60	41	100	4.26e-18	93.5
SRR9860122.2	ERR485020.1534023	91.525	59	5	0	1	59	59	1	1.53e-17	91.6
SRR9860122.2	ERR485020.1665501	94.231	52	3	0	1	52	54	3	7.12e-16	86.1
SRR9860122.2	ERR485020.1594375	94.231	52	3	0	1	52	54	3	7.12e-16	86.1
SRR9860122.2	ERR485020.779262	94.231	52	3	0	1	52	44	95	7.12e-16	86.1
SRR9860122.2	ERR485020.79586	94.231	52	3	0	1	52	52	1	7.12e-16	86.1
SRR9860122.2	ERR485020.955011	94.000	50	3	0	1	50	51	100	9.21e-15	82.4
SRR9860122.2	ERR485020.1683033	97.727	44	1	0	1	44	54	97	1.19e-13	78.7
SRR9860122.2	ERR485020.1152574	97.727	44	1	0	1	44	49	6	1.19e-13	78.7
SRR9860122.2	ERR485020.877450	97.727	44	1	0	1	44	53	96	1.19e-13	78.7
SRR9860122.2	ERR485020.768009	97.727	44	1	0	1	44	48	5	1.19e-13	78.7
SRR9860122.2	ERR485020.554342	97.727	44	1	0	1	44	49	6	1.19e-13	78.7
SRR9860122.2	ERR485020.492301	97.727	44	1	0	1	44	54	97	1.19e-13	78.7
SRR9860122.2	ERR485020.475102	97.727	44	1	0	1	44	46	3	1.19e-13	78.7
SRR9860122.2	ERR485020.371860	97.727	44	1	0	1	44	55	98	1.19e-13	78.7
SRR9860122.2	ERR485020.318374	97.727	44	1	0	1	44	56	99	1.19e-13	78.7
SRR9860122.2	ERR485020.230404	97.727	44	1	0	1	44	49	6	1.19e-13	78.7
SRR9860122.2	ERR485020.1707804	97.674	43	1	0	1	43	58	100	4.29e-13	76.8
SRR9860122.2	ERR485020.1139183	97.674	43	1	0	1	43	43	1	4.29e-13	76.8
SRR9860122.2	ERR485020.1054125	97.674	43	1	0	1	43	43	1	4.29e-13	76.8
SRR9860122.2	ERR485020.873236	97.561	41	1	0	1	41	41	1	5.54e-12	73.1
SRR9860122.2	ERR485020.1642813	97.500	40	1	0	1	40	40	1	1.99e-11	71.3
SRR9860122.2	ERR485020.900238	97.500	40	1	0	1	40	40	1	1.99e-11	71.3
SRR9860122.2	ERR485020.1444527	97.436	39	1	0	1	39	39	1	7.17e-11	69.4
SRR9860122.2	ERR485020.1203735	97.436	39	1	0	1	39	62	100	7.17e-11	69.4
SRR9860122.2	ERR485020.1716406	97.368	38	1	0	1	38	63	100	2.58e-10	67.6
SRR9860122.2	ERR485020.1244638	97.368	38	1	0	1	38	63	100	2.58e-10	67.6
SRR9860122.2	ERR485020.1367199	97.297	37	1	0	1	37	37	1	9.28e-10	65.8
SRR9860122.2	ERR485020.824880	97.297	37	1	0	1	37	37	1	9.28e-10	65.8
SRR9860122.2	ERR485020.320098	97.297	37	1	0	1	37	37	1	9.28e-10	65.8
SRR9860122.2	ERR485020.131628	97.297	37	1	0	1	37	37	1	9.28e-10	65.8
SRR9860122.2	ERR485020.1263044	97.222	36	1	0	1	36	36	1	3.34e-09	63.9
SRR9860122.2	ERR485020.545740	97.222	36	1	0	1	36	65	100	3.34e-09	63.9
SRR9860122.2	ERR485020.487844	97.222	36	1	0	1	36	36	1	3.34e-09	63.9
SRR9860122.2	ERR485020.194357	97.222	36	1	0	1	36	36	1	3.34e-09	63.9
SRR9860122.2	ERR485020.1072190	97.143	35	1	0	1	35	66	100	1.20e-08	62.1
SRR9860122.2	ERR485020.1725151	97.059	34	1	0	1	34	67	100	4.32e-08	60.2
SRR9860122.2	ERR485020.1337391	97.059	34	1	0	1	34	67	100	4.32e-08	60.2
SRR9860122.2	ERR485020.1311674	97.059	34	1	0	1	34	34	1	4.32e-08	60.2
SRR9860122.2	ERR485020.1310489	97.059	34	1	0	1	34	67	100	4.32e-08	60.2
SRR9860122.2	ERR485020.1277194	97.059	34	1	0	1	34	67	100	4.32e-08	60.2
SRR9860122.2	ERR485020.270515	97.059	34	1	0	1	34	34	1	4.32e-08	60.2
SRR9860122.2	ERR485020.207581	97.059	34	1	0	1	34	34	1	4.32e-08	60.2
SRR9860122.2	ERR485020.268813	96.875	32	1	0	1	32	32	1	5.58e-07	56.5
SRR9860122.2	ERR485020.593851	96.774	31	1	0	1	31	70	100	2.01e-06	54.7
SRR9860122.2	ERR485020.1454115	100.000	28	0	0	1	28	29	2	7.22e-06	52.8
SRR9860122.2	ERR485020.988401	100.000	28	0	0	1	28	28	1	7.22e-06	52.8
SRR9860122.2	ERR485020.902339	100.000	28	0	0	1	28	72	99	7.22e-06	52.8
SRR9860122.2	ERR485020.850710	100.000	28	0	0	1	28	30	3	7.22e-06	52.8
SRR9860122.2	ERR485020.342575	100.000	28	0	0	1	28	71	98	7.22e-06	52.8
SRR9860122.2	ERR485020.94727	100.000	28	0	0	1	28	28	1	7.22e-06	52.8
SRR9860122.2	ERR485020.1716406	91.000	100	9	0	136	235	1	100	2.48e-35	150
SRR9860122.2	ERR485020.1706191	91.000	100	9	0	136	235	1	100	2.48e-35	150
SRR9860122.2	ERR485020.1432935	91.000	100	9	0	150	249	100	1	2.48e-35	150
SRR9860122.2	ERR485020.1247825	91.000	100	9	0	148	247	100	1	2.48e-35	150
SRR9860122.2	ERR485020.686391	91.000	100	9	0	150	249	100	1	2.48e-35	150
SRR9860122.2	ERR485020.1185810	90.909	99	9	0	152	250	100	2	8.92e-35	148
SRR9860122.2	ERR485020.1105803	90.909	99	9	0	148	246	99	1	8.92e-35	148
SRR9860122.2	ERR485020.1033477	90.909	99	9	0	148	246	99	1	8.92e-35	148
SRR9860122.2	ERR485020.1016131	90.909	99	9	0	148	246	2	100	8.92e-35	148
SRR9860122.2	ERR485020.342575	90.909	99	9	0	152	250	1	99	8.92e-35	148
SRR9860122.2	ERR485020.1600219	90.000	100	10	0	140	239	1	100	3.21e-34	147
SRR9860122.2	ERR485020.1419483	90.000	100	10	0	139	238	1	100	3.21e-34	147
SRR9860122.2	ERR485020.1396673	90.816	98	9	0	148	245	98	1	3.21e-34	147
SRR9860122.2	ERR485020.1092177	90.816	98	9	0	138	235	1	98	3.21e-34	147
SRR9860122.2	ERR485020.1009907	90.816	98	9	0	138	235	1	98	3.21e-34	147
SRR9860122.2	ERR485020.747169	90.000	100	10	0	139	238	1	100	3.21e-34	147
SRR9860122.2	ERR485020.608487	90.816	98	9	0	148	245	3	100	3.21e-34	147
SRR9860122.2	ERR485020.318374	90.000	100	10	0	139	238	1	100	3.21e-34	147
SRR9860122.2	ERR485020.274569	90.816	98	9	0	153	250	100	3	3.21e-34	147
SRR9860122.2	ERR485020.190386	90.000	100	10	0	142	241	1	100	3.21e-34	147
SRR9860122.2	ERR485020.1459242	90.722	97	9	0	139	235	97	1	1.15e-33	145
SRR9860122.2	ERR485020.1052315	91.579	95	8	0	148	242	96	2	1.15e-33	145
SRR9860122.2	ERR485020.927329	91.579	95	8	0	148	242	6	100	1.15e-33	145
SRR9860122.2	ERR485020.313891	91.579	95	8	0	148	242	5	99	1.15e-33	145
SRR9860122.2	ERR485020.1581049	89.000	100	11	0	140	239	1	100	1.49e-32	141
SRR9860122.2	ERR485020.1244638	90.526	95	9	0	156	250	1	95	1.49e-32	141
SRR9860122.2	ERR485020.1105231	89.000	100	11	0	139	238	100	1	1.49e-32	141
SRR9860122.2	ERR485020.904984	89.000	100	11	0	141	240	100	1	1.49e-32	141
SRR9860122.2	ERR485020.736904	89.796	98	10	0	138	235	100	3	1.49e-32	141
SRR9860122.2	ERR485020.451328	89.000	100	11	0	141	240	100	1	1.49e-32	141
SRR9860122.2	ERR485020.115853	89.000	100	11	0	142	241	100	1	1.49e-32	141
SRR9860122.2	ERR485020.656609	89.691	97	10	0	139	235	99	3	5.37e-32	139
SRR9860122.2	ERR485020.530895	90.426	94	9	0	157	250	1	94	5.37e-32	139
SRR9860122.2	ERR485020.1663982	92.941	85	6	0	166	250	2	86	6.94e-31	135
SRR9860122.2	ERR485020.1594046	92.941	85	6	0	166	250	5	89	6.94e-31	135
SRR9860122.2	ERR485020.1549898	92.941	85	6	0	166	250	97	13	6.94e-31	135
SRR9860122.2	ERR485020.1517758	92.941	85	6	0	166	250	8	92	6.94e-31	135
SRR9860122.2	ERR485020.1498585	92.941	85	6	0	166	250	6	90	6.94e-31	135
SRR9860122.2	ERR485020.1326003	92.941	85	6	0	166	250	93	9	6.94e-31	135
SRR9860122.2	ERR485020.1119534	92.941	85	6	0	166	250	8	92	6.94e-31	135
SRR9860122.2	ERR485020.768102	92.941	85	6	0	166	250	6	90	6.94e-31	135
SRR9860122.2	ERR485020.753825	92.941	85	6	0	166	250	8	92	6.94e-31	135
SRR9860122.2	ERR485020.661461	92.941	85	6	0	166	250	96	12	6.94e-31	135
SRR9860122.2	ERR485020.247527	92.941	85	6	0	166	250	7	91	6.94e-31	135
SRR9860122.2	ERR485020.242058	92.941	85	6	0	166	250	99	15	6.94e-31	135
SRR9860122.2	ERR485020.191868	92.941	85	6	0	166	250	94	10	6.94e-31	135
SRR9860122.2	ERR485020.109334	92.941	85	6	0	166	250	6	90	6.94e-31	135
SRR9860122.2	ERR485020.362602	89.362	94	10	0	157	250	1	94	2.50e-30	134
SRR9860122.2	ERR485020.433812	92.771	83	6	0	168	250	100	18	8.98e-30	132
SRR9860122.2	ERR485020.1714598	92.683	82	6	0	169	250	90	9	3.23e-29	130
SRR9860122.2	ERR485020.1295049	91.765	85	7	0	166	250	89	5	3.23e-29	130
SRR9860122.2	ERR485020.1181542	91.765	85	7	0	166	250	97	13	3.23e-29	130
SRR9860122.2	ERR485020.165133	92.683	82	6	0	169	250	93	12	3.23e-29	130
SRR9860122.2	ERR485020.1635068	92.593	81	6	0	170	250	1	81	1.16e-28	128
SRR9860122.2	ERR485020.189942	92.500	80	6	0	171	250	1	80	4.18e-28	126
SRR9860122.2	ERR485020.877450	90.588	85	8	0	166	250	14	98	1.50e-27	124
SRR9860122.2	ERR485020.840555	90.588	85	8	0	166	250	2	86	1.50e-27	124
SRR9860122.2	ERR485020.359934	90.588	85	8	0	166	250	89	5	1.50e-27	124
SRR9860122.2	ERR485020.315391	92.405	79	6	0	172	250	100	22	1.50e-27	124
SRR9860122.2	ERR485020.251201	92.405	79	6	0	172	250	1	79	1.50e-27	124
SRR9860122.2	ERR485020.1200882	92.308	78	6	0	173	250	1	78	5.40e-27	122
SRR9860122.2	ERR485020.1287636	85.859	99	14	0	148	246	99	1	1.94e-26	121
SRR9860122.2	ERR485020.737968	92.208	77	6	0	174	250	100	24	1.94e-26	121
SRR9860122.2	ERR485020.92917	85.859	99	14	0	148	246	99	1	1.94e-26	121
SRR9860122.2	ERR485020.484446	92.105	76	6	0	175	250	100	25	6.99e-26	119
SRR9860122.2	ERR485020.655868	92.000	75	6	0	176	250	1	75	2.51e-25	117
SRR9860122.2	ERR485020.1342679	91.781	73	6	0	178	250	100	28	3.25e-24	113
SRR9860122.2	ERR485020.783352	91.781	73	6	0	178	250	1	73	3.25e-24	113
SRR9860122.2	ERR485020.617200	91.781	73	6	0	178	250	99	27	3.25e-24	113
SRR9860122.2	ERR485020.438660	89.024	82	9	0	169	250	94	13	3.25e-24	113
SRR9860122.2	ERR485020.1137695	91.667	72	6	0	179	250	1	72	1.17e-23	111
SRR9860122.2	ERR485020.747169	90.667	75	7	0	176	250	97	23	1.17e-23	111
SRR9860122.2	ERR485020.613178	91.667	72	6	0	179	250	100	29	1.17e-23	111
SRR9860122.2	ERR485020.492301	91.667	72	6	0	179	250	1	72	1.17e-23	111
SRR9860122.2	ERR485020.1581088	91.549	71	6	0	180	250	100	30	4.21e-23	110
SRR9860122.2	ERR485020.1248154	91.549	71	6	0	180	250	1	71	4.21e-23	110
SRR9860122.2	ERR485020.1725512	93.846	65	4	0	186	250	97	33	5.44e-22	106
SRR9860122.2	ERR485020.1706191	93.846	65	4	0	186	250	96	32	5.44e-22	106
SRR9860122.2	ERR485020.1436445	93.846	65	4	0	186	250	95	31	5.44e-22	106
SRR9860122.2	ERR485020.1391947	93.846	65	4	0	186	250	95	31	5.44e-22	106
SRR9860122.2	ERR485020.1097340	93.846	65	4	0	186	250	93	29	5.44e-22	106
SRR9860122.2	ERR485020.1072190	93.846	65	4	0	186	250	1	65	5.44e-22	106
SRR9860122.2	ERR485020.1012329	93.846	65	4	0	186	250	2	66	5.44e-22	106
SRR9860122.2	ERR485020.919840	93.846	65	4	0	186	250	2	66	5.44e-22	106
SRR9860122.2	ERR485020.895904	93.846	65	4	0	186	250	95	31	5.44e-22	106
SRR9860122.2	ERR485020.639342	93.846	65	4	0	186	250	1	65	5.44e-22	106
SRR9860122.2	ERR485020.377214	93.846	65	4	0	186	250	6	70	5.44e-22	106
SRR9860122.2	ERR485020.313891	93.846	65	4	0	186	250	97	33	5.44e-22	106
SRR9860122.2	ERR485020.1157080	93.750	64	4	0	187	250	1	64	1.96e-21	104
SRR9860122.2	ERR485020.720816	93.750	64	4	0	187	250	1	64	1.96e-21	104
SRR9860122.2	ERR485020.1638065	93.651	63	4	0	188	250	100	38	7.04e-21	102
SRR9860122.2	ERR485020.1498031	93.651	63	4	0	188	250	1	63	7.04e-21	102
SRR9860122.2	ERR485020.1718622	93.443	61	4	0	190	250	1	61	9.11e-20	99.0
SRR9860122.2	ERR485020.994234	92.308	65	4	1	186	250	5	68	9.11e-20	99.0
SRR9860122.2	ERR485020.160184	93.443	61	4	0	190	250	1	61	9.11e-20	99.0
SRR9860122.2	ERR485020.1504470	93.333	60	4	0	191	250	1	60	3.28e-19	97.1
SRR9860122.2	ERR485020.1052088	93.333	60	4	0	191	250	100	41	3.28e-19	97.1
SRR9860122.2	ERR485020.221435	93.103	58	4	0	193	250	100	43	4.24e-18	93.5
SRR9860122.2	ERR485020.593851	92.857	56	4	0	195	250	1	56	5.48e-17	89.8
SRR9860122.2	ERR485020.1388120	92.727	55	4	0	196	250	1	55	1.97e-16	87.9
SRR9860122.2	ERR485020.1009080	92.593	54	4	0	197	250	100	47	7.09e-16	86.1
SRR9860122.2	ERR485020.1089616	94.118	51	3	0	200	250	98	48	2.55e-15	84.2
SRR9860122.2	ERR485020.276295	94.118	51	3	0	200	250	2	52	2.55e-15	84.2
SRR9860122.2	ERR485020.1725151	94.000	50	3	0	201	250	1	50	9.17e-15	82.4
SRR9860122.2	ERR485020.1419483	94.000	50	3	0	201	250	100	51	9.17e-15	82.4
SRR9860122.2	ERR485020.1361336	94.000	50	3	0	201	250	100	51	9.17e-15	82.4
SRR9860122.2	ERR485020.955011	94.000	50	3	0	201	250	1	50	9.17e-15	82.4
SRR9860122.2	ERR485020.783352	94.000	50	3	0	201	250	100	51	9.17e-15	82.4
SRR9860122.2	ERR485020.608487	93.878	49	3	0	202	250	100	52	3.30e-14	80.5
SRR9860122.2	ERR485020.476861	93.878	49	3	0	202	250	100	52	3.30e-14	80.5
SRR9860122.2	ERR485020.1275234	93.617	47	3	0	204	250	100	54	4.27e-13	76.8
SRR9860122.2	ERR485020.1110852	93.478	46	3	0	205	250	100	55	1.53e-12	75.0
SRR9860122.2	ERR485020.1707804	95.349	43	2	0	208	250	2	44	5.52e-12	73.1
SRR9860122.3	ERR485020.1723927	95.000	100	5	0	127	226	100	1	8.85e-40	165
SRR9860122.3	ERR485020.1433974	95.000	100	5	0	124	223	1	100	8.85e-40	165
SRR9860122.3	ERR485020.1097969	95.000	100	5	0	126	225	100	1	8.85e-40	165
SRR9860122.3	ERR485020.882704	95.000	100	5	0	127	226	100	1	8.85e-40	165
SRR9860122.3	ERR485020.599392	95.000	100	5	0	127	226	1	100	8.85e-40	165
SRR9860122.3	ERR485020.444201	95.000	100	5	0	124	223	1	100	8.85e-40	165
SRR9860122.3	ERR485020.394959	95.000	100	5	0	127	226	100	1	8.85e-40	165
SRR9860122.3	ERR485020.61669	95.000	100	5	0	127	226	1	100	8.85e-40	165
SRR9860122.3	ERR485020.61637	95.000	100	5	0	124	223	1	100	8.85e-40	165
SRR9860122.3	ERR485020.61631	95.000	100	5	0	124	223	1	100	8.85e-40	165
SRR9860122.3	ERR485020.5075	95.000	100	5	0	128	227	100	1	8.85e-40	165
SRR9860122.3	ERR485020.5046	95.000	100	5	0	124	223	1	100	8.85e-40	165
SRR9860122.3	ERR485020.5045	95.000	100	5	0	127	226	1	100	8.85e-40	165
SRR9860122.3	ERR485020.4862	95.000	100	5	0	124	223	1	100	8.85e-40	165
SRR9860122.3	ERR485020.4860	95.000	100	5	0	128	227	1	100	8.85e-40	165
SRR9860122.3	ERR485020.4859	95.000	100	5	0	128	227	1	100	8.85e-40	165
SRR9860122.3	ERR485020.98	95.000	100	5	0	124	223	1	100	8.85e-40	165
SRR9860122.3	ERR485020.97	95.000	100	5	0	125	224	1	100	8.85e-40	165
SRR9860122.3	ERR485020.1720686	94.000	100	6	0	106	205	1	100	3.18e-39	163
SRR9860122.3	ERR485020.1672373	94.000	100	6	0	102	201	1	100	3.18e-39	163
SRR9860122.3	ERR485020.1655543	94.000	100	6	0	110	209	100	1	3.18e-39	163
SRR9860122.3	ERR485020.1646200	94.000	100	6	0	109	208	1	100	3.18e-39	163
SRR9860122.3	ERR485020.1618999	94.000	100	6	0	105	204	100	1	3.18e-39	163
SRR9860122.3	ERR485020.1595865	95.876	97	4	0	131	227	98	2	3.18e-39	163
SRR9860122.3	ERR485020.1543438	95.876	97	4	0	131	227	98	2	3.18e-39	163
SRR9860122.3	ERR485020.1486305	94.000	100	6	0	104	203	100	1	3.18e-39	163
SRR9860122.3	ERR485020.1481724	94.000	100	6	0	109	208	1	100	3.18e-39	163
SRR9860122.3	ERR485020.1480501	94.949	99	5	0	124	222	2	100	3.18e-39	163
SRR9860122.3	ERR485020.1459267	94.000	100	6	0	104	203	1	100	3.18e-39	163
SRR9860122.3	ERR485020.1444513	94.000	100	6	0	107	206	1	100	3.18e-39	163
SRR9860122.3	ERR485020.1434666	94.000	100	6	0	103	202	1	100	3.18e-39	163
SRR9860122.3	ERR485020.1427919	95.876	97	4	0	131	227	98	2	3.18e-39	163
SRR9860122.3	ERR485020.1411475	94.000	100	6	0	106	205	1	100	3.18e-39	163
SRR9860122.3	ERR485020.1405825	94.000	100	6	0	107	206	1	100	3.18e-39	163
SRR9860122.3	ERR485020.1401826	94.000	100	6	0	103	202	1	100	3.18e-39	163
SRR9860122.3	ERR485020.1397174	94.000	100	6	0	105	204	100	1	3.18e-39	163
SRR9860122.3	ERR485020.1396213	94.000	100	6	0	108	207	1	100	3.18e-39	163
SRR9860122.3	ERR485020.1395537	94.000	100	6	0	108	207	1	100	3.18e-39	163
SRR9860122.3	ERR485020.1357073	94.000	100	6	0	96	195	100	1	3.18e-39	163
SRR9860122.3	ERR485020.1312042	94.000	100	6	0	105	204	1	100	3.18e-39	163
SRR9860122.3	ERR485020.1292617	95.876	97	4	0	131	227	99	3	3.18e-39	163
SRR9860122.3	ERR485020.1277691	94.000	100	6	0	109	208	1	100	3.18e-39	163
SRR9860122.3	ERR485020.1246781	94.000	100	6	0	109	208	1	100	3.18e-39	163
SRR9860122.3	ERR485020.1223753	94.000	100	6	0	105	204	100	1	3.18e-39	163
SRR9860122.3	ERR485020.1191831	94.000	100	6	0	103	202	1	100	3.18e-39	163
SRR9860122.3	ERR485020.1186287	94.000	100	6	0	96	195	100	1	3.18e-39	163
SRR9860122.3	ERR485020.1172871	94.000	100	6	0	106	205	100	1	3.18e-39	163
SRR9860122.3	ERR485020.1170925	94.000	100	6	0	107	206	1	100	3.18e-39	163
SRR9860122.3	ERR485020.1170659	94.000	100	6	0	109	208	1	100	3.18e-39	163
SRR9860122.3	ERR485020.1168345	94.949	99	5	0	124	222	99	1	3.18e-39	163
SRR9860122.3	ERR485020.1156908	94.000	100	6	0	103	202	1	100	3.18e-39	163
SRR9860122.3	ERR485020.984856	94.000	100	6	0	104	203	100	1	3.18e-39	163
SRR9860122.3	ERR485020.974953	94.000	100	6	0	96	195	100	1	3.18e-39	163
SRR9860122.3	ERR485020.970386	95.876	97	4	0	131	227	98	2	3.18e-39	163
SRR9860122.3	ERR485020.963332	94.000	100	6	0	107	206	1	100	3.18e-39	163
SRR9860122.3	ERR485020.955590	95.876	97	4	0	131	227	98	2	3.18e-39	163
SRR9860122.3	ERR485020.946381	94.000	100	6	0	102	201	1	100	3.18e-39	163
SRR9860122.3	ERR485020.927240	94.000	100	6	0	109	208	1	100	3.18e-39	163
SRR9860122.3	ERR485020.923658	94.000	100	6	0	108	207	100	1	3.18e-39	163
SRR9860122.3	ERR485020.913765	94.000	100	6	0	103	202	1	100	3.18e-39	163
SRR9860122.3	ERR485020.898235	95.876	97	4	0	131	227	98	2	3.18e-39	163
SRR9860122.3	ERR485020.874379	95.876	97	4	0	131	227	99	3	3.18e-39	163
SRR9860122.3	ERR485020.642338	94.000	100	6	0	105	204	1	100	3.18e-39	163
SRR9860122.3	ERR485020.621446	94.000	100	6	0	106	205	1	100	3.18e-39	163
SRR9860122.3	ERR485020.599615	94.000	100	6	0	109	208	100	1	3.18e-39	163
SRR9860122.3	ERR485020.566149	94.000	100	6	0	108	207	1	100	3.18e-39	163
SRR9860122.3	ERR485020.544580	94.000	100	6	0	105	204	1	100	3.18e-39	163
SRR9860122.3	ERR485020.515061	94.000	100	6	0	102	201	100	1	3.18e-39	163
SRR9860122.3	ERR485020.475221	94.000	100	6	0	107	206	100	1	3.18e-39	163
SRR9860122.3	ERR485020.470547	94.000	100	6	0	103	202	100	1	3.18e-39	163
SRR9860122.3	ERR485020.460278	94.000	100	6	0	102	201	100	1	3.18e-39	163
SRR9860122.3	ERR485020.453974	94.000	100	6	0	106	205	1	100	3.18e-39	163
SRR9860122.3	ERR485020.435729	94.000	100	6	0	102	201	100	1	3.18e-39	163
SRR9860122.3	ERR485020.430607	94.000	100	6	0	107	206	100	1	3.18e-39	163
SRR9860122.3	ERR485020.365664	94.000	100	6	0	109	208	1	100	3.18e-39	163
SRR9860122.3	ERR485020.340072	94.000	100	6	0	107	206	1	100	3.18e-39	163
SRR9860122.3	ERR485020.339663	94.000	100	6	0	107	206	100	1	3.18e-39	163
SRR9860122.3	ERR485020.338296	94.000	100	6	0	104	203	1	100	3.18e-39	163
SRR9860122.3	ERR485020.317254	94.000	100	6	0	105	204	100	1	3.18e-39	163
SRR9860122.3	ERR485020.311393	95.876	97	4	0	131	227	99	3	3.18e-39	163
SRR9860122.3	ERR485020.268259	94.000	100	6	0	106	205	100	1	3.18e-39	163
SRR9860122.3	ERR485020.254913	95.876	97	4	0	131	227	99	3	3.18e-39	163
SRR9860122.3	ERR485020.110820	94.000	100	6	0	102	201	1	100	3.18e-39	163
SRR9860122.3	ERR485020.61633	94.949	99	5	0	124	222	2	100	3.18e-39	163
SRR9860122.3	ERR485020.5077	94.949	99	5	0	124	222	2	100	3.18e-39	163
SRR9860122.3	ERR485020.4866	94.000	100	6	0	110	209	1	100	3.18e-39	163
SRR9860122.3	ERR485020.99	94.949	99	5	0	124	222	2	100	3.18e-39	163
SRR9860122.3	ERR485020.96	95.876	97	4	0	131	227	1	97	3.18e-39	163
SRR9860122.3	ERR485020.1565368	93.939	99	6	0	111	209	1	99	1.15e-38	161
SRR9860122.3	ERR485020.1525874	95.833	96	4	0	132	227	100	5	1.15e-38	161
SRR9860122.3	ERR485020.1252663	93.939	99	6	0	102	200	99	1	1.15e-38	161
SRR9860122.3	ERR485020.1108685	95.833	96	4	0	132	227	1	96	1.15e-38	161
SRR9860122.3	ERR485020.997532	93.939	99	6	0	111	209	100	2	1.15e-38	161
SRR9860122.3	ERR485020.892013	93.939	99	6	0	111	209	100	2	1.15e-38	161
SRR9860122.3	ERR485020.841174	93.939	99	6	0	97	195	100	2	1.15e-38	161
SRR9860122.3	ERR485020.786756	93.939	99	6	0	111	209	100	2	1.15e-38	161
SRR9860122.3	ERR485020.704289	94.898	98	5	0	124	221	98	1	1.15e-38	161
SRR9860122.3	ERR485020.667979	95.833	96	4	0	132	227	1	96	1.15e-38	161
SRR9860122.3	ERR485020.653534	95.833	96	4	0	132	227	1	96	1.15e-38	161
SRR9860122.3	ERR485020.550393	93.939	99	6	0	102	200	2	100	1.15e-38	161
SRR9860122.3	ERR485020.440407	95.833	96	4	0	132	227	1	96	1.15e-38	161
SRR9860122.3	ERR485020.266137	93.939	99	6	0	97	195	100	2	1.15e-38	161
SRR9860122.3	ERR485020.174101	95.833	96	4	0	132	227	1	96	1.15e-38	161
SRR9860122.3	ERR485020.140626	94.898	98	5	0	124	221	98	1	1.15e-38	161
SRR9860122.3	ERR485020.127084	95.833	96	4	0	132	227	1	96	1.15e-38	161
SRR9860122.3	ERR485020.122745	93.939	99	6	0	97	195	100	2	1.15e-38	161
SRR9860122.3	ERR485020.61666	95.833	96	4	0	132	227	1	96	1.15e-38	161
SRR9860122.3	ERR485020.61627	93.939	99	6	0	102	200	99	1	1.15e-38	161
SRR9860122.3	ERR485020.5080	95.833	96	4	0	132	227	1	96	1.15e-38	161
SRR9860122.3	ERR485020.5043	95.833	96	4	0	132	227	1	96	1.15e-38	161
SRR9860122.3	ERR485020.4868	95.833	96	4	0	132	227	100	5	1.15e-38	161
SRR9860122.3	ERR485020.100	94.898	98	5	0	124	221	3	100	1.15e-38	161
SRR9860122.3	ERR485020.94	95.833	96	4	0	132	227	1	96	1.15e-38	161
SRR9860122.3	ERR485020.1712467	93.878	98	6	0	98	195	100	3	4.12e-38	159
SRR9860122.3	ERR485020.1699469	93.000	100	7	0	99	198	100	1	4.12e-38	159
SRR9860122.3	ERR485020.1693395	93.878	98	6	0	98	195	100	3	4.12e-38	159
SRR9860122.3	ERR485020.1671641	93.878	98	6	0	112	209	100	3	4.12e-38	159
SRR9860122.3	ERR485020.1639155	93.878	98	6	0	98	195	100	3	4.12e-38	159
SRR9860122.3	ERR485020.1610783	93.878	98	6	0	102	199	3	100	4.12e-38	159
SRR9860122.3	ERR485020.1469286	93.878	98	6	0	98	195	100	3	4.12e-38	159
SRR9860122.3	ERR485020.1398545	94.845	97	5	0	124	220	97	1	4.12e-38	159
SRR9860122.3	ERR485020.1395537	95.789	95	4	0	133	227	100	6	4.12e-38	159
SRR9860122.3	ERR485020.1381234	93.878	98	6	0	102	199	98	1	4.12e-38	159
SRR9860122.3	ERR485020.1352932	95.789	95	4	0	133	227	100	6	4.12e-38	159
SRR9860122.3	ERR485020.1245985	93.878	98	6	0	109	206	98	1	4.12e-38	159
SRR9860122.3	ERR485020.1223578	93.878	98	6	0	98	195	100	3	4.12e-38	159
SRR9860122.3	ERR485020.1193402	93.878	98	6	0	102	199	98	1	4.12e-38	159
SRR9860122.3	ERR485020.938048	94.845	97	5	0	124	220	4	100	4.12e-38	159
SRR9860122.3	ERR485020.644720	95.789	95	4	0	133	227	100	6	4.12e-38	159
SRR9860122.3	ERR485020.635767	93.878	98	6	0	112	209	1	98	4.12e-38	159
SRR9860122.3	ERR485020.578955	93.000	100	7	0	99	198	100	1	4.12e-38	159
SRR9860122.3	ERR485020.521675	93.000	100	7	0	99	198	1	100	4.12e-38	159
SRR9860122.3	ERR485020.432276	94.845	97	5	0	124	220	97	1	4.12e-38	159
SRR9860122.3	ERR485020.409942	94.845	97	5	0	124	220	97	1	4.12e-38	159
SRR9860122.3	ERR485020.311393	93.878	98	6	0	102	199	3	100	4.12e-38	159
SRR9860122.3	ERR485020.61630	94.845	97	5	0	124	220	4	100	4.12e-38	159
SRR9860122.3	ERR485020.61629	95.789	95	4	0	133	227	1	95	4.12e-38	159
SRR9860122.3	ERR485020.5093	93.878	98	6	0	112	209	1	98	4.12e-38	159
SRR9860122.3	ERR485020.5079	94.845	97	5	0	124	220	4	100	4.12e-38	159
SRR9860122.3	ERR485020.5048	93.878	98	6	0	112	209	1	98	4.12e-38	159
SRR9860122.3	ERR485020.95	95.789	95	4	0	132	226	1	95	4.12e-38	159
SRR9860122.3	ERR485020.1707213	93.814	97	6	0	113	209	1	97	1.48e-37	158
SRR9860122.3	ERR485020.1690133	93.000	100	7	0	117	216	100	1	1.48e-37	158
SRR9860122.3	ERR485020.1646501	93.814	97	6	0	113	209	1	97	1.48e-37	158
SRR9860122.3	ERR485020.1645285	95.745	94	4	0	134	227	100	7	1.48e-37	158
SRR9860122.3	ERR485020.1563786	93.000	100	7	0	115	214	100	1	1.48e-37	158
SRR9860122.3	ERR485020.1517307	93.814	97	6	0	113	209	1	97	1.48e-37	158
SRR9860122.3	ERR485020.1510876	93.000	100	7	0	117	216	100	1	1.48e-37	158
SRR9860122.3	ERR485020.1348035	94.792	96	5	0	124	219	96	1	1.48e-37	158
SRR9860122.3	ERR485020.1179788	93.000	100	7	0	114	213	100	1	1.48e-37	158
SRR9860122.3	ERR485020.1124537	93.000	100	7	0	115	214	100	1	1.48e-37	158
SRR9860122.3	ERR485020.1056171	93.000	100	7	0	113	212	100	1	1.48e-37	158
SRR9860122.3	ERR485020.936638	94.792	96	5	0	124	219	96	1	1.48e-37	158
SRR9860122.3	ERR485020.817067	93.000	100	7	0	114	213	100	1	1.48e-37	158
SRR9860122.3	ERR485020.726652	93.000	100	7	0	117	216	100	1	1.48e-37	158
SRR9860122.3	ERR485020.642193	94.792	96	5	0	124	219	96	1	1.48e-37	158
SRR9860122.3	ERR485020.487904	93.000	100	7	0	113	212	100	1	1.48e-37	158
SRR9860122.3	ERR485020.471200	93.000	100	7	0	115	214	100	1	1.48e-37	158
SRR9860122.3	ERR485020.379951	95.745	94	4	0	134	227	1	94	1.48e-37	158
SRR9860122.3	ERR485020.322738	93.939	99	6	0	124	222	2	100	1.48e-37	158
SRR9860122.3	ERR485020.221737	95.745	94	4	0	134	227	100	7	1.48e-37	158
SRR9860122.3	ERR485020.160937	93.939	99	6	0	127	225	1	99	1.48e-37	158
SRR9860122.3	ERR485020.61661	93.000	100	7	0	117	216	1	100	1.48e-37	158
SRR9860122.3	ERR485020.5086	93.000	100	7	0	116	215	1	100	1.48e-37	158
SRR9860122.3	ERR485020.5083	93.814	97	6	0	113	209	1	97	1.48e-37	158
SRR9860122.3	ERR485020.5050	93.000	100	7	0	114	213	100	1	1.48e-37	158
SRR9860122.3	ERR485020.5047	93.000	100	7	0	117	216	1	100	1.48e-37	158
SRR9860122.3	ERR485020.4865	93.000	100	7	0	117	216	1	100	1.48e-37	158
SRR9860122.3	ERR485020.4864	94.792	96	5	0	124	219	5	100	1.48e-37	158
SRR9860122.3	ERR485020.4863	94.792	96	5	0	124	219	5	100	1.48e-37	158
SRR9860122.3	ERR485020.4858	95.745	94	4	0	134	227	1	94	1.48e-37	158
SRR9860122.3	ERR485020.4857	95.745	94	4	0	134	227	1	94	1.48e-37	158
SRR9860122.3	ERR485020.102	93.000	100	7	0	116	215	1	100	1.48e-37	158
SRR9860122.3	ERR485020.1483627	93.000	100	7	0	146	245	1	100	5.33e-37	156
SRR9860122.3	ERR485020.1471165	93.000	100	7	0	147	246	100	1	5.33e-37	156
SRR9860122.3	ERR485020.1401826	93.000	100	7	0	148	247	100	1	5.33e-37	156
SRR9860122.3	ERR485020.1361434	95.699	93	4	0	135	227	100	8	5.33e-37	156
SRR9860122.3	ERR485020.1316334	93.000	100	7	0	150	249	1	100	5.33e-37	156
SRR9860122.3	ERR485020.1304869	95.699	93	4	0	135	227	1	93	5.33e-37	156
SRR9860122.3	ERR485020.1258630	93.000	100	7	0	146	245	100	1	5.33e-37	156
SRR9860122.3	ERR485020.1174934	93.000	100	7	0	151	250	100	1	5.33e-37	156
SRR9860122.3	ERR485020.1144591	93.000	100	7	0	148	247	100	1	5.33e-37	156
SRR9860122.3	ERR485020.896756	93.000	100	7	0	151	250	1	100	5.33e-37	156
SRR9860122.3	ERR485020.888226	93.000	100	7	0	150	249	100	1	5.33e-37	156
SRR9860122.3	ERR485020.787277	93.000	100	7	0	149	248	100	1	5.33e-37	156
SRR9860122.3	ERR485020.711772	93.000	100	7	0	146	245	100	1	5.33e-37	156
SRR9860122.3	ERR485020.709565	95.699	93	4	0	135	227	1	93	5.33e-37	156
SRR9860122.3	ERR485020.698219	93.000	100	7	0	151	250	100	1	5.33e-37	156
SRR9860122.3	ERR485020.673802	95.699	93	4	0	135	227	100	8	5.33e-37	156
SRR9860122.3	ERR485020.673463	93.000	100	7	0	149	248	1	100	5.33e-37	156
SRR9860122.3	ERR485020.673341	93.000	100	7	0	148	247	100	1	5.33e-37	156
SRR9860122.3	ERR485020.646044	95.699	93	4	0	135	227	100	8	5.33e-37	156
SRR9860122.3	ERR485020.612649	93.000	100	7	0	151	250	100	1	5.33e-37	156
SRR9860122.3	ERR485020.591740	94.737	95	5	0	124	218	95	1	5.33e-37	156
SRR9860122.3	ERR485020.556213	93.000	100	7	0	150	249	1	100	5.33e-37	156
SRR9860122.3	ERR485020.524588	93.000	100	7	0	149	248	100	1	5.33e-37	156
SRR9860122.3	ERR485020.495016	95.699	93	4	0	135	227	1	93	5.33e-37	156
SRR9860122.3	ERR485020.469551	93.000	100	7	0	151	250	100	1	5.33e-37	156
SRR9860122.3	ERR485020.337844	93.000	100	7	0	149	248	100	1	5.33e-37	156
SRR9860122.3	ERR485020.302882	94.792	96	5	0	131	226	96	1	5.33e-37	156
SRR9860122.3	ERR485020.244076	93.000	100	7	0	150	249	100	1	5.33e-37	156
SRR9860122.3	ERR485020.237303	94.737	95	5	0	124	218	95	1	5.33e-37	156
SRR9860122.3	ERR485020.224832	93.000	100	7	0	149	248	100	1	5.33e-37	156
SRR9860122.3	ERR485020.171347	93.000	100	7	0	150	249	1	100	5.33e-37	156
SRR9860122.3	ERR485020.110820	93.000	100	7	0	150	249	100	1	5.33e-37	156
SRR9860122.3	ERR485020.61663	93.000	100	7	0	150	249	1	100	5.33e-37	156
SRR9860122.3	ERR485020.61634	95.699	93	4	0	135	227	1	93	5.33e-37	156
SRR9860122.3	ERR485020.5105	93.000	100	7	0	149	248	1	100	5.33e-37	156
SRR9860122.3	ERR485020.5095	95.699	93	4	0	135	227	1	93	5.33e-37	156
SRR9860122.3	ERR485020.5044	93.000	100	7	0	150	249	1	100	5.33e-37	156
SRR9860122.3	ERR485020.5037	93.000	100	7	0	147	246	1	100	5.33e-37	156
SRR9860122.3	ERR485020.4854	93.000	100	7	0	146	245	1	100	5.33e-37	156
SRR9860122.3	ERR485020.4853	93.000	100	7	0	147	246	1	100	5.33e-37	156
SRR9860122.3	ERR485020.4852	93.000	100	7	0	151	250	1	100	5.33e-37	156
SRR9860122.3	ERR485020.101	94.737	95	5	0	124	218	6	100	5.33e-37	156
SRR9860122.3	ERR485020.96	93.000	100	7	0	148	247	100	1	5.33e-37	156
SRR9860122.3	ERR485020.86	93.000	100	7	0	147	246	1	100	5.33e-37	156
SRR9860122.3	ERR485020.85	93.000	100	7	0	151	250	1	100	5.33e-37	156
SRR9860122.3	ERR485020.1710223	92.929	99	7	0	152	250	100	2	1.92e-36	154
SRR9860122.3	ERR485020.1665141	92.929	99	7	0	146	244	99	1	1.92e-36	154
SRR9860122.3	ERR485020.1396287	92.929	99	7	0	146	244	99	1	1.92e-36	154
SRR9860122.3	ERR485020.1334738	92.929	99	7	0	152	250	100	2	1.92e-36	154
SRR9860122.3	ERR485020.1259809	92.929	99	7	0	152	250	1	99	1.92e-36	154
SRR9860122.3	ERR485020.999150	92.929	99	7	0	152	250	100	2	1.92e-36	154
SRR9860122.3	ERR485020.913765	95.652	92	4	0	136	227	100	9	1.92e-36	154
SRR9860122.3	ERR485020.887624	92.929	99	7	0	152	250	100	2	1.92e-36	154
SRR9860122.3	ERR485020.629607	95.652	92	4	0	136	227	100	9	1.92e-36	154
SRR9860122.3	ERR485020.617708	92.929	99	7	0	152	250	1	99	1.92e-36	154
SRR9860122.3	ERR485020.343968	92.929	99	7	0	146	244	2	100	1.92e-36	154
SRR9860122.3	ERR485020.101015	92.929	99	7	0	152	250	100	2	1.92e-36	154
SRR9860122.3	ERR485020.5090	92.929	99	7	0	152	250	1	99	1.92e-36	154
SRR9860122.3	ERR485020.5076	92.929	99	7	0	146	244	99	1	1.92e-36	154
SRR9860122.3	ERR485020.5042	95.652	92	4	0	136	227	1	92	1.92e-36	154
SRR9860122.3	ERR485020.5038	92.929	99	7	0	146	244	2	100	1.92e-36	154
SRR9860122.3	ERR485020.84	92.929	99	7	0	152	250	1	99	1.92e-36	154
SRR9860122.3	ERR485020.1717337	92.857	98	7	0	146	243	98	1	6.89e-36	152
SRR9860122.3	ERR485020.1581092	92.000	100	8	0	141	240	1	100	6.89e-36	152
SRR9860122.3	ERR485020.1246781	95.604	91	4	0	137	227	100	10	6.89e-36	152
SRR9860122.3	ERR485020.1018575	92.000	100	8	0	141	240	100	1	6.89e-36	152
SRR9860122.3	ERR485020.885130	92.000	100	8	0	107	206	100	1	6.89e-36	152
SRR9860122.3	ERR485020.842741	92.000	100	8	0	140	239	100	1	6.89e-36	152
SRR9860122.3	ERR485020.840139	92.000	100	8	0	141	240	100	1	6.89e-36	152
SRR9860122.3	ERR485020.817856	95.604	91	4	0	137	227	100	10	6.89e-36	152
SRR9860122.3	ERR485020.778917	95.604	91	4	0	137	227	100	10	6.89e-36	152
SRR9860122.3	ERR485020.714771	92.857	98	7	0	153	250	100	3	6.89e-36	152
SRR9860122.3	ERR485020.652308	95.604	91	4	0	137	227	100	10	6.89e-36	152
SRR9860122.3	ERR485020.632109	92.000	100	8	0	142	241	1	100	6.89e-36	152
SRR9860122.3	ERR485020.476513	92.000	100	8	0	141	240	100	1	6.89e-36	152
SRR9860122.3	ERR485020.359544	92.000	100	8	0	142	241	1	100	6.89e-36	152
SRR9860122.3	ERR485020.294921	92.857	98	7	0	146	243	98	1	6.89e-36	152
SRR9860122.3	ERR485020.210863	92.000	100	8	0	143	242	100	1	6.89e-36	152
SRR9860122.3	ERR485020.204333	92.857	98	7	0	149	246	3	100	6.89e-36	152
SRR9860122.3	ERR485020.140020	92.000	100	8	0	141	240	1	100	6.89e-36	152
SRR9860122.3	ERR485020.96740	92.000	100	8	0	140	239	1	100	6.89e-36	152
SRR9860122.3	ERR485020.61678	92.000	100	8	0	141	240	1	100	6.89e-36	152
SRR9860122.3	ERR485020.61667	92.000	100	8	0	143	242	1	100	6.89e-36	152
SRR9860122.3	ERR485020.61648	92.000	100	8	0	141	240	1	100	6.89e-36	152
SRR9860122.3	ERR485020.5091	92.000	100	8	0	142	241	1	100	6.89e-36	152
SRR9860122.3	ERR485020.5088	92.000	100	8	0	142	241	1	100	6.89e-36	152
SRR9860122.3	ERR485020.5081	92.000	100	8	0	140	239	1	100	6.89e-36	152
SRR9860122.3	ERR485020.5041	92.000	100	8	0	141	240	1	100	6.89e-36	152
SRR9860122.3	ERR485020.5040	92.000	100	8	0	141	240	1	100	6.89e-36	152
SRR9860122.3	ERR485020.5039	92.000	100	8	0	142	241	1	100	6.89e-36	152
SRR9860122.3	ERR485020.4856	92.000	100	8	0	141	240	1	100	6.89e-36	152
SRR9860122.3	ERR485020.4855	92.857	98	7	0	146	243	3	100	6.89e-36	152
SRR9860122.3	ERR485020.4851	92.857	98	7	0	153	250	1	98	6.89e-36	152
SRR9860122.3	ERR485020.93	92.000	100	8	0	141	240	1	100	6.89e-36	152
SRR9860122.3	ERR485020.92	92.000	100	8	0	141	240	1	100	6.89e-36	152
SRR9860122.3	ERR485020.91	92.000	100	8	0	141	240	1	100	6.89e-36	152
SRR9860122.3	ERR485020.90	92.000	100	8	0	141	240	1	100	6.89e-36	152
SRR9860122.3	ERR485020.89	92.000	100	8	0	141	240	1	100	6.89e-36	152
SRR9860122.3	ERR485020.88	92.000	100	8	0	142	241	1	100	6.89e-36	152
SRR9860122.3	ERR485020.1617444	95.556	90	4	0	138	227	100	11	2.48e-35	150
SRR9860122.3	ERR485020.1170268	93.684	95	6	0	124	218	6	100	2.48e-35	150
SRR9860122.3	ERR485020.905145	95.556	90	4	0	138	227	1	90	2.48e-35	150
SRR9860122.3	ERR485020.854269	95.556	90	4	0	138	227	100	11	2.48e-35	150
SRR9860122.3	ERR485020.429393	95.556	90	4	0	136	225	100	11	2.48e-35	150
SRR9860122.3	ERR485020.163129	95.556	90	4	0	138	227	100	11	2.48e-35	150
SRR9860122.3	ERR485020.155688	92.000	100	8	0	150	249	1	100	2.48e-35	150
SRR9860122.3	ERR485020.135541	92.784	97	7	0	154	250	1	97	2.48e-35	150
SRR9860122.3	ERR485020.103386	93.750	96	6	0	131	226	5	100	2.48e-35	150
SRR9860122.3	ERR485020.61660	95.556	90	4	0	138	227	1	90	2.48e-35	150
SRR9860122.3	ERR485020.5104	92.784	97	7	0	154	250	1	97	2.48e-35	150
SRR9860122.3	ERR485020.87	92.000	100	8	0	150	249	1	100	2.48e-35	150
SRR9860122.3	ERR485020.83	92.784	97	7	0	154	250	1	97	2.48e-35	150
SRR9860122.3	ERR485020.1676350	90.000	100	10	0	1	100	100	1	8.92e-35	148
SRR9860122.3	ERR485020.1614843	90.000	100	10	0	1	100	100	1	8.92e-35	148
SRR9860122.3	ERR485020.1590926	92.708	96	7	0	155	250	1	96	8.92e-35	148
SRR9860122.3	ERR485020.1548585	90.000	100	10	0	1	100	100	1	8.92e-35	148
SRR9860122.3	ERR485020.1524763	90.000	100	10	0	1	100	1	100	8.92e-35	148
SRR9860122.3	ERR485020.1340020	90.000	100	10	0	1	100	100	1	8.92e-35	148
SRR9860122.3	ERR485020.1245985	90.000	100	10	0	1	100	1	100	8.92e-35	148
SRR9860122.3	ERR485020.1083484	95.506	89	4	0	139	227	1	89	8.92e-35	148
SRR9860122.3	ERR485020.1049332	91.919	99	8	0	152	250	100	2	8.92e-35	148
SRR9860122.3	ERR485020.997532	90.000	100	10	0	1	100	1	100	8.92e-35	148
SRR9860122.3	ERR485020.841032	91.919	99	8	0	152	250	1	99	8.92e-35	148
SRR9860122.3	ERR485020.450800	92.708	96	7	0	155	250	1	96	8.92e-35	148
SRR9860122.3	ERR485020.148297	90.000	100	10	0	1	100	100	1	8.92e-35	148
SRR9860122.3	ERR485020.122745	90.000	100	10	0	1	100	1	100	8.92e-35	148
SRR9860122.3	ERR485020.94303	92.708	96	7	0	155	250	100	5	8.92e-35	148
SRR9860122.3	ERR485020.61653	95.506	89	4	0	139	227	1	89	8.92e-35	148
SRR9860122.3	ERR485020.61639	92.708	96	7	0	155	250	1	96	8.92e-35	148
SRR9860122.3	ERR485020.5119	95.506	89	4	0	138	226	1	89	8.92e-35	148
SRR9860122.3	ERR485020.5035	92.708	96	7	0	155	250	1	96	8.92e-35	148
SRR9860122.3	ERR485020.1721778	89.899	99	10	0	1	99	99	1	3.21e-34	147
SRR9860122.3	ERR485020.1544000	89.899	99	10	0	1	99	2	100	3.21e-34	147
SRR9860122.3	ERR485020.1522786	92.632	95	7	0	156	250	100	6	3.21e-34	147
SRR9860122.3	ERR485020.1440721	91.000	100	9	0	140	239	100	1	3.21e-34	147
SRR9860122.3	ERR485020.1302345	89.899	99	10	0	1	99	99	1	3.21e-34	147
SRR9860122.3	ERR485020.1186751	92.632	95	7	0	156	250	1	95	3.21e-34	147
SRR9860122.3	ERR485020.869551	89.899	99	10	0	1	99	2	100	3.21e-34	147
SRR9860122.3	ERR485020.774601	92.632	95	7	0	156	250	100	6	3.21e-34	147
SRR9860122.3	ERR485020.585296	89.899	99	10	0	1	99	2	100	3.21e-34	147
SRR9860122.3	ERR485020.519312	92.632	95	7	0	156	250	100	6	3.21e-34	147
SRR9860122.3	ERR485020.439434	92.632	95	7	0	156	250	100	6	3.21e-34	147
SRR9860122.3	ERR485020.5106	92.632	95	7	0	156	250	1	95	3.21e-34	147
SRR9860122.3	ERR485020.4850	92.632	95	7	0	156	250	1	95	3.21e-34	147
SRR9860122.3	ERR485020.82	92.632	95	7	0	156	250	1	95	3.21e-34	147
SRR9860122.3	ERR485020.1700410	92.553	94	7	0	157	250	1	94	1.15e-33	145
SRR9860122.3	ERR485020.1176812	89.796	98	10	0	1	98	98	1	1.15e-33	145
SRR9860122.3	ERR485020.805799	89.796	98	10	0	1	98	98	1	1.15e-33	145
SRR9860122.3	ERR485020.572637	92.553	94	7	0	157	250	100	7	1.15e-33	145
SRR9860122.3	ERR485020.517784	89.796	98	10	0	1	98	98	1	1.15e-33	145
SRR9860122.3	ERR485020.388321	92.553	94	7	0	157	250	100	7	1.15e-33	145
SRR9860122.3	ERR485020.357217	92.553	94	7	0	157	250	100	7	1.15e-33	145
SRR9860122.3	ERR485020.133473	89.796	98	10	0	1	98	98	1	1.15e-33	145
SRR9860122.3	ERR485020.5107	92.553	94	7	0	157	250	1	94	1.15e-33	145
SRR9860122.3	ERR485020.5034	92.553	94	7	0	157	250	1	94	1.15e-33	145
SRR9860122.3	ERR485020.5033	92.553	94	7	0	157	250	1	94	1.15e-33	145
SRR9860122.3	ERR485020.90	92.553	94	7	0	157	250	100	7	1.15e-33	145
SRR9860122.3	ERR485020.1627885	89.691	97	10	0	1	97	97	1	4.15e-33	143
SRR9860122.3	ERR485020.1068413	89.691	97	10	0	1	97	97	1	4.15e-33	143
SRR9860122.3	ERR485020.1029166	89.691	97	10	0	1	97	97	1	4.15e-33	143
SRR9860122.3	ERR485020.704289	89.691	97	10	0	1	97	4	100	4.15e-33	143
SRR9860122.3	ERR485020.691570	89.691	97	10	0	1	97	97	1	4.15e-33	143
SRR9860122.3	ERR485020.514490	89.691	97	10	0	1	97	97	1	4.15e-33	143
SRR9860122.3	ERR485020.194406	89.691	97	10	0	1	97	97	1	4.15e-33	143
SRR9860122.3	ERR485020.126107	92.473	93	7	0	158	250	100	8	4.15e-33	143
SRR9860122.3	ERR485020.112241	89.691	97	10	0	1	97	97	1	4.15e-33	143
SRR9860122.3	ERR485020.86844	89.691	97	10	0	1	97	4	100	4.15e-33	143
SRR9860122.3	ERR485020.5111	92.473	93	7	0	158	250	1	93	4.15e-33	143
SRR9860122.3	ERR485020.5077	92.473	93	7	0	158	250	100	8	4.15e-33	143
SRR9860122.3	ERR485020.5032	92.473	93	7	0	158	250	1	93	4.15e-33	143
SRR9860122.3	ERR485020.4849	92.473	93	7	0	158	250	1	93	4.15e-33	143
SRR9860122.3	ERR485020.1468993	90.722	97	9	0	109	205	97	1	1.49e-32	141
SRR9860122.3	ERR485020.1168276	89.583	96	10	0	1	96	5	100	1.49e-32	141
SRR9860122.3	ERR485020.731686	92.391	92	7	0	159	250	100	9	1.49e-32	141
SRR9860122.3	ERR485020.620785	92.391	92	7	0	159	250	1	92	1.49e-32	141
SRR9860122.3	ERR485020.578955	89.583	96	10	0	1	96	5	100	1.49e-32	141
SRR9860122.3	ERR485020.276923	92.391	92	7	0	159	250	100	9	1.49e-32	141
SRR9860122.3	ERR485020.204618	89.583	96	10	0	1	96	5	100	1.49e-32	141
SRR9860122.3	ERR485020.182058	89.583	96	10	0	1	96	5	100	1.49e-32	141
SRR9860122.3	ERR485020.5101	92.391	92	7	0	159	250	1	92	1.49e-32	141
SRR9860122.3	ERR485020.4848	92.391	92	7	0	159	250	1	92	1.49e-32	141
SRR9860122.3	ERR485020.81	91.579	95	8	0	156	250	1	95	1.49e-32	141
SRR9860122.3	ERR485020.80	92.391	92	7	0	159	250	1	92	1.49e-32	141
SRR9860122.3	ERR485020.1501821	92.308	91	7	0	160	250	100	10	5.37e-32	139
SRR9860122.3	ERR485020.1223578	89.474	95	10	0	1	95	6	100	5.37e-32	139
SRR9860122.3	ERR485020.1149660	89.474	95	10	0	1	95	6	100	5.37e-32	139
SRR9860122.3	ERR485020.1084462	89.474	95	10	0	1	95	95	1	5.37e-32	139
SRR9860122.3	ERR485020.1065131	89.474	95	10	0	1	95	6	100	5.37e-32	139
SRR9860122.3	ERR485020.948771	89.474	95	10	0	1	95	95	1	5.37e-32	139
SRR9860122.3	ERR485020.890266	89.474	95	10	0	1	95	6	100	5.37e-32	139
SRR9860122.3	ERR485020.214389	89.474	95	10	0	1	95	95	1	5.37e-32	139
SRR9860122.3	ERR485020.134900	89.474	95	10	0	1	95	95	1	5.37e-32	139
SRR9860122.3	ERR485020.5100	92.308	91	7	0	160	250	1	91	5.37e-32	139
SRR9860122.3	ERR485020.79	92.308	91	7	0	160	250	1	91	5.37e-32	139
SRR9860122.3	ERR485020.1687817	92.222	90	7	0	161	250	1	90	1.93e-31	137
SRR9860122.3	ERR485020.1431299	92.222	90	7	0	161	250	1	90	1.93e-31	137
SRR9860122.3	ERR485020.1285618	89.362	94	10	0	1	94	94	1	1.93e-31	137
SRR9860122.3	ERR485020.1260959	89.362	94	10	0	1	94	7	100	1.93e-31	137
SRR9860122.3	ERR485020.883984	92.222	90	7	0	161	250	1	90	1.93e-31	137
SRR9860122.3	ERR485020.721944	89.362	94	10	0	1	94	7	100	1.93e-31	137
SRR9860122.3	ERR485020.646044	89.362	94	10	0	1	94	7	100	1.93e-31	137
SRR9860122.3	ERR485020.335718	89.362	94	10	0	1	94	94	1	1.93e-31	137
SRR9860122.3	ERR485020.331930	92.222	90	7	0	161	250	100	11	1.93e-31	137
SRR9860122.3	ERR485020.306113	89.362	94	10	0	1	94	94	1	1.93e-31	137
SRR9860122.3	ERR485020.5078	92.222	90	7	0	161	250	100	11	1.93e-31	137
SRR9860122.3	ERR485020.1329565	89.247	93	10	0	1	93	8	100	6.94e-31	135
SRR9860122.3	ERR485020.1110711	89.247	93	10	0	1	93	93	1	6.94e-31	135
SRR9860122.3	ERR485020.898624	92.135	89	7	0	162	250	100	12	6.94e-31	135
SRR9860122.3	ERR485020.288693	89.247	93	10	0	1	93	8	100	6.94e-31	135
SRR9860122.3	ERR485020.260134	89.247	93	10	0	1	93	93	1	6.94e-31	135
SRR9860122.3	ERR485020.125906	89.247	93	10	0	1	93	8	100	6.94e-31	135
SRR9860122.3	ERR485020.61641	92.135	89	7	0	162	250	1	89	6.94e-31	135
SRR9860122.3	ERR485020.5087	92.135	89	7	0	162	250	1	89	6.94e-31	135
SRR9860122.3	ERR485020.78	92.135	89	7	0	162	250	1	89	6.94e-31	135
SRR9860122.3	ERR485020.61646	92.045	88	7	0	163	250	1	88	2.50e-30	134
SRR9860122.3	ERR485020.5031	92.045	88	7	0	163	250	1	88	2.50e-30	134
SRR9860122.3	ERR485020.77	92.045	88	7	0	163	250	1	88	2.50e-30	134
SRR9860122.3	ERR485020.1170925	91.954	87	7	0	164	250	100	14	8.98e-30	132
SRR9860122.3	ERR485020.365664	91.954	87	7	0	164	250	100	14	8.98e-30	132
SRR9860122.3	ERR485020.5084	91.954	87	7	0	164	250	1	87	8.98e-30	132
SRR9860122.3	ERR485020.5045	91.954	87	7	0	164	250	100	14	8.98e-30	132
SRR9860122.3	ERR485020.4847	91.954	87	7	0	164	250	1	87	8.98e-30	132
SRR9860122.3	ERR485020.1720686	91.860	86	7	0	165	250	100	15	3.23e-29	130
SRR9860122.3	ERR485020.1617444	91.667	84	7	0	1	84	12	95	3.23e-29	130
SRR9860122.3	ERR485020.1613606	91.667	84	7	0	1	84	92	9	3.23e-29	130
SRR9860122.3	ERR485020.1583447	91.667	84	7	0	1	84	85	2	3.23e-29	130
SRR9860122.3	ERR485020.1566829	91.667	84	7	0	1	84	11	94	3.23e-29	130
SRR9860122.3	ERR485020.1563786	91.667	84	7	0	1	84	11	94	3.23e-29	130
SRR9860122.3	ERR485020.1477929	91.667	84	7	0	1	84	87	4	3.23e-29	130
SRR9860122.3	ERR485020.1471165	91.667	84	7	0	1	84	16	99	3.23e-29	130
SRR9860122.3	ERR485020.1394538	91.667	84	7	0	1	84	85	2	3.23e-29	130
SRR9860122.3	ERR485020.1343115	91.667	84	7	0	1	84	88	5	3.23e-29	130
SRR9860122.3	ERR485020.1327956	91.667	84	7	0	1	84	90	7	3.23e-29	130
SRR9860122.3	ERR485020.1323947	91.667	84	7	0	1	84	12	95	3.23e-29	130
SRR9860122.3	ERR485020.1252750	91.667	84	7	0	1	84	92	9	3.23e-29	130
SRR9860122.3	ERR485020.1236507	91.667	84	7	0	1	84	14	97	3.23e-29	130
SRR9860122.3	ERR485020.1232987	91.667	84	7	0	1	84	9	92	3.23e-29	130
SRR9860122.3	ERR485020.1216702	91.860	86	7	0	165	250	100	15	3.23e-29	130
SRR9860122.3	ERR485020.1185219	91.667	84	7	0	1	84	88	5	3.23e-29	130
SRR9860122.3	ERR485020.1163517	91.667	84	7	0	1	84	15	98	3.23e-29	130
SRR9860122.3	ERR485020.1162333	91.667	84	7	0	1	84	87	4	3.23e-29	130
SRR9860122.3	ERR485020.1147860	91.667	84	7	0	1	84	16	99	3.23e-29	130
SRR9860122.3	ERR485020.1112544	91.667	84	7	0	1	84	13	96	3.23e-29	130
SRR9860122.3	ERR485020.1101196	91.667	84	7	0	1	84	84	1	3.23e-29	130
SRR9860122.3	ERR485020.1071603	91.667	84	7	0	1	84	92	9	3.23e-29	130
SRR9860122.3	ERR485020.1071079	91.667	84	7	0	1	84	9	92	3.23e-29	130
SRR9860122.3	ERR485020.1068667	91.667	84	7	0	1	84	92	9	3.23e-29	130
SRR9860122.3	ERR485020.1058716	91.667	84	7	0	1	84	16	99	3.23e-29	130
SRR9860122.3	ERR485020.1026221	91.667	84	7	0	1	84	15	98	3.23e-29	130
SRR9860122.3	ERR485020.957938	91.667	84	7	0	1	84	87	4	3.23e-29	130
SRR9860122.3	ERR485020.939509	91.667	84	7	0	1	84	85	2	3.23e-29	130
SRR9860122.3	ERR485020.924571	91.667	84	7	0	1	84	88	5	3.23e-29	130
SRR9860122.3	ERR485020.887046	91.667	84	7	0	1	84	12	95	3.23e-29	130
SRR9860122.3	ERR485020.854269	91.667	84	7	0	1	84	14	97	3.23e-29	130
SRR9860122.3	ERR485020.841889	91.667	84	7	0	1	84	92	9	3.23e-29	130
SRR9860122.3	ERR485020.838115	91.667	84	7	0	1	84	11	94	3.23e-29	130
SRR9860122.3	ERR485020.746652	91.667	84	7	0	1	84	11	94	3.23e-29	130
SRR9860122.3	ERR485020.728958	91.667	84	7	0	1	84	12	95	3.23e-29	130
SRR9860122.3	ERR485020.708919	91.667	84	7	0	1	84	91	8	3.23e-29	130
SRR9860122.3	ERR485020.698219	91.667	84	7	0	1	84	9	92	3.23e-29	130
SRR9860122.3	ERR485020.647394	91.860	86	7	0	165	250	1	86	3.23e-29	130
SRR9860122.3	ERR485020.632573	91.667	84	7	0	1	84	16	99	3.23e-29	130
SRR9860122.3	ERR485020.572374	91.667	84	7	0	1	84	92	9	3.23e-29	130
SRR9860122.3	ERR485020.549580	91.667	84	7	0	1	84	17	100	3.23e-29	130
SRR9860122.3	ERR485020.447289	91.667	84	7	0	1	84	86	3	3.23e-29	130
SRR9860122.3	ERR485020.412842	91.667	84	7	0	1	84	90	7	3.23e-29	130
SRR9860122.3	ERR485020.396148	91.667	84	7	0	1	84	84	1	3.23e-29	130
SRR9860122.3	ERR485020.372827	91.667	84	7	0	1	84	13	96	3.23e-29	130
SRR9860122.3	ERR485020.369891	91.667	84	7	0	1	84	9	92	3.23e-29	130
SRR9860122.3	ERR485020.329202	91.667	84	7	0	1	84	91	8	3.23e-29	130
SRR9860122.3	ERR485020.323381	91.860	86	7	0	165	250	100	15	3.23e-29	130
SRR9860122.3	ERR485020.214501	91.667	84	7	0	1	84	13	96	3.23e-29	130
SRR9860122.3	ERR485020.184584	91.667	84	7	0	1	84	86	3	3.23e-29	130
SRR9860122.3	ERR485020.177613	91.667	84	7	0	1	84	91	8	3.23e-29	130
SRR9860122.3	ERR485020.177462	91.667	84	7	0	1	84	90	7	3.23e-29	130
SRR9860122.3	ERR485020.174872	91.667	84	7	0	1	84	84	1	3.23e-29	130
SRR9860122.3	ERR485020.61632	91.860	86	7	0	165	250	1	86	3.23e-29	130
SRR9860122.3	ERR485020.4859	91.860	86	7	0	165	250	100	15	3.23e-29	130
SRR9860122.3	ERR485020.4846	91.860	86	7	0	165	250	1	86	3.23e-29	130
SRR9860122.3	ERR485020.4845	91.860	86	7	0	165	250	1	86	3.23e-29	130
SRR9860122.3	ERR485020.76	91.860	86	7	0	165	250	1	86	3.23e-29	130
SRR9860122.3	ERR485020.1598232	91.566	83	7	0	1	83	83	1	1.16e-28	128
SRR9860122.3	ERR485020.1475863	92.771	83	6	0	168	250	1	83	1.16e-28	128
SRR9860122.3	ERR485020.1119432	92.771	83	6	0	168	250	2	84	1.16e-28	128
SRR9860122.3	ERR485020.1002305	91.566	83	7	0	1	83	83	1	1.16e-28	128
SRR9860122.3	ERR485020.984856	91.566	83	7	0	1	83	18	100	1.16e-28	128
SRR9860122.3	ERR485020.906616	92.771	83	6	0	168	250	100	18	1.16e-28	128
SRR9860122.3	ERR485020.883772	91.566	83	7	0	1	83	83	1	1.16e-28	128
SRR9860122.3	ERR485020.879179	92.771	83	6	0	168	250	2	84	1.16e-28	128
SRR9860122.3	ERR485020.853030	92.771	83	6	0	168	250	1	83	1.16e-28	128
SRR9860122.3	ERR485020.510750	92.771	83	6	0	168	250	100	18	1.16e-28	128
SRR9860122.3	ERR485020.471389	92.771	83	6	0	168	250	99	17	1.16e-28	128
SRR9860122.3	ERR485020.470547	91.566	83	7	0	1	83	18	100	1.16e-28	128
SRR9860122.3	ERR485020.463220	91.566	83	7	0	1	83	83	1	1.16e-28	128
SRR9860122.3	ERR485020.429540	92.771	83	6	0	168	250	2	84	1.16e-28	128
SRR9860122.3	ERR485020.175454	91.566	83	7	0	1	83	83	1	1.16e-28	128
SRR9860122.3	ERR485020.136573	92.771	83	6	0	168	250	99	17	1.16e-28	128
SRR9860122.3	ERR485020.61677	92.771	83	6	0	168	250	1	83	1.16e-28	128
SRR9860122.3	ERR485020.61672	92.771	83	6	0	168	250	2	84	1.16e-28	128
SRR9860122.3	ERR485020.61664	92.771	83	6	0	168	250	2	84	1.16e-28	128
SRR9860122.3	ERR485020.61628	92.771	83	6	0	168	250	98	16	1.16e-28	128
SRR9860122.3	ERR485020.5094	92.771	83	6	0	168	250	3	85	1.16e-28	128
SRR9860122.3	ERR485020.5030	92.771	83	6	0	168	250	1	83	1.16e-28	128
SRR9860122.3	ERR485020.5029	92.771	83	6	0	168	250	1	83	1.16e-28	128
SRR9860122.3	ERR485020.4844	92.771	83	6	0	168	250	2	84	1.16e-28	128
SRR9860122.3	ERR485020.75	92.771	83	6	0	168	250	1	83	1.16e-28	128
SRR9860122.3	ERR485020.1703691	91.463	82	7	0	1	82	82	1	4.18e-28	126
SRR9860122.3	ERR485020.1431840	91.463	82	7	0	1	82	82	1	4.18e-28	126
SRR9860122.3	ERR485020.1155174	91.463	82	7	0	1	82	82	1	4.18e-28	126
SRR9860122.3	ERR485020.1100630	91.463	82	7	0	1	82	19	100	4.18e-28	126
SRR9860122.3	ERR485020.444695	91.463	82	7	0	1	82	82	1	4.18e-28	126
SRR9860122.3	ERR485020.377609	91.463	82	7	0	1	82	19	100	4.18e-28	126
SRR9860122.3	ERR485020.5102	90.805	87	8	0	164	250	1	87	4.18e-28	126
SRR9860122.3	ERR485020.1547858	90.476	84	8	0	1	84	89	6	1.50e-27	124
SRR9860122.3	ERR485020.601187	90.476	84	8	0	1	84	15	98	1.50e-27	124
SRR9860122.3	ERR485020.401674	91.358	81	7	0	1	81	20	100	1.50e-27	124
SRR9860122.3	ERR485020.1700508	91.566	83	7	0	168	250	1	83	5.40e-27	122
SRR9860122.3	ERR485020.957938	91.250	80	7	0	1	80	21	100	5.40e-27	122
SRR9860122.3	ERR485020.947038	91.250	80	7	0	1	80	80	1	5.40e-27	122
SRR9860122.3	ERR485020.515685	91.250	80	7	0	1	80	21	100	5.40e-27	122
SRR9860122.3	ERR485020.1447102	91.139	79	7	0	1	79	79	1	1.94e-26	121
SRR9860122.3	ERR485020.900033	91.139	79	7	0	1	79	22	100	1.94e-26	121
SRR9860122.3	ERR485020.612800	91.139	79	7	0	1	79	79	1	1.94e-26	121
SRR9860122.3	ERR485020.1728013	91.026	78	7	0	1	78	78	1	6.99e-26	119
SRR9860122.3	ERR485020.1717337	91.026	78	7	0	1	78	23	100	6.99e-26	119
SRR9860122.3	ERR485020.1298718	91.026	78	7	0	1	78	78	1	6.99e-26	119
SRR9860122.3	ERR485020.654725	91.026	78	7	0	1	78	23	100	6.99e-26	119
SRR9860122.4	ERR485020.1716378	98.000	100	2	0	123	222	100	1	1.14e-43	178
SRR9860122.4	ERR485020.1599093	98.000	100	2	0	92	191	100	1	1.14e-43	178
SRR9860122.4	ERR485020.1560023	98.000	100	2	0	106	205	100	1	1.14e-43	178
SRR9860122.4	ERR485020.1462731	98.000	100	2	0	111	210	1	100	1.14e-43	178
SRR9860122.4	ERR485020.1418996	98.000	100	2	0	126	225	1	100	1.14e-43	178
SRR9860122.4	ERR485020.1385563	98.000	100	2	0	117	216	1	100	1.14e-43	178
SRR9860122.4	ERR485020.1301581	98.000	100	2	0	116	215	1	100	1.14e-43	178
SRR9860122.4	ERR485020.1299300	98.000	100	2	0	103	202	1	100	1.14e-43	178
SRR9860122.4	ERR485020.1254417	98.000	100	2	0	117	216	1	100	1.14e-43	178
SRR9860122.4	ERR485020.1249620	98.000	100	2	0	114	213	100	1	1.14e-43	178
SRR9860122.4	ERR485020.1186022	98.000	100	2	0	123	222	1	100	1.14e-43	178
SRR9860122.4	ERR485020.1176613	98.000	100	2	0	125	224	100	1	1.14e-43	178
SRR9860122.4	ERR485020.1163154	98.000	100	2	0	118	217	100	1	1.14e-43	178
SRR9860122.4	ERR485020.1159063	98.000	100	2	0	100	199	1	100	1.14e-43	178
SRR9860122.4	ERR485020.1134800	98.000	100	2	0	89	188	1	100	1.14e-43	178
SRR9860122.4	ERR485020.1021589	98.000	100	2	0	94	193	100	1	1.14e-43	178
SRR9860122.4	ERR485020.978506	98.000	100	2	0	117	216	100	1	1.14e-43	178
SRR9860122.4	ERR485020.978506	98.000	100	2	0	91	190	1	100	1.14e-43	178
SRR9860122.4	ERR485020.928185	98.000	100	2	0	88	187	1	100	1.14e-43	178
SRR9860122.4	ERR485020.846014	98.000	100	2	0	118	217	1	100	1.14e-43	178
SRR9860122.4	ERR485020.829544	98.000	100	2	0	120	219	100	1	1.14e-43	178
SRR9860122.4	ERR485020.802589	98.000	100	2	0	115	214	1	100	1.14e-43	178
SRR9860122.4	ERR485020.786586	98.000	100	2	0	114	213	100	1	1.14e-43	178
SRR9860122.4	ERR485020.722472	98.000	100	2	0	114	213	100	1	1.14e-43	178
SRR9860122.4	ERR485020.720831	98.000	100	2	0	125	224	1	100	1.14e-43	178
SRR9860122.4	ERR485020.680804	98.000	100	2	0	122	221	1	100	1.14e-43	178
SRR9860122.4	ERR485020.619415	98.000	100	2	0	91	190	100	1	1.14e-43	178
SRR9860122.4	ERR485020.585539	98.000	100	2	0	91	190	1	100	1.14e-43	178
SRR9860122.4	ERR485020.567493	98.000	100	2	0	97	196	100	1	1.14e-43	178
SRR9860122.4	ERR485020.422941	98.000	100	2	0	110	209	1	100	1.14e-43	178
SRR9860122.4	ERR485020.408044	98.000	100	2	0	90	189	1	100	1.14e-43	178
SRR9860122.4	ERR485020.394405	98.000	100	2	0	107	206	1	100	1.14e-43	178
SRR9860122.4	ERR485020.391012	98.000	100	2	0	101	200	100	1	1.14e-43	178
SRR9860122.4	ERR485020.353621	98.000	100	2	0	103	202	1	100	1.14e-43	178
SRR9860122.4	ERR485020.353565	98.000	100	2	0	110	209	100	1	1.14e-43	178
SRR9860122.4	ERR485020.338842	98.000	100	2	0	89	188	1	100	1.14e-43	178
SRR9860122.4	ERR485020.318029	98.000	100	2	0	108	207	100	1	1.14e-43	178
SRR9860122.4	ERR485020.294817	98.000	100	2	0	91	190	100	1	1.14e-43	178
SRR9860122.4	ERR485020.194466	98.000	100	2	0	111	210	1	100	1.14e-43	178
SRR9860122.4	ERR485020.161431	98.000	100	2	0	105	204	100	1	1.14e-43	178
SRR9860122.4	ERR485020.148862	98.000	100	2	0	119	218	100	1	1.14e-43	178
SRR9860122.4	ERR485020.128862	98.000	100	2	0	111	210	100	1	1.14e-43	178
SRR9860122.4	ERR485020.96408	98.000	100	2	0	106	205	1	100	1.14e-43	178
SRR9860122.4	ERR485020.643997	97.980	99	2	0	93	191	1	99	4.11e-43	176
SRR9860122.4	ERR485020.539198	97.980	99	2	0	125	223	100	2	4.11e-43	176
SRR9860122.4	ERR485020.1609063	97.959	98	2	0	88	185	3	100	1.48e-42	174
SRR9860122.4	ERR485020.1554703	97.959	98	2	0	88	185	98	1	1.48e-42	174
SRR9860122.4	ERR485020.1249620	97.959	98	2	0	88	185	3	100	1.48e-42	174
SRR9860122.4	ERR485020.522782	98.958	96	1	0	132	227	100	5	1.48e-42	174
SRR9860122.4	ERR485020.763212	98.947	95	1	0	133	227	100	6	5.31e-42	172
SRR9860122.4	ERR485020.1716324	96.000	100	4	0	150	249	1	100	1.91e-41	171
SRR9860122.4	ERR485020.1714557	98.936	94	1	0	134	227	100	7	1.91e-41	171
SRR9860122.4	ERR485020.1582458	96.000	100	4	0	145	244	100	1	1.91e-41	171
SRR9860122.4	ERR485020.1403610	96.000	100	4	0	137	236	100	1	1.91e-41	171
SRR9860122.4	ERR485020.1373263	96.000	100	4	0	145	244	100	1	1.91e-41	171
SRR9860122.4	ERR485020.1311638	96.000	100	4	0	144	243	100	1	1.91e-41	171
SRR9860122.4	ERR485020.1186083	96.000	100	4	0	152	251	1	100	1.91e-41	171
SRR9860122.4	ERR485020.1173519	96.000	100	4	0	139	238	100	1	1.91e-41	171
SRR9860122.4	ERR485020.1169670	96.000	100	4	0	143	242	100	1	1.91e-41	171
SRR9860122.4	ERR485020.1144704	96.000	100	4	0	139	238	100	1	1.91e-41	171
SRR9860122.4	ERR485020.1075193	96.000	100	4	0	65	164	1	100	1.91e-41	171
SRR9860122.4	ERR485020.1021589	96.000	100	4	0	63	162	1	100	1.91e-41	171
SRR9860122.4	ERR485020.947724	98.936	94	1	0	134	227	100	7	1.91e-41	171
SRR9860122.4	ERR485020.878920	98.936	94	1	0	134	227	100	7	1.91e-41	171
SRR9860122.4	ERR485020.857415	96.000	100	4	0	137	236	1	100	1.91e-41	171
SRR9860122.4	ERR485020.834081	97.917	96	2	0	88	183	96	1	1.91e-41	171
SRR9860122.4	ERR485020.813029	96.000	100	4	0	145	244	1	100	1.91e-41	171
SRR9860122.4	ERR485020.812948	96.000	100	4	0	139	238	100	1	1.91e-41	171
SRR9860122.4	ERR485020.767281	96.000	100	4	0	143	242	100	1	1.91e-41	171
SRR9860122.4	ERR485020.691685	96.000	100	4	0	145	244	1	100	1.91e-41	171
SRR9860122.4	ERR485020.595057	96.000	100	4	0	143	242	1	100	1.91e-41	171
SRR9860122.4	ERR485020.565136	97.917	96	2	0	88	183	96	1	1.91e-41	171
SRR9860122.4	ERR485020.475788	96.000	100	4	0	144	243	1	100	1.91e-41	171
SRR9860122.4	ERR485020.432134	96.000	100	4	0	65	164	1	100	1.91e-41	171
SRR9860122.4	ERR485020.349108	98.936	94	1	0	134	227	1	94	1.91e-41	171
SRR9860122.4	ERR485020.342579	96.000	100	4	0	146	245	100	1	1.91e-41	171
SRR9860122.4	ERR485020.250823	96.000	100	4	0	144	243	100	1	1.91e-41	171
SRR9860122.4	ERR485020.110805	98.936	94	1	0	134	227	1	94	1.91e-41	171
SRR9860122.4	ERR485020.78430	96.000	100	4	0	63	162	100	1	1.91e-41	171
SRR9860122.4	ERR485020.1357247	97.895	95	2	0	88	182	95	1	6.87e-41	169
SRR9860122.4	ERR485020.887912	98.925	93	1	0	135	227	100	8	6.87e-41	169
SRR9860122.4	ERR485020.539198	95.960	99	4	0	68	166	1	99	6.87e-41	169
SRR9860122.4	ERR485020.1701969	95.918	98	4	0	154	251	100	3	2.47e-40	167
SRR9860122.4	ERR485020.1643674	95.000	100	5	0	58	157	1	100	2.47e-40	167
SRR9860122.4	ERR485020.1575532	95.000	100	5	0	76	175	100	1	2.47e-40	167
SRR9860122.4	ERR485020.1494603	95.000	100	5	0	76	175	100	1	2.47e-40	167
SRR9860122.4	ERR485020.1373263	95.000	100	5	0	55	154	1	100	2.47e-40	167
SRR9860122.4	ERR485020.1364931	98.913	92	1	0	136	227	1	92	2.47e-40	167
SRR9860122.4	ERR485020.1242070	95.000	100	5	0	55	154	100	1	2.47e-40	167
SRR9860122.4	ERR485020.1215190	95.000	100	5	0	59	158	1	100	2.47e-40	167
SRR9860122.4	ERR485020.1176613	95.918	98	4	0	69	166	1	98	2.47e-40	167
SRR9860122.4	ERR485020.1155511	97.872	94	2	0	88	181	7	100	2.47e-40	167
SRR9860122.4	ERR485020.1134800	98.913	92	1	0	136	227	100	9	2.47e-40	167
SRR9860122.4	ERR485020.1119648	95.000	100	5	0	73	172	100	1	2.47e-40	167
SRR9860122.4	ERR485020.1077938	95.000	100	5	0	78	177	100	1	2.47e-40	167
SRR9860122.4	ERR485020.1075431	95.000	100	5	0	73	172	1	100	2.47e-40	167
SRR9860122.4	ERR485020.869550	95.918	98	4	0	154	251	100	3	2.47e-40	167
SRR9860122.4	ERR485020.763212	95.000	100	5	0	57	156	1	100	2.47e-40	167
SRR9860122.4	ERR485020.677641	97.872	94	2	0	88	181	7	100	2.47e-40	167
SRR9860122.4	ERR485020.528738	95.000	100	5	0	56	155	1	100	2.47e-40	167
SRR9860122.4	ERR485020.318029	95.000	100	5	0	75	174	1	100	2.47e-40	167
SRR9860122.4	ERR485020.250823	95.000	100	5	0	54	153	1	100	2.47e-40	167
SRR9860122.4	ERR485020.205031	95.000	100	5	0	59	158	100	1	2.47e-40	167
SRR9860122.4	ERR485020.1714557	94.949	99	5	0	54	152	2	100	8.89e-40	165
SRR9860122.4	ERR485020.1301581	95.876	97	4	0	155	251	100	4	8.89e-40	165
SRR9860122.4	ERR485020.1195092	95.050	101	4	1	59	159	100	1	8.89e-40	165
SRR9860122.4	ERR485020.1124674	95.876	97	4	0	155	251	1	97	8.89e-40	165
SRR9860122.4	ERR485020.887912	95.050	101	4	1	59	159	1	100	8.89e-40	165
SRR9860122.4	ERR485020.483139	95.050	101	4	1	59	159	1	100	8.89e-40	165
SRR9860122.4	ERR485020.417073	95.050	101	4	1	59	159	1	100	8.89e-40	165
SRR9860122.4	ERR485020.356421	97.849	93	2	0	88	180	8	100	8.89e-40	165
SRR9860122.4	ERR485020.217924	94.949	99	5	0	54	152	2	100	8.89e-40	165
SRR9860122.4	ERR485020.1708220	94.000	100	6	0	48	147	100	1	3.20e-39	163
SRR9860122.4	ERR485020.1522313	94.000	100	6	0	47	146	1	100	3.20e-39	163
SRR9860122.4	ERR485020.1408374	94.000	100	6	0	48	147	100	1	3.20e-39	163
SRR9860122.4	ERR485020.1403610	97.826	92	2	0	88	179	9	100	3.20e-39	163
SRR9860122.4	ERR485020.1362346	94.000	100	6	0	50	149	1	100	3.20e-39	163
SRR9860122.4	ERR485020.1173519	97.826	92	2	0	88	179	9	100	3.20e-39	163
SRR9860122.4	ERR485020.1108624	94.000	100	6	0	48	147	100	1	3.20e-39	163
SRR9860122.4	ERR485020.1100132	94.000	100	6	0	48	147	100	1	3.20e-39	163
SRR9860122.4	ERR485020.813639	94.898	98	5	0	54	151	98	1	3.20e-39	163
SRR9860122.4	ERR485020.539605	94.898	98	5	0	54	151	98	1	3.20e-39	163
SRR9860122.4	ERR485020.456375	95.745	94	4	0	158	251	100	7	4.14e-38	159
SRR9860122.4	ERR485020.338842	95.745	94	4	0	158	251	100	7	4.14e-38	159
SRR9860122.4	ERR485020.1656834	93.069	101	6	1	5	105	100	1	1.49e-37	158
SRR9860122.4	ERR485020.1599093	93.069	101	6	1	26	126	1	100	1.49e-37	158
SRR9860122.4	ERR485020.1531412	93.069	101	6	1	13	113	100	1	1.49e-37	158
SRR9860122.4	ERR485020.1437240	93.069	101	6	1	2	102	1	100	1.49e-37	158
SRR9860122.4	ERR485020.1357207	93.069	101	6	1	4	104	100	1	1.49e-37	158
SRR9860122.4	ERR485020.1281642	93.069	101	6	1	9	109	100	1	1.49e-37	158
SRR9860122.4	ERR485020.1166543	93.069	101	6	1	23	123	1	100	1.49e-37	158
SRR9860122.4	ERR485020.1144704	93.069	101	6	1	6	106	1	100	1.49e-37	158
SRR9860122.4	ERR485020.1110509	93.069	101	6	1	10	110	100	1	1.49e-37	158
SRR9860122.4	ERR485020.1092456	93.069	101	6	1	3	103	100	1	1.49e-37	158
SRR9860122.4	ERR485020.1071738	93.069	101	6	1	22	122	100	1	1.49e-37	158
SRR9860122.4	ERR485020.1048933	93.069	101	6	1	23	123	1	100	1.49e-37	158
SRR9860122.4	ERR485020.1019938	93.069	101	6	1	5	105	100	1	1.49e-37	158
SRR9860122.4	ERR485020.988452	93.069	101	6	1	3	103	100	1	1.49e-37	158
SRR9860122.4	ERR485020.967719	95.699	93	4	0	159	251	1	93	1.49e-37	158
SRR9860122.4	ERR485020.965434	93.814	97	6	0	46	142	97	1	1.49e-37	158
SRR9860122.4	ERR485020.938639	93.069	101	6	1	7	107	100	1	1.49e-37	158
SRR9860122.4	ERR485020.849595	93.069	101	6	1	25	125	100	1	1.49e-37	158
SRR9860122.4	ERR485020.770410	93.069	101	6	1	11	111	100	1	1.49e-37	158
SRR9860122.4	ERR485020.767281	93.069	101	6	1	26	126	1	100	1.49e-37	158
SRR9860122.4	ERR485020.666473	93.069	101	6	1	17	117	100	1	1.49e-37	158
SRR9860122.4	ERR485020.503204	93.069	101	6	1	16	116	100	1	1.49e-37	158
SRR9860122.4	ERR485020.366444	93.069	101	6	1	9	109	100	1	1.49e-37	158
SRR9860122.4	ERR485020.357369	93.069	101	6	1	9	109	100	1	1.49e-37	158
SRR9860122.4	ERR485020.342579	93.069	101	6	1	27	127	1	100	1.49e-37	158
SRR9860122.4	ERR485020.290603	93.069	101	6	1	9	109	100	1	1.49e-37	158
SRR9860122.4	ERR485020.233184	93.069	101	6	1	23	123	1	100	1.49e-37	158
SRR9860122.4	ERR485020.217924	95.699	93	4	0	159	251	100	8	1.49e-37	158
SRR9860122.4	ERR485020.119247	93.069	101	6	1	26	126	100	1	1.49e-37	158
SRR9860122.4	ERR485020.108914	93.069	101	6	1	27	127	100	1	1.49e-37	158
SRR9860122.4	ERR485020.1693636	93.750	96	6	0	46	141	5	100	5.35e-37	156
SRR9860122.4	ERR485020.1582458	93.000	100	6	1	30	129	1	99	5.35e-37	156
SRR9860122.4	ERR485020.1108624	93.000	100	6	1	11	110	1	99	5.35e-37	156
SRR9860122.4	ERR485020.940065	93.000	100	6	1	30	129	100	2	5.35e-37	156
SRR9860122.4	ERR485020.812948	93.069	101	6	1	15	115	1	100	5.35e-37	156
SRR9860122.4	ERR485020.722472	93.069	101	6	1	1	101	1	100	5.35e-37	156
SRR9860122.4	ERR485020.174177	93.000	100	6	1	7	106	2	100	5.35e-37	156
SRR9860122.4	ERR485020.1649509	92.079	101	7	1	37	137	1	100	1.92e-36	154
SRR9860122.4	ERR485020.1378212	92.079	101	7	1	33	133	100	1	1.92e-36	154
SRR9860122.4	ERR485020.1187461	92.079	101	7	1	34	134	1	100	1.92e-36	154
SRR9860122.4	ERR485020.1163900	95.604	91	4	0	161	251	1	91	1.92e-36	154
SRR9860122.4	ERR485020.900364	95.604	91	4	0	161	251	100	10	1.92e-36	154
SRR9860122.4	ERR485020.695473	92.079	101	7	1	35	135	100	1	1.92e-36	154
SRR9860122.4	ERR485020.656565	92.929	99	6	1	31	129	100	3	1.92e-36	154
SRR9860122.4	ERR485020.561330	93.684	95	6	0	46	140	95	1	1.92e-36	154
SRR9860122.4	ERR485020.522782	92.079	101	7	1	34	134	1	100	1.92e-36	154
SRR9860122.4	ERR485020.288453	92.079	101	7	1	39	139	1	100	1.92e-36	154
SRR9860122.4	ERR485020.1624955	92.079	101	7	1	7	107	1	100	6.92e-36	152
SRR9860122.4	ERR485020.1184723	95.556	90	4	0	162	251	1	90	6.92e-36	152
SRR9860122.4	ERR485020.1077938	92.929	99	6	1	1	99	3	100	6.92e-36	152
SRR9860122.4	ERR485020.585539	95.556	90	4	0	162	251	100	11	6.92e-36	152
SRR9860122.4	ERR485020.483139	95.556	90	4	0	162	251	100	11	6.92e-36	152
SRR9860122.4	ERR485020.1605225	92.857	98	6	1	1	98	4	100	2.49e-35	150
SRR9860122.4	ERR485020.1349765	92.000	100	8	0	70	169	100	1	2.49e-35	150
SRR9860122.4	ERR485020.489143	95.506	89	4	0	163	251	1	89	2.49e-35	150
SRR9860122.4	ERR485020.1314230	95.402	87	4	0	165	251	100	14	3.22e-34	147
SRR9860122.4	ERR485020.1201480	95.402	87	4	0	165	251	1	87	3.22e-34	147
SRR9860122.4	ERR485020.839778	95.402	87	4	0	165	251	100	14	3.22e-34	147
SRR9860122.4	ERR485020.695473	92.708	96	6	1	1	96	6	100	3.22e-34	147
SRR9860122.4	ERR485020.377516	91.089	101	8	1	1	101	100	1	3.22e-34	147
SRR9860122.4	ERR485020.1662572	96.429	84	3	0	168	251	98	15	1.16e-33	145
SRR9860122.4	ERR485020.1202329	96.429	84	3	0	168	251	2	85	1.16e-33	145
SRR9860122.4	ERR485020.1026127	96.429	84	3	0	168	251	1	84	1.16e-33	145
SRR9860122.4	ERR485020.958119	96.429	84	3	0	168	251	1	84	1.16e-33	145
SRR9860122.4	ERR485020.932515	92.000	100	8	0	121	220	100	1	1.16e-33	145
SRR9860122.4	ERR485020.413653	96.429	84	3	0	168	251	2	85	1.16e-33	145
SRR9860122.4	ERR485020.217461	92.553	94	6	1	1	94	93	1	1.16e-33	145
SRR9860122.4	ERR485020.1605225	96.386	83	3	0	169	251	100	18	4.17e-33	143
SRR9860122.4	ERR485020.1078147	96.386	83	3	0	169	251	1	83	4.17e-33	143
SRR9860122.4	ERR485020.488889	92.473	93	6	1	1	93	92	1	4.17e-33	143
SRR9860122.4	ERR485020.77492	92.473	93	6	1	1	93	92	1	4.17e-33	143
SRR9860122.4	ERR485020.1314230	92.473	93	6	1	1	93	9	100	1.50e-32	141
SRR9860122.4	ERR485020.1684984	95.238	84	3	1	1	84	85	3	1.94e-31	137
SRR9860122.4	ERR485020.1048933	96.250	80	3	0	172	251	100	21	1.94e-31	137
SRR9860122.4	ERR485020.235298	96.250	80	3	0	172	251	100	21	1.94e-31	137
SRR9860122.4	ERR485020.96007	95.238	84	3	1	1	84	89	7	1.94e-31	137
SRR9860122.4	ERR485020.1701969	95.238	84	3	1	1	84	13	95	6.97e-31	135
SRR9860122.4	ERR485020.1187461	96.203	79	3	0	173	251	100	22	6.97e-31	135
SRR9860122.4	ERR485020.357369	95.238	84	3	1	1	84	11	93	6.97e-31	135
SRR9860122.4	ERR485020.1716378	95.181	83	3	1	1	83	19	100	2.51e-30	134
SRR9860122.4	ERR485020.737183	95.181	83	3	1	1	83	82	1	2.51e-30	134
SRR9860122.4	ERR485020.707080	95.122	82	3	1	1	82	20	100	9.02e-30	132
SRR9860122.4	ERR485020.234515	95.062	81	3	1	1	81	80	1	3.24e-29	130
SRR9860122.4	ERR485020.1725053	96.000	75	3	0	177	251	1	75	1.17e-28	128
SRR9860122.4	ERR485020.1437240	96.000	75	3	0	177	251	100	26	1.17e-28	128
SRR9860122.4	ERR485020.1195092	95.000	80	3	1	1	80	22	100	1.17e-28	128
SRR9860122.4	ERR485020.78430	95.000	80	3	1	1	80	22	100	1.17e-28	128
SRR9860122.4	ERR485020.1643265	95.946	74	3	0	178	251	1	74	4.20e-28	126
SRR9860122.4	ERR485020.813639	94.937	79	3	1	1	79	23	100	4.20e-28	126
SRR9860122.4	ERR485020.282359	94.937	79	3	1	1	79	78	1	4.20e-28	126
SRR9860122.4	ERR485020.267513	95.946	74	3	0	178	251	100	27	4.20e-28	126
SRR9860122.4	ERR485020.233184	95.946	74	3	0	178	251	100	27	4.20e-28	126
SRR9860122.4	ERR485020.913322	87.129	101	12	1	29	129	100	1	1.51e-27	124
SRR9860122.4	ERR485020.1110509	94.805	77	3	1	1	77	25	100	5.43e-27	122
SRR9860122.4	ERR485020.553225	95.833	72	3	0	180	251	1	72	5.43e-27	122
SRR9860122.4	ERR485020.539605	94.805	77	3	1	1	77	25	100	5.43e-27	122
SRR9860122.4	ERR485020.417073	95.833	72	3	0	180	251	100	29	5.43e-27	122
SRR9860122.4	ERR485020.836643	95.775	71	3	0	181	251	1	71	1.95e-26	121
SRR9860122.4	ERR485020.259504	95.775	71	3	0	181	251	1	71	1.95e-26	121
SRR9860122.4	ERR485020.253206	94.737	76	3	1	1	76	75	1	1.95e-26	121
SRR9860122.4	ERR485020.481156	95.714	70	3	0	182	251	1	70	7.02e-26	119
SRR9860122.4	ERR485020.338479	93.590	78	4	1	1	78	77	1	7.02e-26	119
SRR9860122.4	ERR485020.1167231	95.652	69	3	0	183	251	100	32	2.53e-25	117
SRR9860122.4	ERR485020.356421	95.652	69	3	0	183	251	100	32	2.53e-25	117
SRR9860122.4	ERR485020.349108	95.652	69	3	0	183	251	100	32	2.53e-25	117
SRR9860122.4	ERR485020.1649509	95.588	68	3	0	184	251	100	33	9.08e-25	115
SRR9860122.4	ERR485020.1169670	94.521	73	3	1	1	73	29	100	9.08e-25	115
SRR9860122.4	ERR485020.1494603	94.286	70	3	1	1	70	32	100	4.23e-23	110
SRR9860122.4	ERR485020.783841	95.385	65	3	0	187	251	1	65	4.23e-23	110
SRR9860122.4	ERR485020.151626	95.385	65	3	0	187	251	1	65	4.23e-23	110
SRR9860122.4	ERR485020.109702	95.385	65	3	0	187	251	1	65	4.23e-23	110
SRR9860122.4	ERR485020.1130109	95.312	64	3	0	188	251	100	37	1.52e-22	108
SRR9860122.4	ERR485020.353565	94.203	69	3	1	1	69	33	100	1.52e-22	108
SRR9860122.4	ERR485020.1511136	95.238	63	3	0	189	251	1	63	5.47e-22	106
SRR9860122.4	ERR485020.984016	95.238	63	3	0	189	251	1	63	5.47e-22	106
SRR9860122.4	ERR485020.1575532	94.030	67	3	1	1	67	35	100	1.97e-21	104
SRR9860122.4	ERR485020.1362346	95.161	62	3	0	190	251	100	39	1.97e-21	104
SRR9860122.4	ERR485020.619415	94.030	67	3	1	1	67	35	100	1.97e-21	104
SRR9860122.4	ERR485020.290603	93.939	66	3	1	1	66	36	100	7.07e-21	102
SRR9860122.4	ERR485020.1643265	95.000	60	3	0	192	251	100	41	2.54e-20	100
SRR9860122.4	ERR485020.1364931	95.000	60	3	0	192	251	100	41	2.54e-20	100
SRR9860122.4	ERR485020.991860	93.846	65	3	1	1	65	64	1	2.54e-20	100
SRR9860122.4	ERR485020.734757	94.915	59	3	0	193	251	1	59	9.15e-20	99.0
SRR9860122.4	ERR485020.1554703	95.082	61	2	1	1	61	39	98	3.29e-19	97.1
SRR9860122.4	ERR485020.640862	95.082	61	2	1	1	61	62	3	3.29e-19	97.1
SRR9860122.4	ERR485020.503204	95.082	61	2	1	1	61	39	98	3.29e-19	97.1
SRR9860122.4	ERR485020.586649	94.915	59	2	1	1	59	58	1	4.26e-18	93.5
SRR9860122.4	ERR485020.96408	94.643	56	3	0	196	251	100	45	4.26e-18	93.5
SRR9860122.4	ERR485020.792729	93.443	61	3	1	1	61	62	3	1.53e-17	91.6
SRR9860122.4	ERR485020.485375	94.828	58	2	1	1	58	57	1	1.53e-17	91.6
SRR9860122.4	ERR485020.448318	94.828	58	2	1	1	58	57	1	1.53e-17	91.6
SRR9860122.4	ERR485020.592459	94.231	52	3	0	200	251	1	52	7.12e-16	86.1
SRR9860122.4	ERR485020.938639	96.154	52	1	1	1	52	50	100	2.56e-15	84.2
SRR9860122.4	ERR485020.514678	96.154	52	1	1	1	52	48	98	2.56e-15	84.2
SRR9860122.4	ERR485020.505560	96.154	52	1	1	1	52	51	1	2.56e-15	84.2
SRR9860122.4	ERR485020.1549185	96.078	51	1	1	1	51	50	1	9.21e-15	82.4
SRR9860122.4	ERR485020.1411805	96.078	51	1	1	1	51	51	100	9.21e-15	82.4
SRR9860122.4	ERR485020.1371191	97.826	46	1	0	157	202	46	1	9.21e-15	82.4
SRR9860122.4	ERR485020.947724	96.078	51	1	1	1	51	51	100	9.21e-15	82.4
SRR9860122.4	ERR485020.834081	96.078	51	1	1	1	51	51	100	9.21e-15	82.4
SRR9860122.4	ERR485020.578731	96.078	51	1	1	1	51	50	1	9.21e-15	82.4
SRR9860122.4	ERR485020.567493	96.078	51	1	1	1	51	51	100	9.21e-15	82.4
SRR9860122.4	ERR485020.514678	96.078	51	1	1	1	51	50	1	9.21e-15	82.4
SRR9860122.4	ERR485020.396561	96.078	51	1	1	1	51	50	1	9.21e-15	82.4
SRR9860122.4	ERR485020.364797	96.078	51	1	1	1	51	50	1	9.21e-15	82.4
SRR9860122.4	ERR485020.933975	100.000	43	0	0	1	43	56	98	3.31e-14	80.5
SRR9860122.4	ERR485020.878920	100.000	43	0	0	1	43	53	95	3.31e-14	80.5
SRR9860122.4	ERR485020.475883	100.000	43	0	0	1	43	45	3	3.31e-14	80.5
SRR9860122.4	ERR485020.377516	100.000	43	0	0	1	43	54	96	3.31e-14	80.5
SRR9860122.4	ERR485020.294817	100.000	43	0	0	1	43	55	97	3.31e-14	80.5
SRR9860122.4	ERR485020.226133	94.231	52	2	1	1	52	50	100	1.19e-13	78.7
SRR9860122.4	ERR485020.965434	100.000	41	0	0	1	41	60	100	4.29e-13	76.8
SRR9860122.4	ERR485020.1378212	100.000	40	0	0	1	40	61	100	1.54e-12	75.0
SRR9860122.4	ERR485020.839778	100.000	38	0	0	1	38	63	100	1.99e-11	71.3
SRR9860122.4	ERR485020.1560023	100.000	37	0	0	1	37	64	100	7.17e-11	69.4
SRR9860122.4	ERR485020.205031	100.000	35	0	0	1	35	66	100	9.28e-10	65.8
SRR9860122.4	ERR485020.299424	100.000	34	0	0	1	34	34	1	3.34e-09	63.9
SRR9860122.4	ERR485020.128862	100.000	33	0	0	1	33	68	100	1.20e-08	62.1
SRR9860122.4	ERR485020.1537848	100.000	31	0	0	1	31	31	1	1.55e-07	58.4
SRR9860122.4	ERR485020.1100132	100.000	29	0	0	1	29	72	100	2.01e-06	54.7
SRR9860122.4	ERR485020.1167231	100.000	28	0	0	1	28	73	100	7.22e-06	52.8
SRR9860122.4	ERR485020.1173519	98.000	100	2	0	45	144	1	100	1.14e-43	178
SRR9860122.4	ERR485020.1144704	98.000	100	2	0	45	144	1	100	1.14e-43	178
SRR9860122.4	ERR485020.812948	98.000	100	2	0	45	144	1	100	1.14e-43	178
SRR9860122.4	ERR485020.1403610	97.980	99	2	0	47	145	1	99	4.11e-43	176
SRR9860122.4	ERR485020.857415	97.980	99	2	0	47	145	100	2	4.11e-43	176
SRR9860122.4	ERR485020.1364931	97.959	98	2	0	48	145	100	3	1.48e-42	174
SRR9860122.4	ERR485020.1134800	97.959	98	2	0	48	145	1	98	1.48e-42	174
SRR9860122.4	ERR485020.887912	97.938	97	2	0	49	145	1	97	5.31e-42	172
SRR9860122.4	ERR485020.1716378	96.000	100	4	0	61	160	1	100	1.91e-41	171
SRR9860122.4	ERR485020.1716324	96.000	100	4	0	34	133	100	1	1.91e-41	171
SRR9860122.4	ERR485020.1714557	97.917	96	2	0	50	145	1	96	1.91e-41	171
SRR9860122.4	ERR485020.1582458	96.000	100	4	0	39	138	1	100	1.91e-41	171
SRR9860122.4	ERR485020.1418996	96.000	100	4	0	58	157	100	1	1.91e-41	171
SRR9860122.4	ERR485020.1373263	96.000	100	4	0	39	138	1	100	1.91e-41	171
SRR9860122.4	ERR485020.1186083	96.000	100	4	0	32	131	100	1	1.91e-41	171
SRR9860122.4	ERR485020.1186022	96.000	100	4	0	61	160	100	1	1.91e-41	171
SRR9860122.4	ERR485020.1176613	96.000	100	4	0	59	158	1	100	1.91e-41	171
SRR9860122.4	ERR485020.1169670	97.917	96	2	0	45	140	5	100	1.91e-41	171
SRR9860122.4	ERR485020.947724	97.917	96	2	0	50	145	1	96	1.91e-41	171
SRR9860122.4	ERR485020.878920	97.917	96	2	0	50	145	1	96	1.91e-41	171
SRR9860122.4	ERR485020.829544	96.000	100	4	0	64	163	1	100	1.91e-41	171
SRR9860122.4	ERR485020.813029	96.000	100	4	0	39	138	100	1	1.91e-41	171
SRR9860122.4	ERR485020.767281	97.917	96	2	0	45	140	5	100	1.91e-41	171
SRR9860122.4	ERR485020.720831	96.000	100	4	0	59	158	100	1	1.91e-41	171
SRR9860122.4	ERR485020.691685	96.000	100	4	0	39	138	100	1	1.91e-41	171
SRR9860122.4	ERR485020.680804	96.000	100	4	0	62	161	100	1	1.91e-41	171
SRR9860122.4	ERR485020.595057	97.917	96	2	0	45	140	96	1	1.91e-41	171
SRR9860122.4	ERR485020.522782	96.000	100	4	0	52	151	1	100	1.91e-41	171
SRR9860122.4	ERR485020.349108	97.917	96	2	0	50	145	100	5	1.91e-41	171
SRR9860122.4	ERR485020.342579	96.000	100	4	0	38	137	1	100	1.91e-41	171
SRR9860122.4	ERR485020.110805	97.917	96	2	0	50	145	100	5	1.91e-41	171
SRR9860122.4	ERR485020.1311638	97.895	95	2	0	45	139	6	100	6.87e-41	169
SRR9860122.4	ERR485020.763212	97.895	95	2	0	51	145	1	95	6.87e-41	169
SRR9860122.4	ERR485020.539198	95.960	99	4	0	60	158	2	100	6.87e-41	169
SRR9860122.4	ERR485020.475788	97.895	95	2	0	45	139	95	1	6.87e-41	169
SRR9860122.4	ERR485020.250823	97.895	95	2	0	45	139	6	100	6.87e-41	169
SRR9860122.4	ERR485020.148862	95.960	99	4	0	65	163	1	99	6.87e-41	169
SRR9860122.4	ERR485020.1701969	95.918	98	4	0	32	129	3	100	2.47e-40	167
SRR9860122.4	ERR485020.1163154	95.918	98	4	0	66	163	1	98	2.47e-40	167
SRR9860122.4	ERR485020.1159063	95.918	98	4	0	86	183	98	1	2.47e-40	167
SRR9860122.4	ERR485020.869550	95.918	98	4	0	32	129	3	100	2.47e-40	167
SRR9860122.4	ERR485020.846014	95.918	98	4	0	66	163	100	3	2.47e-40	167
SRR9860122.4	ERR485020.1385563	95.876	97	4	0	67	163	100	4	8.89e-40	165
SRR9860122.4	ERR485020.1301581	95.876	97	4	0	32	128	4	100	8.89e-40	165
SRR9860122.4	ERR485020.1254417	95.876	97	4	0	67	163	100	4	8.89e-40	165
SRR9860122.4	ERR485020.1124674	95.876	97	4	0	32	128	97	1	8.89e-40	165
SRR9860122.4	ERR485020.978506	95.876	97	4	0	67	163	1	97	8.89e-40	165
SRR9860122.4	ERR485020.567493	95.876	97	4	0	87	183	1	97	8.89e-40	165
SRR9860122.4	ERR485020.391012	95.876	97	4	0	86	182	4	100	8.89e-40	165
SRR9860122.4	ERR485020.1725053	94.000	100	6	0	7	106	100	1	3.20e-39	163
SRR9860122.4	ERR485020.1662572	94.000	100	6	0	18	117	1	100	3.20e-39	163
SRR9860122.4	ERR485020.1609063	94.000	100	6	0	98	197	100	1	3.20e-39	163
SRR9860122.4	ERR485020.1605225	94.000	100	6	0	15	114	1	100	3.20e-39	163
SRR9860122.4	ERR485020.1599093	94.000	100	6	0	92	191	1	100	3.20e-39	163
SRR9860122.4	ERR485020.1560023	94.000	100	6	0	78	177	1	100	3.20e-39	163
SRR9860122.4	ERR485020.1554703	94.000	100	6	0	98	197	1	100	3.20e-39	163
SRR9860122.4	ERR485020.1462731	94.000	100	6	0	73	172	100	1	3.20e-39	163
SRR9860122.4	ERR485020.1437240	94.000	100	6	0	7	106	1	100	3.20e-39	163
SRR9860122.4	ERR485020.1314230	94.000	100	6	0	19	118	1	100	3.20e-39	163
SRR9860122.4	ERR485020.1301581	95.833	96	4	0	68	163	100	5	3.20e-39	163
SRR9860122.4	ERR485020.1249620	94.000	100	6	0	98	197	100	1	3.20e-39	163
SRR9860122.4	ERR485020.1249620	94.000	100	6	0	70	169	1	100	3.20e-39	163
SRR9860122.4	ERR485020.1202329	94.000	100	6	0	17	116	100	1	3.20e-39	163
SRR9860122.4	ERR485020.1201480	94.000	100	6	0	19	118	100	1	3.20e-39	163
SRR9860122.4	ERR485020.1187461	94.000	100	6	0	11	110	1	100	3.20e-39	163
SRR9860122.4	ERR485020.1184723	94.000	100	6	0	22	121	100	1	3.20e-39	163
SRR9860122.4	ERR485020.1163900	94.000	100	6	0	23	122	100	1	3.20e-39	163
SRR9860122.4	ERR485020.1134800	94.000	100	6	0	95	194	100	1	3.20e-39	163
SRR9860122.4	ERR485020.1078147	94.000	100	6	0	15	114	100	1	3.20e-39	163
SRR9860122.4	ERR485020.1048933	94.000	100	6	0	12	111	1	100	3.20e-39	163
SRR9860122.4	ERR485020.1026127	94.000	100	6	0	16	115	100	1	3.20e-39	163
SRR9860122.4	ERR485020.1021589	94.000	100	6	0	90	189	1	100	3.20e-39	163
SRR9860122.4	ERR485020.978506	94.000	100	6	0	93	192	100	1	3.20e-39	163
SRR9860122.4	ERR485020.967719	94.000	100	6	0	25	124	100	1	3.20e-39	163
SRR9860122.4	ERR485020.958119	94.000	100	6	0	16	115	100	1	3.20e-39	163
SRR9860122.4	ERR485020.928185	94.000	100	6	0	96	195	100	1	3.20e-39	163
SRR9860122.4	ERR485020.900364	94.000	100	6	0	23	122	1	100	3.20e-39	163
SRR9860122.4	ERR485020.839778	94.000	100	6	0	19	118	1	100	3.20e-39	163
SRR9860122.4	ERR485020.786586	94.000	100	6	0	70	169	1	100	3.20e-39	163
SRR9860122.4	ERR485020.722472	94.000	100	6	0	70	169	1	100	3.20e-39	163
SRR9860122.4	ERR485020.619415	94.000	100	6	0	93	192	1	100	3.20e-39	163
SRR9860122.4	ERR485020.585539	94.000	100	6	0	93	192	100	1	3.20e-39	163
SRR9860122.4	ERR485020.585539	94.000	100	6	0	22	121	1	100	3.20e-39	163
SRR9860122.4	ERR485020.489143	94.000	100	6	0	21	120	100	1	3.20e-39	163
SRR9860122.4	ERR485020.483139	94.000	100	6	0	22	121	1	100	3.20e-39	163
SRR9860122.4	ERR485020.456375	94.000	100	6	0	26	125	1	100	3.20e-39	163
SRR9860122.4	ERR485020.422941	94.000	100	6	0	74	173	100	1	3.20e-39	163
SRR9860122.4	ERR485020.413653	94.000	100	6	0	17	116	100	1	3.20e-39	163
SRR9860122.4	ERR485020.408044	94.000	100	6	0	94	193	100	1	3.20e-39	163
SRR9860122.4	ERR485020.394405	94.000	100	6	0	77	176	100	1	3.20e-39	163
SRR9860122.4	ERR485020.353565	94.000	100	6	0	74	173	1	100	3.20e-39	163
SRR9860122.4	ERR485020.338842	94.000	100	6	0	95	194	100	1	3.20e-39	163
SRR9860122.4	ERR485020.338842	94.000	100	6	0	26	125	1	100	3.20e-39	163
SRR9860122.4	ERR485020.318029	94.000	100	6	0	76	175	1	100	3.20e-39	163
SRR9860122.4	ERR485020.294817	94.000	100	6	0	93	192	1	100	3.20e-39	163
SRR9860122.4	ERR485020.235298	94.000	100	6	0	12	111	1	100	3.20e-39	163
SRR9860122.4	ERR485020.217924	94.000	100	6	0	25	124	1	100	3.20e-39	163
SRR9860122.4	ERR485020.194466	94.000	100	6	0	73	172	100	1	3.20e-39	163
SRR9860122.4	ERR485020.161431	94.000	100	6	0	79	178	1	100	3.20e-39	163
SRR9860122.4	ERR485020.128862	94.000	100	6	0	73	172	1	100	3.20e-39	163
SRR9860122.4	ERR485020.96408	94.000	100	6	0	78	177	100	1	3.20e-39	163
SRR9860122.4	ERR485020.1643265	93.939	99	6	0	7	105	99	1	1.15e-38	161
SRR9860122.4	ERR485020.1299300	95.789	95	4	0	86	180	95	1	1.15e-38	161
SRR9860122.4	ERR485020.834081	93.939	99	6	0	100	198	1	99	1.15e-38	161
SRR9860122.4	ERR485020.802589	95.789	95	4	0	69	163	100	6	1.15e-38	161
SRR9860122.4	ERR485020.643997	93.939	99	6	0	92	190	99	1	1.15e-38	161
SRR9860122.4	ERR485020.565136	93.939	99	6	0	100	198	1	99	1.15e-38	161
SRR9860122.4	ERR485020.353621	95.789	95	4	0	86	180	95	1	1.15e-38	161
SRR9860122.4	ERR485020.267513	93.939	99	6	0	7	105	2	100	1.15e-38	161
SRR9860122.4	ERR485020.233184	93.939	99	6	0	7	105	2	100	1.15e-38	161
SRR9860122.4	ERR485020.1403610	93.000	100	7	0	104	203	100	1	4.14e-38	159
SRR9860122.4	ERR485020.1357247	93.878	98	6	0	101	198	1	98	4.14e-38	159
SRR9860122.4	ERR485020.1173519	93.000	100	7	0	104	203	100	1	4.14e-38	159
SRR9860122.4	ERR485020.1155511	93.000	100	7	0	102	201	100	1	4.14e-38	159
SRR9860122.4	ERR485020.1077938	93.000	100	7	0	106	205	1	100	4.14e-38	159
SRR9860122.4	ERR485020.836643	93.000	100	7	0	3	102	100	1	4.14e-38	159
SRR9860122.4	ERR485020.677641	93.000	100	7	0	102	201	100	1	4.14e-38	159
SRR9860122.4	ERR485020.553225	93.000	100	7	0	4	103	100	1	4.14e-38	159
SRR9860122.4	ERR485020.481156	93.000	100	7	0	2	101	100	1	4.14e-38	159
SRR9860122.4	ERR485020.417073	93.000	100	7	0	4	103	1	100	4.14e-38	159
SRR9860122.4	ERR485020.356421	93.000	100	7	0	103	202	100	1	4.14e-38	159
SRR9860122.4	ERR485020.259504	93.000	100	7	0	3	102	100	1	4.14e-38	159
SRR9860122.4	ERR485020.1575532	92.929	99	7	0	108	206	1	99	1.49e-37	158
SRR9860122.4	ERR485020.1494603	92.929	99	7	0	108	206	1	99	1.49e-37	158
SRR9860122.4	ERR485020.1167231	92.929	99	7	0	2	100	2	100	1.49e-37	158
SRR9860122.4	ERR485020.356421	92.929	99	7	0	2	100	2	100	1.49e-37	158
SRR9860122.4	ERR485020.349108	92.929	99	7	0	2	100	2	100	1.49e-37	158
SRR9860122.4	ERR485020.1708220	92.000	100	8	0	136	235	1	100	5.35e-37	156
SRR9860122.4	ERR485020.1649509	92.857	98	7	0	2	99	3	100	5.35e-37	156
SRR9860122.4	ERR485020.1408374	92.000	100	8	0	136	235	1	100	5.35e-37	156
SRR9860122.4	ERR485020.1176613	92.000	100	8	0	115	214	100	1	5.35e-37	156
SRR9860122.4	ERR485020.1119648	92.000	100	8	0	111	210	1	100	5.35e-37	156
SRR9860122.4	ERR485020.1108624	92.000	100	8	0	136	235	1	100	5.35e-37	156
SRR9860122.4	ERR485020.1100132	92.000	100	8	0	136	235	1	100	5.35e-37	156
SRR9860122.4	ERR485020.1075431	92.000	100	8	0	111	210	100	1	5.35e-37	156
SRR9860122.4	ERR485020.539198	92.000	100	8	0	116	215	100	1	5.35e-37	156
SRR9860122.4	ERR485020.318029	92.857	98	7	0	109	206	100	3	5.35e-37	156
SRR9860122.4	ERR485020.1522313	91.919	99	8	0	137	235	100	2	1.92e-36	154
SRR9860122.4	ERR485020.1378212	91.089	101	8	1	150	250	1	100	2.49e-35	150
SRR9860122.4	ERR485020.1187461	91.089	101	8	1	149	249	100	1	2.49e-35	150
SRR9860122.4	ERR485020.965434	90.909	99	9	0	141	239	1	99	2.49e-35	150
SRR9860122.4	ERR485020.783841	92.632	95	7	0	2	96	95	1	2.49e-35	150
SRR9860122.4	ERR485020.695473	91.089	101	8	1	148	248	1	100	2.49e-35	150
SRR9860122.4	ERR485020.522782	91.089	101	8	1	149	249	100	1	2.49e-35	150
SRR9860122.4	ERR485020.151626	92.632	95	7	0	2	96	95	1	2.49e-35	150
SRR9860122.4	ERR485020.109702	92.632	95	7	0	2	96	95	1	2.49e-35	150
SRR9860122.4	ERR485020.1693636	90.816	98	9	0	142	239	100	3	8.96e-35	148
SRR9860122.4	ERR485020.1130109	92.553	94	7	0	2	95	7	100	8.96e-35	148
SRR9860122.4	ERR485020.656565	91.000	100	8	1	152	251	1	99	8.96e-35	148
SRR9860122.4	ERR485020.1649509	90.909	99	8	1	148	246	98	1	3.22e-34	147
SRR9860122.4	ERR485020.1582458	90.909	99	8	1	153	251	100	3	3.22e-34	147
SRR9860122.4	ERR485020.1511136	92.473	93	7	0	2	94	93	1	3.22e-34	147
SRR9860122.4	ERR485020.984016	92.473	93	7	0	2	94	93	1	3.22e-34	147
SRR9860122.4	ERR485020.940065	90.909	99	8	1	153	251	1	98	3.22e-34	147
SRR9860122.4	ERR485020.1362346	92.391	92	7	0	2	93	9	100	1.16e-33	145
SRR9860122.4	ERR485020.1349765	90.000	100	10	0	114	213	1	100	1.16e-33	145
SRR9860122.4	ERR485020.561330	92.391	92	7	0	148	239	6	97	1.16e-33	145
SRR9860122.4	ERR485020.288453	92.391	92	7	0	148	239	96	5	1.16e-33	145
SRR9860122.4	ERR485020.1643265	92.222	90	7	0	2	91	11	100	1.50e-32	141
SRR9860122.4	ERR485020.1364931	92.222	90	7	0	2	91	11	100	1.50e-32	141
SRR9860122.4	ERR485020.342579	90.625	96	8	1	156	251	100	6	1.50e-32	141
SRR9860122.4	ERR485020.108914	90.625	96	8	1	156	251	1	95	1.50e-32	141
SRR9860122.4	ERR485020.1599093	90.526	95	8	1	157	251	100	7	5.39e-32	139
SRR9860122.4	ERR485020.767281	90.526	95	8	1	157	251	100	7	5.39e-32	139
SRR9860122.4	ERR485020.734757	92.135	89	7	0	2	90	89	1	5.39e-32	139
SRR9860122.4	ERR485020.119247	90.526	95	8	1	157	251	1	94	5.39e-32	139
SRR9860122.4	ERR485020.849595	90.426	94	8	1	158	251	1	93	1.94e-31	137
SRR9860122.4	ERR485020.1166543	90.217	92	8	1	160	251	100	10	2.51e-30	134
SRR9860122.4	ERR485020.1048933	90.217	92	8	1	160	251	100	10	2.51e-30	134
SRR9860122.4	ERR485020.592459	93.902	82	5	0	2	83	82	1	2.51e-30	134
SRR9860122.4	ERR485020.233184	90.217	92	8	1	160	251	100	10	2.51e-30	134
SRR9860122.4	ERR485020.96408	93.902	82	5	0	2	83	15	96	2.51e-30	134
SRR9860122.4	ERR485020.707080	93.827	81	5	0	2	82	20	100	9.02e-30	132
SRR9860122.4	ERR485020.328135	93.827	81	5	0	2	82	81	1	9.02e-30	132
SRR9860122.4	ERR485020.1071738	91.860	86	6	1	166	251	6	90	3.24e-29	130
SRR9860122.4	ERR485020.745217	93.750	80	5	0	2	81	80	1	3.24e-29	130
SRR9860122.4	ERR485020.672116	93.750	80	5	0	2	81	80	1	3.24e-29	130
SRR9860122.4	ERR485020.666473	91.860	86	6	1	166	251	1	85	3.24e-29	130
SRR9860122.4	ERR485020.1075431	93.671	79	5	0	2	80	22	100	1.17e-28	128
SRR9860122.4	ERR485020.503204	91.765	85	6	1	167	251	1	84	1.17e-28	128
SRR9860122.4	ERR485020.812948	91.667	84	6	1	168	251	100	18	4.20e-28	126
SRR9860122.4	ERR485020.1205710	93.506	77	5	0	2	78	77	1	1.51e-27	124
SRR9860122.4	ERR485020.296458	93.506	77	5	0	2	78	24	100	1.51e-27	124
SRR9860122.4	ERR485020.141573	93.506	77	5	0	2	78	77	1	1.51e-27	124
SRR9860122.4	ERR485020.1531412	91.463	82	6	1	170	251	1	81	5.43e-27	122
SRR9860122.4	ERR485020.1018863	93.421	76	5	0	2	77	76	1	5.43e-27	122
SRR9860122.4	ERR485020.1021108	93.333	75	5	0	2	76	75	1	1.95e-26	121
SRR9860122.4	ERR485020.770410	91.250	80	6	1	172	251	1	79	7.02e-26	119
SRR9860122.4	ERR485020.1110509	91.139	79	6	1	173	251	1	78	2.53e-25	117
SRR9860122.4	ERR485020.1108624	91.139	79	6	1	173	251	99	22	2.53e-25	117
SRR9860122.4	ERR485020.1281642	91.026	78	6	1	174	251	1	77	9.08e-25	115
SRR9860122.4	ERR485020.366444	91.026	78	6	1	174	251	1	77	9.08e-25	115
SRR9860122.4	ERR485020.357369	91.026	78	6	1	174	251	1	77	9.08e-25	115
SRR9860122.4	ERR485020.343685	93.056	72	5	0	2	73	72	1	9.08e-25	115
SRR9860122.4	ERR485020.290603	91.026	78	6	1	174	251	1	77	9.08e-25	115
SRR9860122.4	ERR485020.1078147	92.958	71	5	0	2	72	30	100	3.27e-24	113
SRR9860122.4	ERR485020.938639	90.789	76	6	1	176	251	1	75	1.17e-23	111
SRR9860122.4	ERR485020.1144704	90.667	75	6	1	177	251	100	27	4.23e-23	110
SRR9860122.4	ERR485020.174177	90.667	75	6	1	177	251	100	27	4.23e-23	110
SRR9860122.4	ERR485020.1656834	90.541	74	6	1	178	251	1	73	1.52e-22	108
SRR9860122.4	ERR485020.1019938	90.541	74	6	1	178	251	1	73	1.52e-22	108
SRR9860122.4	ERR485020.1624955	89.474	76	7	1	176	251	100	26	5.47e-22	106
SRR9860122.4	ERR485020.1092456	90.278	72	6	1	180	251	1	71	1.97e-21	104
SRR9860122.4	ERR485020.988452	90.278	72	6	1	180	251	1	71	1.97e-21	104
SRR9860122.4	ERR485020.1605225	92.424	66	4	1	186	251	99	35	2.54e-20	100
SRR9860122.4	ERR485020.1437240	92.424	66	4	1	186	251	95	31	2.54e-20	100
SRR9860122.4	ERR485020.1357207	89.041	73	7	1	179	251	1	72	2.54e-20	100
SRR9860122.4	ERR485020.1077938	92.424	66	4	1	186	251	98	34	2.54e-20	100
SRR9860122.4	ERR485020.722472	92.424	66	4	1	186	251	96	32	2.54e-20	100
SRR9860122.4	ERR485020.695473	92.308	65	4	1	187	251	100	37	9.15e-20	99.0
SRR9860122.4	ERR485020.217461	92.063	63	4	1	189	251	1	62	1.18e-18	95.3
SRR9860122.4	ERR485020.1314230	91.935	62	4	1	190	251	100	40	4.26e-18	93.5
SRR9860122.4	ERR485020.488889	91.935	62	4	1	190	251	1	61	4.26e-18	93.5
SRR9860122.4	ERR485020.77492	91.935	62	4	1	190	251	1	61	4.26e-18	93.5
SRR9860122.4	ERR485020.357369	91.667	60	4	1	192	251	100	42	5.51e-17	89.8
SRR9860122.4	ERR485020.96007	91.525	59	4	1	193	251	1	58	1.98e-16	87.9
SRR9860122.4	ERR485020.1701969	91.379	58	4	1	194	251	100	44	7.12e-16	86.1
SRR9860122.4	ERR485020.1684984	90.909	55	4	1	197	251	1	54	3.31e-14	80.5
SRR9860122.4	ERR485020.1716378	92.308	52	3	1	200	251	100	50	1.19e-13	78.7
SRR9860122.4	ERR485020.737183	92.308	52	3	1	200	251	1	51	1.19e-13	78.7
SRR9860122.4	ERR485020.1371191	100.000	41	0	0	86	126	6	46	4.29e-13	76.8
SRR9860122.4	ERR485020.707080	92.157	51	3	1	201	251	100	51	4.29e-13	76.8
SRR9860122.4	ERR485020.234515	92.000	50	3	1	202	251	1	49	1.54e-12	75.0
SRR9860122.4	ERR485020.1195092	91.837	49	3	1	203	251	100	53	5.54e-12	73.1
SRR9860122.4	ERR485020.78430	91.837	49	3	1	203	251	100	53	5.54e-12	73.1
SRR9860122.4	ERR485020.813639	91.667	48	3	1	204	251	100	54	1.99e-11	71.3
SRR9860122.4	ERR485020.282359	91.667	48	3	1	204	251	1	47	1.99e-11	71.3
SRR9860122.4	ERR485020.338479	91.489	47	3	1	205	251	1	46	7.17e-11	69.4
SRR9860122.4	ERR485020.1110509	93.182	44	2	1	208	251	98	56	2.58e-10	67.6
SRR9860122.4	ERR485020.539605	93.182	44	2	1	208	251	98	56	2.58e-10	67.6
SRR9860122.4	ERR485020.253206	93.182	44	2	1	208	251	2	44	2.58e-10	67.6
SRR9860122.5	ERR485020.1717041	98.000	100	2	0	102	201	100	1	1.14e-43	178
SRR9860122.5	ERR485020.1710472	98.000	100	2	0	115	214	100	1	1.14e-43	178
SRR9860122.5	ERR485020.1652833	98.000	100	2	0	104	203	100	1	1.14e-43	178
SRR9860122.5	ERR485020.1627450	98.000	100	2	0	126	225	100	1	1.14e-43	178
SRR9860122.5	ERR485020.1621952	98.000	100	2	0	121	220	100	1	1.14e-43	178
SRR9860122.5	ERR485020.1609340	98.000	100	2	0	112	211	100	1	1.14e-43	178
SRR9860122.5	ERR485020.1553169	98.000	100	2	0	113	212	1	100	1.14e-43	178
SRR9860122.5	ERR485020.1551388	98.000	100	2	0	90	189	1	100	1.14e-43	178
SRR9860122.5	ERR485020.1543906	98.000	100	2	0	90	189	1	100	1.14e-43	178
SRR9860122.5	ERR485020.1536364	98.000	100	2	0	125	224	1	100	1.14e-43	178
SRR9860122.5	ERR485020.1510894	98.000	100	2	0	101	200	100	1	1.14e-43	178
SRR9860122.5	ERR485020.1510543	98.000	100	2	0	98	197	100	1	1.14e-43	178
SRR9860122.5	ERR485020.1501801	98.000	100	2	0	92	191	1	100	1.14e-43	178
SRR9860122.5	ERR485020.1496248	98.000	100	2	0	112	211	1	100	1.14e-43	178
SRR9860122.5	ERR485020.1478571	98.000	100	2	0	102	201	100	1	1.14e-43	178
SRR9860122.5	ERR485020.1475228	98.000	100	2	0	111	210	1	100	1.14e-43	178
SRR9860122.5	ERR485020.1449189	98.000	100	2	0	102	201	1	100	1.14e-43	178
SRR9860122.5	ERR485020.1428467	98.000	100	2	0	100	199	1	100	1.14e-43	178
SRR9860122.5	ERR485020.1412133	98.000	100	2	0	113	212	100	1	1.14e-43	178
SRR9860122.5	ERR485020.1398072	98.000	100	2	0	100	199	100	1	1.14e-43	178
SRR9860122.5	ERR485020.1379816	98.000	100	2	0	111	210	1	100	1.14e-43	178
SRR9860122.5	ERR485020.1368432	98.000	100	2	0	106	205	100	1	1.14e-43	178
SRR9860122.5	ERR485020.1362001	98.000	100	2	0	120	219	100	1	1.14e-43	178
SRR9860122.5	ERR485020.1360415	98.000	100	2	0	103	202	1	100	1.14e-43	178
SRR9860122.5	ERR485020.1357018	98.000	100	2	0	93	192	100	1	1.14e-43	178
SRR9860122.5	ERR485020.1353736	98.000	100	2	0	105	204	1	100	1.14e-43	178
SRR9860122.5	ERR485020.1329108	98.000	100	2	0	88	187	1	100	1.14e-43	178
SRR9860122.5	ERR485020.1310814	98.000	100	2	0	116	215	1	100	1.14e-43	178
SRR9860122.5	ERR485020.1299315	98.000	100	2	0	111	210	1	100	1.14e-43	178
SRR9860122.5	ERR485020.1271479	98.000	100	2	0	94	193	1	100	1.14e-43	178
SRR9860122.5	ERR485020.1256497	98.000	100	2	0	98	197	100	1	1.14e-43	178
SRR9860122.5	ERR485020.1254495	98.000	100	2	0	122	221	1	100	1.14e-43	178
SRR9860122.5	ERR485020.1236502	98.000	100	2	0	120	219	100	1	1.14e-43	178
SRR9860122.5	ERR485020.1234161	98.000	100	2	0	92	191	100	1	1.14e-43	178
SRR9860122.5	ERR485020.1231370	98.000	100	2	0	97	196	1	100	1.14e-43	178
SRR9860122.5	ERR485020.1165038	98.000	100	2	0	118	217	1	100	1.14e-43	178
SRR9860122.5	ERR485020.1125078	98.000	100	2	0	122	221	100	1	1.14e-43	178
SRR9860122.5	ERR485020.1105702	98.000	100	2	0	116	215	100	1	1.14e-43	178
SRR9860122.5	ERR485020.1083428	98.000	100	2	0	98	197	1	100	1.14e-43	178
SRR9860122.5	ERR485020.1068410	98.000	100	2	0	89	188	1	100	1.14e-43	178
SRR9860122.5	ERR485020.1062500	98.000	100	2	0	93	192	100	1	1.14e-43	178
SRR9860122.5	ERR485020.1033926	98.000	100	2	0	103	202	100	1	1.14e-43	178
SRR9860122.5	ERR485020.1028019	98.000	100	2	0	127	226	100	1	1.14e-43	178
SRR9860122.5	ERR485020.1023393	98.000	100	2	0	97	196	1	100	1.14e-43	178
SRR9860122.5	ERR485020.1001741	98.000	100	2	0	88	187	1	100	1.14e-43	178
SRR9860122.5	ERR485020.965936	98.000	100	2	0	112	211	100	1	1.14e-43	178
SRR9860122.5	ERR485020.958191	98.000	100	2	0	98	197	1	100	1.14e-43	178
SRR9860122.5	ERR485020.947084	98.000	100	2	0	113	212	1	100	1.14e-43	178
SRR9860122.5	ERR485020.928770	98.000	100	2	0	115	214	1	100	1.14e-43	178
SRR9860122.5	ERR485020.878052	98.000	100	2	0	112	211	1	100	1.14e-43	178
SRR9860122.5	ERR485020.878052	98.000	100	2	0	127	226	100	1	1.14e-43	178
SRR9860122.5	ERR485020.854716	98.000	100	2	0	122	221	1	100	1.14e-43	178
SRR9860122.5	ERR485020.825908	98.000	100	2	0	95	194	1	100	1.14e-43	178
SRR9860122.5	ERR485020.816430	98.000	100	2	0	94	193	100	1	1.14e-43	178
SRR9860122.5	ERR485020.795306	98.000	100	2	0	93	192	100	1	1.14e-43	178
SRR9860122.5	ERR485020.792040	98.000	100	2	0	116	215	1	100	1.14e-43	178
SRR9860122.5	ERR485020.777171	98.000	100	2	0	100	199	1	100	1.14e-43	178
SRR9860122.5	ERR485020.764205	98.000	100	2	0	121	220	1	100	1.14e-43	178
SRR9860122.5	ERR485020.753928	98.000	100	2	0	98	197	100	1	1.14e-43	178
SRR9860122.5	ERR485020.753590	98.000	100	2	0	90	189	100	1	1.14e-43	178
SRR9860122.5	ERR485020.700697	98.000	100	2	0	111	210	100	1	1.14e-43	178
SRR9860122.5	ERR485020.677993	98.000	100	2	0	118	217	100	1	1.14e-43	178
SRR9860122.5	ERR485020.662029	98.000	100	2	0	94	193	1	100	1.14e-43	178
SRR9860122.5	ERR485020.627516	98.000	100	2	0	90	189	100	1	1.14e-43	178
SRR9860122.5	ERR485020.620948	98.000	100	2	0	115	214	1	100	1.14e-43	178
SRR9860122.5	ERR485020.590160	98.000	100	2	0	103	202	100	1	1.14e-43	178
SRR9860122.5	ERR485020.581529	98.000	100	2	0	91	190	1	100	1.14e-43	178
SRR9860122.5	ERR485020.565479	98.000	100	2	0	101	200	100	1	1.14e-43	178
SRR9860122.5	ERR485020.555977	98.000	100	2	0	118	217	1	100	1.14e-43	178
SRR9860122.5	ERR485020.530842	98.000	100	2	0	90	189	100	1	1.14e-43	178
SRR9860122.5	ERR485020.518381	98.000	100	2	0	89	188	1	100	1.14e-43	178
SRR9860122.5	ERR485020.515983	98.000	100	2	0	97	196	1	100	1.14e-43	178
SRR9860122.5	ERR485020.486114	98.000	100	2	0	100	199	1	100	1.14e-43	178
SRR9860122.5	ERR485020.470087	98.000	100	2	0	100	199	100	1	1.14e-43	178
SRR9860122.5	ERR485020.370925	98.000	100	2	0	102	201	1	100	1.14e-43	178
SRR9860122.5	ERR485020.338347	98.000	100	2	0	120	219	1	100	1.14e-43	178
SRR9860122.5	ERR485020.249008	98.000	100	2	0	88	187	100	1	1.14e-43	178
SRR9860122.5	ERR485020.232028	98.000	100	2	0	118	217	1	100	1.14e-43	178
SRR9860122.5	ERR485020.229265	98.000	100	2	0	93	192	1	100	1.14e-43	178
SRR9860122.5	ERR485020.220657	98.000	100	2	0	113	212	1	100	1.14e-43	178
SRR9860122.5	ERR485020.161302	98.000	100	2	0	126	225	1	100	1.14e-43	178
SRR9860122.5	ERR485020.150388	98.000	100	2	0	114	213	1	100	1.14e-43	178
SRR9860122.5	ERR485020.142437	98.000	100	2	0	127	226	100	1	1.14e-43	178
SRR9860122.5	ERR485020.102723	98.000	100	2	0	111	210	1	100	1.14e-43	178
SRR9860122.5	ERR485020.1216163	98.969	97	1	0	131	227	100	4	4.11e-43	176
SRR9860122.5	ERR485020.1073264	97.980	99	2	0	94	192	99	1	4.11e-43	176
SRR9860122.5	ERR485020.1073264	97.980	99	2	0	94	192	1	99	4.11e-43	176
SRR9860122.5	ERR485020.700282	98.969	97	1	0	131	227	3	99	4.11e-43	176
SRR9860122.5	ERR485020.202130	97.980	99	2	0	88	186	2	100	4.11e-43	176
SRR9860122.5	ERR485020.329219	97.959	98	2	0	88	185	98	1	1.48e-42	174
SRR9860122.5	ERR485020.1520145	97.000	100	3	0	123	222	1	100	5.31e-42	172
SRR9860122.5	ERR485020.804485	97.000	100	3	0	115	214	1	100	5.31e-42	172
SRR9860122.5	ERR485020.515983	98.947	95	1	0	133	227	100	6	5.31e-42	172
SRR9860122.5	ERR485020.411867	97.938	97	2	0	88	184	4	100	5.31e-42	172
SRR9860122.5	ERR485020.76337	97.000	100	3	0	122	221	100	1	5.31e-42	172
SRR9860122.5	ERR485020.1716871	96.000	100	4	0	64	163	100	1	1.91e-41	171
SRR9860122.5	ERR485020.1628194	98.936	94	1	0	134	227	100	7	1.91e-41	171
SRR9860122.5	ERR485020.1482568	96.000	100	4	0	67	166	100	1	1.91e-41	171
SRR9860122.5	ERR485020.1475791	96.000	100	4	0	147	246	100	1	1.91e-41	171
SRR9860122.5	ERR485020.1474777	96.000	100	4	0	152	251	100	1	1.91e-41	171
SRR9860122.5	ERR485020.1412133	96.000	100	4	0	64	163	1	100	1.91e-41	171
SRR9860122.5	ERR485020.1406617	96.000	100	4	0	152	251	100	1	1.91e-41	171
SRR9860122.5	ERR485020.1403261	96.000	100	4	0	63	162	1	100	1.91e-41	171
SRR9860122.5	ERR485020.1375189	96.000	100	4	0	67	166	1	100	1.91e-41	171
SRR9860122.5	ERR485020.1365648	96.000	100	4	0	149	248	1	100	1.91e-41	171
SRR9860122.5	ERR485020.1360673	98.936	94	1	0	134	227	100	7	1.91e-41	171
SRR9860122.5	ERR485020.1286139	97.917	96	2	0	88	183	5	100	1.91e-41	171
SRR9860122.5	ERR485020.1220486	97.917	96	2	0	88	183	5	100	1.91e-41	171
SRR9860122.5	ERR485020.1126167	96.000	100	4	0	138	237	1	100	1.91e-41	171
SRR9860122.5	ERR485020.1066368	96.000	100	4	0	64	163	100	1	1.91e-41	171
SRR9860122.5	ERR485020.1040351	96.000	100	4	0	140	239	100	1	1.91e-41	171
SRR9860122.5	ERR485020.1028019	96.000	100	4	0	64	163	1	100	1.91e-41	171
SRR9860122.5	ERR485020.1001741	96.000	100	4	0	144	243	100	1	1.91e-41	171
SRR9860122.5	ERR485020.971126	96.000	100	4	0	142	241	100	1	1.91e-41	171
SRR9860122.5	ERR485020.947084	96.000	100	4	0	151	250	100	1	1.91e-41	171
SRR9860122.5	ERR485020.924812	96.000	100	4	0	142	241	1	100	1.91e-41	171
SRR9860122.5	ERR485020.898367	96.000	100	4	0	146	245	100	1	1.91e-41	171
SRR9860122.5	ERR485020.787306	96.000	100	4	0	138	237	1	100	1.91e-41	171
SRR9860122.5	ERR485020.747760	96.000	100	4	0	150	249	1	100	1.91e-41	171
SRR9860122.5	ERR485020.704027	96.000	100	4	0	150	249	100	1	1.91e-41	171
SRR9860122.5	ERR485020.675850	96.000	100	4	0	63	162	1	100	1.91e-41	171
SRR9860122.5	ERR485020.658940	96.000	100	4	0	65	164	1	100	1.91e-41	171
SRR9860122.5	ERR485020.632176	96.000	100	4	0	67	166	100	1	1.91e-41	171
SRR9860122.5	ERR485020.619027	98.936	94	1	0	134	227	1	94	1.91e-41	171
SRR9860122.5	ERR485020.576225	96.000	100	4	0	67	166	100	1	1.91e-41	171
SRR9860122.5	ERR485020.565591	96.000	100	4	0	145	244	100	1	1.91e-41	171
SRR9860122.5	ERR485020.524611	96.000	100	4	0	67	166	1	100	1.91e-41	171
SRR9860122.5	ERR485020.477168	96.000	100	4	0	142	241	1	100	1.91e-41	171
SRR9860122.5	ERR485020.411867	96.000	100	4	0	145	244	100	1	1.91e-41	171
SRR9860122.5	ERR485020.365951	96.000	100	4	0	138	237	100	1	1.91e-41	171
SRR9860122.5	ERR485020.243995	96.000	100	4	0	66	165	1	100	1.91e-41	171
SRR9860122.5	ERR485020.243995	96.000	100	4	0	139	238	100	1	1.91e-41	171
SRR9860122.5	ERR485020.1728330	95.960	99	4	0	63	161	99	1	6.87e-41	169
SRR9860122.5	ERR485020.1406617	97.895	95	2	0	88	182	6	100	6.87e-41	169
SRR9860122.5	ERR485020.1136879	95.960	99	4	0	153	251	100	2	6.87e-41	169
SRR9860122.5	ERR485020.1027072	95.960	99	4	0	153	251	1	99	6.87e-41	169
SRR9860122.5	ERR485020.980438	95.960	99	4	0	63	161	99	1	6.87e-41	169
SRR9860122.5	ERR485020.852361	95.960	99	4	0	153	251	1	99	6.87e-41	169
SRR9860122.5	ERR485020.625701	95.960	99	4	0	63	161	2	100	6.87e-41	169
SRR9860122.5	ERR485020.460367	97.895	95	2	0	88	182	95	1	6.87e-41	169
SRR9860122.5	ERR485020.398600	95.960	99	4	0	68	166	1	99	6.87e-41	169
SRR9860122.5	ERR485020.268117	95.960	99	4	0	68	166	1	99	6.87e-41	169
SRR9860122.5	ERR485020.250940	95.960	99	4	0	153	251	100	2	6.87e-41	169
SRR9860122.5	ERR485020.1628194	95.000	100	5	0	78	177	1	100	2.47e-40	167
SRR9860122.5	ERR485020.1597459	95.000	100	5	0	57	156	100	1	2.47e-40	167
SRR9860122.5	ERR485020.1580006	95.000	100	5	0	60	159	100	1	2.47e-40	167
SRR9860122.5	ERR485020.1549351	95.918	98	4	0	154	251	1	98	2.47e-40	167
SRR9860122.5	ERR485020.1475791	95.000	100	5	0	77	176	1	100	2.47e-40	167
SRR9860122.5	ERR485020.1457583	95.000	100	5	0	73	172	1	100	2.47e-40	167
SRR9860122.5	ERR485020.1423691	96.000	100	4	0	95	194	100	1	2.47e-40	167
SRR9860122.5	ERR485020.1403571	95.000	100	5	0	73	172	100	1	2.47e-40	167
SRR9860122.5	ERR485020.1398072	95.918	98	4	0	63	160	3	100	2.47e-40	167
SRR9860122.5	ERR485020.1385354	95.000	100	5	0	57	156	100	1	2.47e-40	167
SRR9860122.5	ERR485020.1379381	97.872	94	2	0	88	181	94	1	2.47e-40	167
SRR9860122.5	ERR485020.1201262	95.000	100	5	0	78	177	100	1	2.47e-40	167
SRR9860122.5	ERR485020.1124769	95.000	100	5	0	55	154	1	100	2.47e-40	167
SRR9860122.5	ERR485020.1094933	95.918	98	4	0	69	166	1	98	2.47e-40	167
SRR9860122.5	ERR485020.1080460	95.000	100	5	0	79	178	1	100	2.47e-40	167
SRR9860122.5	ERR485020.1057436	95.000	100	5	0	57	156	100	1	2.47e-40	167
SRR9860122.5	ERR485020.1054371	95.000	100	5	0	72	171	1	100	2.47e-40	167
SRR9860122.5	ERR485020.978479	95.918	98	4	0	69	166	1	98	2.47e-40	167
SRR9860122.5	ERR485020.978479	97.895	95	2	0	133	227	100	6	2.47e-40	167
SRR9860122.5	ERR485020.963014	95.000	100	5	0	59	158	100	1	2.47e-40	167
SRR9860122.5	ERR485020.910738	95.000	100	5	0	58	157	1	100	2.47e-40	167
SRR9860122.5	ERR485020.808106	95.000	100	5	0	71	170	100	1	2.47e-40	167
SRR9860122.5	ERR485020.772477	95.000	100	5	0	59	158	100	1	2.47e-40	167
SRR9860122.5	ERR485020.764713	95.000	100	5	0	58	157	1	100	2.47e-40	167
SRR9860122.5	ERR485020.735035	98.913	92	1	0	136	227	100	9	2.47e-40	167
SRR9860122.5	ERR485020.685543	95.918	98	4	0	63	160	3	100	2.47e-40	167
SRR9860122.5	ERR485020.669313	97.872	94	2	0	88	181	94	1	2.47e-40	167
SRR9860122.5	ERR485020.535950	95.000	100	5	0	70	169	100	1	2.47e-40	167
SRR9860122.5	ERR485020.534219	95.000	100	5	0	77	176	1	100	2.47e-40	167
SRR9860122.5	ERR485020.507904	95.000	100	5	0	54	153	100	1	2.47e-40	167
SRR9860122.5	ERR485020.446312	95.000	100	5	0	56	155	100	1	2.47e-40	167
SRR9860122.5	ERR485020.438956	95.000	100	5	0	60	159	1	100	2.47e-40	167
SRR9860122.5	ERR485020.431085	95.000	100	5	0	59	158	1	100	2.47e-40	167
SRR9860122.5	ERR485020.421793	95.000	100	5	0	56	155	1	100	2.47e-40	167
SRR9860122.5	ERR485020.406243	95.000	100	5	0	77	176	1	100	2.47e-40	167
SRR9860122.5	ERR485020.382631	95.000	100	5	0	54	153	100	1	2.47e-40	167
SRR9860122.5	ERR485020.330251	98.913	92	1	0	136	227	1	92	2.47e-40	167
SRR9860122.5	ERR485020.321634	95.918	98	4	0	69	166	100	3	2.47e-40	167
SRR9860122.5	ERR485020.253607	98.913	92	1	0	136	227	1	92	2.47e-40	167
SRR9860122.5	ERR485020.213859	95.918	98	4	0	154	251	100	3	2.47e-40	167
SRR9860122.5	ERR485020.211122	95.918	98	4	0	69	166	100	3	2.47e-40	167
SRR9860122.5	ERR485020.142437	95.000	100	5	0	78	177	1	100	2.47e-40	167
SRR9860122.5	ERR485020.1621952	94.949	99	5	0	54	152	2	100	8.89e-40	165
SRR9860122.5	ERR485020.1359969	94.949	99	5	0	54	152	99	1	8.89e-40	165
SRR9860122.5	ERR485020.1216163	97.849	93	2	0	88	180	8	100	8.89e-40	165
SRR9860122.5	ERR485020.1183947	94.949	99	5	0	54	152	99	1	8.89e-40	165
SRR9860122.5	ERR485020.1055113	95.000	100	5	0	150	249	1	100	8.89e-40	165
SRR9860122.5	ERR485020.668984	96.907	97	3	0	70	166	100	4	8.89e-40	165
SRR9860122.5	ERR485020.428288	97.849	93	2	0	88	180	8	100	8.89e-40	165
SRR9860122.5	ERR485020.1688824	94.000	100	6	0	22	121	1	100	3.20e-39	163
SRR9860122.5	ERR485020.1648860	94.000	100	6	0	27	126	100	1	3.20e-39	163
SRR9860122.5	ERR485020.1431164	94.000	100	6	0	24	123	1	100	3.20e-39	163
SRR9860122.5	ERR485020.1380272	94.000	100	6	0	28	127	100	1	3.20e-39	163
SRR9860122.5	ERR485020.1249202	94.000	100	6	0	24	123	1	100	3.20e-39	163
SRR9860122.5	ERR485020.1206284	94.000	100	6	0	26	125	1	100	3.20e-39	163
SRR9860122.5	ERR485020.1083368	94.000	100	6	0	47	146	100	1	3.20e-39	163
SRR9860122.5	ERR485020.1026423	94.000	100	6	0	51	150	100	1	3.20e-39	163
SRR9860122.5	ERR485020.974314	97.826	92	2	0	88	179	9	100	3.20e-39	163
SRR9860122.5	ERR485020.941981	94.000	100	6	0	23	122	100	1	3.20e-39	163
SRR9860122.5	ERR485020.927548	94.000	100	6	0	46	145	100	1	3.20e-39	163
SRR9860122.5	ERR485020.915352	94.000	100	6	0	29	128	100	1	3.20e-39	163
SRR9860122.5	ERR485020.888068	94.000	100	6	0	49	148	100	1	3.20e-39	163
SRR9860122.5	ERR485020.881298	94.000	100	6	0	50	149	1	100	3.20e-39	163
SRR9860122.5	ERR485020.861425	94.000	100	6	0	27	126	100	1	3.20e-39	163
SRR9860122.5	ERR485020.795306	94.000	100	6	0	46	145	1	100	3.20e-39	163
SRR9860122.5	ERR485020.775591	94.000	100	6	0	25	124	100	1	3.20e-39	163
SRR9860122.5	ERR485020.743868	94.000	100	6	0	49	148	100	1	3.20e-39	163
SRR9860122.5	ERR485020.677993	94.000	100	6	0	25	124	1	100	3.20e-39	163
SRR9860122.5	ERR485020.663502	94.000	100	6	0	29	128	100	1	3.20e-39	163
SRR9860122.5	ERR485020.663502	94.000	100	6	0	23	122	1	100	3.20e-39	163
SRR9860122.5	ERR485020.606810	94.000	100	6	0	29	128	100	1	3.20e-39	163
SRR9860122.5	ERR485020.592430	94.000	100	6	0	30	129	100	1	3.20e-39	163
SRR9860122.5	ERR485020.590160	94.000	100	6	0	24	123	1	100	3.20e-39	163
SRR9860122.5	ERR485020.535950	94.000	100	6	0	26	125	1	100	3.20e-39	163
SRR9860122.5	ERR485020.511149	94.000	100	6	0	23	122	1	100	3.20e-39	163
SRR9860122.5	ERR485020.389026	94.000	100	6	0	27	126	100	1	3.20e-39	163
SRR9860122.5	ERR485020.376137	94.000	100	6	0	46	145	100	1	3.20e-39	163
SRR9860122.5	ERR485020.365951	94.000	100	6	0	22	121	1	100	3.20e-39	163
SRR9860122.5	ERR485020.247631	94.000	100	6	0	22	121	100	1	3.20e-39	163
SRR9860122.5	ERR485020.241466	94.000	100	6	0	50	149	1	100	3.20e-39	163
SRR9860122.5	ERR485020.235231	94.000	100	6	0	47	146	100	1	3.20e-39	163
SRR9860122.5	ERR485020.131897	94.898	98	5	0	54	151	98	1	3.20e-39	163
SRR9860122.5	ERR485020.81312	94.000	100	6	0	51	150	1	100	3.20e-39	163
SRR9860122.5	ERR485020.1514591	95.789	95	4	0	157	251	1	95	1.15e-38	161
SRR9860122.5	ERR485020.1464339	93.939	99	6	0	22	120	2	100	1.15e-38	161
SRR9860122.5	ERR485020.1127744	93.939	99	6	0	46	144	99	1	1.15e-38	161
SRR9860122.5	ERR485020.1031474	93.939	99	6	0	46	144	99	1	1.15e-38	161
SRR9860122.5	ERR485020.971126	93.939	99	6	0	31	129	1	99	1.15e-38	161
SRR9860122.5	ERR485020.852466	95.789	95	4	0	157	251	1	95	1.15e-38	161
SRR9860122.5	ERR485020.780232	95.789	95	4	0	157	251	1	95	1.15e-38	161
SRR9860122.5	ERR485020.450884	95.789	95	4	0	157	251	1	95	1.15e-38	161
SRR9860122.5	ERR485020.414327	94.000	100	6	0	55	154	1	100	1.15e-38	161
SRR9860122.5	ERR485020.308632	95.789	95	4	0	157	251	1	95	1.15e-38	161
SRR9860122.5	ERR485020.229265	95.789	95	4	0	157	251	100	6	1.15e-38	161
SRR9860122.5	ERR485020.184736	95.789	95	4	0	157	251	1	95	1.15e-38	161
SRR9860122.5	ERR485020.1623437	93.000	100	7	0	36	135	100	1	4.14e-38	159
SRR9860122.5	ERR485020.1608504	93.000	100	7	0	39	138	100	1	4.14e-38	159
SRR9860122.5	ERR485020.1510193	93.000	100	7	0	41	140	100	1	4.14e-38	159
SRR9860122.5	ERR485020.1507170	93.000	100	7	0	37	136	1	100	4.14e-38	159
SRR9860122.5	ERR485020.1286193	93.000	100	7	0	39	138	1	100	4.14e-38	159
SRR9860122.5	ERR485020.1275038	93.000	100	7	0	35	134	100	1	4.14e-38	159
SRR9860122.5	ERR485020.1264620	93.878	98	6	0	32	129	1	98	4.14e-38	159
SRR9860122.5	ERR485020.1172245	93.000	100	7	0	35	134	1	100	4.14e-38	159
SRR9860122.5	ERR485020.1162123	93.878	98	6	0	46	143	3	100	4.14e-38	159
SRR9860122.5	ERR485020.956058	93.000	100	7	0	33	132	100	1	4.14e-38	159
SRR9860122.5	ERR485020.953397	93.000	100	7	0	39	138	1	100	4.14e-38	159
SRR9860122.5	ERR485020.845669	93.000	100	7	0	35	134	100	1	4.14e-38	159
SRR9860122.5	ERR485020.828109	93.000	100	7	0	39	138	100	1	4.14e-38	159
SRR9860122.5	ERR485020.812552	93.000	100	7	0	40	139	100	1	4.14e-38	159
SRR9860122.5	ERR485020.801392	93.000	100	7	0	35	134	100	1	4.14e-38	159
SRR9860122.5	ERR485020.620260	93.000	100	7	0	40	139	1	100	4.14e-38	159
SRR9860122.5	ERR485020.518381	95.745	94	4	0	158	251	100	7	4.14e-38	159
SRR9860122.5	ERR485020.427875	93.000	100	7	0	35	134	1	100	4.14e-38	159
SRR9860122.5	ERR485020.329219	93.000	100	7	0	33	132	1	100	4.14e-38	159
SRR9860122.5	ERR485020.325765	93.878	98	6	0	32	129	100	3	4.14e-38	159
SRR9860122.5	ERR485020.241466	95.745	94	4	0	158	251	100	7	4.14e-38	159
SRR9860122.5	ERR485020.196396	93.000	100	7	0	35	134	100	1	4.14e-38	159
SRR9860122.5	ERR485020.150614	93.000	100	7	0	42	141	100	1	4.14e-38	159
SRR9860122.5	ERR485020.76337	93.000	100	7	0	36	135	1	100	4.14e-38	159
SRR9860122.5	ERR485020.1709711	93.814	97	6	0	22	118	97	1	1.49e-37	158
SRR9860122.5	ERR485020.1554957	95.699	93	4	0	159	251	1	93	1.49e-37	158
SRR9860122.5	ERR485020.1461799	93.000	100	7	0	48	147	100	1	1.49e-37	158
SRR9860122.5	ERR485020.1125078	93.000	100	7	0	18	117	1	100	1.49e-37	158
SRR9860122.5	ERR485020.1079777	93.000	100	7	0	17	116	1	100	1.49e-37	158
SRR9860122.5	ERR485020.1047187	93.000	100	7	0	18	117	1	100	1.49e-37	158
SRR9860122.5	ERR485020.1007638	93.000	100	7	0	16	115	100	1	1.49e-37	158
SRR9860122.5	ERR485020.965936	93.000	100	7	0	19	118	1	100	1.49e-37	158
SRR9860122.5	ERR485020.757489	95.699	93	4	0	159	251	1	93	1.49e-37	158
SRR9860122.5	ERR485020.612958	93.000	100	7	0	16	115	100	1	1.49e-37	158
SRR9860122.5	ERR485020.565479	93.069	101	6	1	42	142	1	100	1.49e-37	158
SRR9860122.5	ERR485020.428959	93.814	97	6	0	22	118	97	1	1.49e-37	158
SRR9860122.5	ERR485020.264871	93.000	100	7	0	18	117	1	100	1.49e-37	158
SRR9860122.5	ERR485020.217548	93.814	97	6	0	22	118	97	1	1.49e-37	158
SRR9860122.5	ERR485020.156785	93.000	100	7	0	49	148	100	1	1.49e-37	158
SRR9860122.5	ERR485020.1279462	95.652	92	4	0	160	251	1	92	5.35e-37	156
SRR9860122.5	ERR485020.338347	95.652	92	4	0	160	251	100	9	5.35e-37	156
SRR9860122.5	ERR485020.102723	95.652	92	4	0	160	251	100	9	5.35e-37	156
SRR9860122.5	ERR485020.1544138	92.000	100	8	0	39	138	100	1	1.92e-36	154
SRR9860122.5	ERR485020.1496248	95.604	91	4	0	161	251	100	10	1.92e-36	154
SRR9860122.5	ERR485020.777763	92.000	100	8	0	41	140	100	1	1.92e-36	154
SRR9860122.5	ERR485020.1431164	95.556	90	4	0	162	251	100	11	6.92e-36	152
SRR9860122.5	ERR485020.1278326	92.079	101	7	1	42	142	100	1	6.92e-36	152
SRR9860122.5	ERR485020.1172245	95.556	90	4	0	162	251	100	11	6.92e-36	152
SRR9860122.5	ERR485020.647388	95.556	90	4	0	162	251	100	11	6.92e-36	152
SRR9860122.5	ERR485020.268117	95.556	90	4	0	162	251	100	11	6.92e-36	152
SRR9860122.5	ERR485020.934998	95.506	89	4	0	163	251	99	11	2.49e-35	150
SRR9860122.5	ERR485020.606146	95.506	89	4	0	163	251	1	89	2.49e-35	150
SRR9860122.5	ERR485020.249888	95.506	89	4	0	163	251	1	89	2.49e-35	150
SRR9860122.5	ERR485020.194893	95.506	89	4	0	163	251	1	89	2.49e-35	150
SRR9860122.5	ERR485020.894971	94.505	91	5	0	161	251	1	91	8.96e-35	148
SRR9860122.5	ERR485020.728196	95.455	88	4	0	164	251	1	88	8.96e-35	148
SRR9860122.5	ERR485020.1070180	96.429	84	3	0	168	251	3	86	1.16e-33	145
SRR9860122.5	ERR485020.1054371	96.429	84	3	0	168	251	100	17	1.16e-33	145
SRR9860122.5	ERR485020.428288	96.429	84	3	0	168	251	98	15	1.16e-33	145
SRR9860122.5	ERR485020.337772	96.429	84	3	0	168	251	2	85	1.16e-33	145
SRR9860122.5	ERR485020.1501801	96.386	83	3	0	169	251	100	18	4.17e-33	143
SRR9860122.5	ERR485020.331723	96.386	83	3	0	169	251	100	18	4.17e-33	143
SRR9860122.5	ERR485020.320087	96.386	83	3	0	169	251	1	83	4.17e-33	143
SRR9860122.5	ERR485020.865191	96.341	82	3	0	170	251	1	82	1.50e-32	141
SRR9860122.5	ERR485020.858825	93.333	90	6	0	162	251	1	90	1.50e-32	141
SRR9860122.5	ERR485020.511149	96.341	82	3	0	170	251	100	19	1.50e-32	141
SRR9860122.5	ERR485020.287736	96.341	82	3	0	170	251	1	82	1.50e-32	141
SRR9860122.5	ERR485020.1395968	96.296	81	3	0	171	251	1	81	5.39e-32	139
SRR9860122.5	ERR485020.792040	96.296	81	3	0	171	251	100	20	5.39e-32	139
SRR9860122.5	ERR485020.222244	95.238	84	4	0	168	251	3	86	5.39e-32	139
SRR9860122.5	ERR485020.232028	96.250	80	3	0	172	251	100	21	1.94e-31	137
SRR9860122.5	ERR485020.1353736	96.203	79	3	0	173	251	100	22	6.97e-31	135
SRR9860122.5	ERR485020.804485	95.122	82	4	0	170	251	100	19	6.97e-31	135
SRR9860122.5	ERR485020.604027	96.154	78	3	0	174	251	1	78	2.51e-30	134
SRR9860122.5	ERR485020.1649093	96.104	77	3	0	175	251	1	77	9.02e-30	132
SRR9860122.5	ERR485020.1208059	96.104	77	3	0	175	251	1	77	9.02e-30	132
SRR9860122.5	ERR485020.414327	96.104	77	3	0	175	251	100	24	9.02e-30	132
SRR9860122.5	ERR485020.264871	96.104	77	3	0	175	251	100	24	9.02e-30	132
SRR9860122.5	ERR485020.852466	96.053	76	3	0	176	251	100	25	3.24e-29	130
SRR9860122.5	ERR485020.187838	96.053	76	3	0	176	251	100	25	3.24e-29	130
SRR9860122.5	ERR485020.164428	96.053	76	3	0	176	251	100	25	3.24e-29	130
SRR9860122.5	ERR485020.427875	96.000	75	3	0	177	251	100	26	1.17e-28	128
SRR9860122.5	ERR485020.910738	95.946	74	3	0	178	251	100	27	4.20e-28	126
SRR9860122.5	ERR485020.700282	95.946	74	3	0	178	251	100	27	4.20e-28	126
SRR9860122.5	ERR485020.1550068	95.890	73	3	0	179	251	100	28	1.51e-27	124
SRR9860122.5	ERR485020.1124769	95.890	73	3	0	179	251	100	28	1.51e-27	124
SRR9860122.5	ERR485020.1326069	95.833	72	3	0	180	251	1	72	5.43e-27	122
SRR9860122.5	ERR485020.1121201	95.833	72	3	0	180	251	1	72	5.43e-27	122
SRR9860122.5	ERR485020.1554957	95.775	71	3	0	181	251	100	30	1.95e-26	121
SRR9860122.5	ERR485020.1571659	95.714	70	3	0	182	251	1	70	7.02e-26	119
SRR9860122.5	ERR485020.194893	95.714	70	3	0	182	251	100	31	7.02e-26	119
SRR9860122.5	ERR485020.579871	95.652	69	3	0	183	251	100	32	2.53e-25	117
SRR9860122.5	ERR485020.215343	95.652	69	3	0	183	251	1	69	2.53e-25	117
SRR9860122.5	ERR485020.1475228	95.588	68	3	0	184	251	100	33	9.08e-25	115
SRR9860122.5	ERR485020.1285473	95.522	67	3	0	185	251	1	67	3.27e-24	113
SRR9860122.5	ERR485020.1008156	95.522	67	3	0	185	251	1	67	3.27e-24	113
SRR9860122.5	ERR485020.594528	94.286	70	4	0	182	251	1	70	3.27e-24	113
SRR9860122.5	ERR485020.99927	95.522	67	3	0	185	251	1	67	3.27e-24	113
SRR9860122.5	ERR485020.204934	95.455	66	3	0	186	251	1	66	1.17e-23	111
SRR9860122.5	ERR485020.1688824	95.385	65	3	0	187	251	100	36	4.23e-23	110
SRR9860122.5	ERR485020.421793	95.312	64	3	0	188	251	100	37	1.52e-22	108
SRR9860122.5	ERR485020.405271	95.312	64	3	0	188	251	1	64	1.52e-22	108
SRR9860122.5	ERR485020.1035811	95.238	63	3	0	189	251	100	38	5.47e-22	106
SRR9860122.5	ERR485020.945671	95.238	63	3	0	189	251	1	63	5.47e-22	106
SRR9860122.5	ERR485020.289876	95.238	63	3	0	189	251	1	63	5.47e-22	106
SRR9860122.5	ERR485020.1656995	95.161	62	3	0	190	251	1	62	1.97e-21	104
SRR9860122.5	ERR485020.620260	95.161	62	3	0	190	251	100	39	1.97e-21	104
SRR9860122.5	ERR485020.1713357	95.082	61	3	0	191	251	1	61	7.07e-21	102
SRR9860122.5	ERR485020.1011562	93.750	64	4	0	188	251	1	64	7.07e-21	102
SRR9860122.5	ERR485020.1360415	94.915	59	3	0	193	251	100	42	9.15e-20	99.0
SRR9860122.5	ERR485020.1652058	94.828	58	3	0	194	251	1	58	3.29e-19	97.1
SRR9860122.5	ERR485020.398600	94.828	58	3	0	194	251	100	43	3.29e-19	97.1
SRR9860122.5	ERR485020.324790	94.828	58	3	0	194	251	100	43	3.29e-19	97.1
SRR9860122.5	ERR485020.1055113	94.737	57	3	0	195	251	100	44	1.18e-18	95.3
SRR9860122.5	ERR485020.308632	94.737	57	3	0	195	251	100	44	1.18e-18	95.3
SRR9860122.5	ERR485020.1252749	94.545	55	3	0	197	251	1	55	1.53e-17	91.6
SRR9860122.5	ERR485020.1020415	94.545	55	3	0	197	251	1	55	1.53e-17	91.6
SRR9860122.5	ERR485020.350986	94.545	55	3	0	197	251	1	55	1.53e-17	91.6
SRR9860122.5	ERR485020.1165038	94.444	54	3	0	198	251	100	47	5.51e-17	89.8
SRR9860122.5	ERR485020.348585	92.982	57	4	0	195	251	1	57	5.51e-17	89.8
SRR9860122.5	ERR485020.1683374	94.340	53	3	0	199	251	1	53	1.98e-16	87.9
SRR9860122.5	ERR485020.484396	94.340	53	3	0	199	251	1	53	1.98e-16	87.9
SRR9860122.5	ERR485020.1111070	94.231	52	3	0	200	251	1	52	7.12e-16	86.1
SRR9860122.5	ERR485020.187838	94.000	50	3	0	3	52	49	98	1.19e-13	78.7
SRR9860122.5	ERR485020.1360415	97.000	100	3	0	45	144	1	100	5.31e-42	172
SRR9860122.5	ERR485020.1713357	96.970	99	3	0	47	145	100	2	1.91e-41	171
SRR9860122.5	ERR485020.1652058	96.970	99	3	0	45	143	99	1	1.91e-41	171
SRR9860122.5	ERR485020.398600	96.970	99	3	0	45	143	2	100	1.91e-41	171
SRR9860122.5	ERR485020.324790	96.970	99	3	0	45	143	2	100	1.91e-41	171
SRR9860122.5	ERR485020.1656995	96.939	98	3	0	48	145	100	3	6.87e-41	169
SRR9860122.5	ERR485020.1055113	96.939	98	3	0	45	142	3	100	6.87e-41	169
SRR9860122.5	ERR485020.620260	96.939	98	3	0	48	145	1	98	6.87e-41	169
SRR9860122.5	ERR485020.308632	96.939	98	3	0	45	142	3	100	6.87e-41	169
SRR9860122.5	ERR485020.1549351	95.918	98	4	0	86	183	98	1	2.47e-40	167
SRR9860122.5	ERR485020.1474777	95.918	98	4	0	86	183	1	98	2.47e-40	167
SRR9860122.5	ERR485020.1406617	95.918	98	4	0	86	183	1	98	2.47e-40	167
SRR9860122.5	ERR485020.1136879	95.918	98	4	0	86	183	2	99	2.47e-40	167
SRR9860122.5	ERR485020.1035811	96.907	97	3	0	49	145	1	97	2.47e-40	167
SRR9860122.5	ERR485020.1027072	95.918	98	4	0	86	183	99	2	2.47e-40	167
SRR9860122.5	ERR485020.945671	96.907	97	3	0	49	145	100	4	2.47e-40	167
SRR9860122.5	ERR485020.852361	95.918	98	4	0	86	183	99	2	2.47e-40	167
SRR9860122.5	ERR485020.289876	96.907	97	3	0	49	145	100	4	2.47e-40	167
SRR9860122.5	ERR485020.250940	95.918	98	4	0	86	183	2	99	2.47e-40	167
SRR9860122.5	ERR485020.213859	95.918	98	4	0	86	183	3	100	2.47e-40	167
SRR9860122.5	ERR485020.1683374	95.000	100	5	0	39	138	100	1	8.89e-40	165
SRR9860122.5	ERR485020.1649093	95.000	100	5	0	63	162	100	1	8.89e-40	165
SRR9860122.5	ERR485020.1571659	95.000	100	5	0	56	155	100	1	8.89e-40	165
SRR9860122.5	ERR485020.1554957	95.000	100	5	0	57	156	1	100	8.89e-40	165
SRR9860122.5	ERR485020.1550068	95.000	100	5	0	59	158	1	100	8.89e-40	165
SRR9860122.5	ERR485020.1475228	95.000	100	5	0	54	153	1	100	8.89e-40	165
SRR9860122.5	ERR485020.1428467	95.000	100	5	0	35	134	1	100	8.89e-40	165
SRR9860122.5	ERR485020.1326069	95.000	100	5	0	58	157	100	1	8.89e-40	165
SRR9860122.5	ERR485020.1286193	95.000	100	5	0	34	133	1	100	8.89e-40	165
SRR9860122.5	ERR485020.1285473	95.000	100	5	0	53	152	100	1	8.89e-40	165
SRR9860122.5	ERR485020.1252749	96.875	96	3	0	45	140	96	1	8.89e-40	165
SRR9860122.5	ERR485020.1208059	95.000	100	5	0	63	162	100	1	8.89e-40	165
SRR9860122.5	ERR485020.1206284	95.000	100	5	0	34	133	1	100	8.89e-40	165
SRR9860122.5	ERR485020.1124769	95.000	100	5	0	59	158	1	100	8.89e-40	165
SRR9860122.5	ERR485020.1121201	95.000	100	5	0	58	157	100	1	8.89e-40	165
SRR9860122.5	ERR485020.1111070	95.000	100	5	0	38	137	100	1	8.89e-40	165
SRR9860122.5	ERR485020.1079777	95.000	100	5	0	37	136	1	100	8.89e-40	165
SRR9860122.5	ERR485020.1070180	95.000	100	5	0	34	133	1	100	8.89e-40	165
SRR9860122.5	ERR485020.1020415	96.875	96	3	0	45	140	96	1	8.89e-40	165
SRR9860122.5	ERR485020.1008156	95.000	100	5	0	53	152	100	1	8.89e-40	165
SRR9860122.5	ERR485020.947084	95.876	97	4	0	87	183	1	97	8.89e-40	165
SRR9860122.5	ERR485020.910738	95.000	100	5	0	60	159	1	100	8.89e-40	165
SRR9860122.5	ERR485020.852466	95.000	100	5	0	62	161	1	100	8.89e-40	165
SRR9860122.5	ERR485020.700282	95.000	100	5	0	60	159	1	100	8.89e-40	165
SRR9860122.5	ERR485020.675850	95.000	100	5	0	33	132	1	100	8.89e-40	165
SRR9860122.5	ERR485020.604027	95.000	100	5	0	64	163	100	1	8.89e-40	165
SRR9860122.5	ERR485020.579871	95.000	100	5	0	55	154	1	100	8.89e-40	165
SRR9860122.5	ERR485020.484396	95.000	100	5	0	39	138	100	1	8.89e-40	165
SRR9860122.5	ERR485020.427875	95.000	100	5	0	61	160	1	100	8.89e-40	165
SRR9860122.5	ERR485020.421793	96.875	96	3	0	50	145	1	96	8.89e-40	165
SRR9860122.5	ERR485020.414327	95.000	100	5	0	63	162	1	100	8.89e-40	165
SRR9860122.5	ERR485020.405271	96.875	96	3	0	50	145	100	5	8.89e-40	165
SRR9860122.5	ERR485020.375054	95.000	100	5	0	34	133	100	1	8.89e-40	165
SRR9860122.5	ERR485020.350986	96.875	96	3	0	45	140	96	1	8.89e-40	165
SRR9860122.5	ERR485020.287736	95.000	100	5	0	34	133	1	100	8.89e-40	165
SRR9860122.5	ERR485020.264871	95.000	100	5	0	63	162	1	100	8.89e-40	165
SRR9860122.5	ERR485020.222244	95.000	100	5	0	33	132	1	100	8.89e-40	165
SRR9860122.5	ERR485020.215343	95.000	100	5	0	55	154	100	1	8.89e-40	165
SRR9860122.5	ERR485020.204934	95.000	100	5	0	52	151	100	1	8.89e-40	165
SRR9860122.5	ERR485020.194893	95.000	100	5	0	56	155	1	100	8.89e-40	165
SRR9860122.5	ERR485020.187838	95.000	100	5	0	62	161	1	100	8.89e-40	165
SRR9860122.5	ERR485020.164428	95.000	100	5	0	62	161	1	100	8.89e-40	165
SRR9860122.5	ERR485020.99927	95.000	100	5	0	53	152	100	1	8.89e-40	165
SRR9860122.5	ERR485020.1708434	94.949	99	5	0	32	130	99	1	3.20e-39	163
SRR9860122.5	ERR485020.1688824	96.842	95	3	0	51	145	1	95	3.20e-39	163
SRR9860122.5	ERR485020.1554957	94.000	100	6	0	79	178	100	1	3.20e-39	163
SRR9860122.5	ERR485020.1475791	94.000	100	6	0	91	190	1	100	3.20e-39	163
SRR9860122.5	ERR485020.1353736	94.949	99	5	0	65	163	1	99	3.20e-39	163
SRR9860122.5	ERR485020.1279462	94.000	100	6	0	78	177	100	1	3.20e-39	163
SRR9860122.5	ERR485020.1241731	94.949	99	5	0	32	130	99	1	3.20e-39	163
SRR9860122.5	ERR485020.1165038	96.842	95	3	0	45	139	6	100	3.20e-39	163
SRR9860122.5	ERR485020.1055113	95.833	96	4	0	88	183	100	5	3.20e-39	163
SRR9860122.5	ERR485020.1040351	94.000	100	6	0	98	197	1	100	3.20e-39	163
SRR9860122.5	ERR485020.1001741	94.000	100	6	0	94	193	1	100	3.20e-39	163
SRR9860122.5	ERR485020.971126	94.000	100	6	0	96	195	1	100	3.20e-39	163
SRR9860122.5	ERR485020.924812	94.000	100	6	0	96	195	100	1	3.20e-39	163
SRR9860122.5	ERR485020.898367	94.000	100	6	0	92	191	1	100	3.20e-39	163
SRR9860122.5	ERR485020.757489	94.000	100	6	0	79	178	100	1	3.20e-39	163
SRR9860122.5	ERR485020.747760	95.833	96	4	0	88	183	100	5	3.20e-39	163
SRR9860122.5	ERR485020.704027	95.833	96	4	0	88	183	1	96	3.20e-39	163
SRR9860122.5	ERR485020.565591	94.000	100	6	0	93	192	1	100	3.20e-39	163
SRR9860122.5	ERR485020.518381	94.000	100	6	0	80	179	1	100	3.20e-39	163
SRR9860122.5	ERR485020.477168	94.000	100	6	0	96	195	100	1	3.20e-39	163
SRR9860122.5	ERR485020.438956	94.949	99	5	0	32	130	2	100	3.20e-39	163
SRR9860122.5	ERR485020.411867	94.000	100	6	0	93	192	1	100	3.20e-39	163
SRR9860122.5	ERR485020.348585	95.918	98	4	0	45	142	98	1	3.20e-39	163
SRR9860122.5	ERR485020.338347	94.000	100	6	0	78	177	1	100	3.20e-39	163
SRR9860122.5	ERR485020.243995	94.000	100	6	0	99	198	1	100	3.20e-39	163
SRR9860122.5	ERR485020.241466	94.000	100	6	0	80	179	1	100	3.20e-39	163
SRR9860122.5	ERR485020.102723	94.000	100	6	0	78	177	1	100	3.20e-39	163
SRR9860122.5	ERR485020.1514591	95.789	95	4	0	86	180	95	1	1.15e-38	161
SRR9860122.5	ERR485020.1496248	93.939	99	6	0	78	176	2	100	1.15e-38	161
SRR9860122.5	ERR485020.1365648	95.789	95	4	0	89	183	100	6	1.15e-38	161
SRR9860122.5	ERR485020.1126167	93.939	99	6	0	100	198	100	2	1.15e-38	161
SRR9860122.5	ERR485020.852466	95.789	95	4	0	86	180	95	1	1.15e-38	161
SRR9860122.5	ERR485020.813857	94.898	98	5	0	32	129	98	1	1.15e-38	161
SRR9860122.5	ERR485020.787306	93.939	99	6	0	100	198	100	2	1.15e-38	161
SRR9860122.5	ERR485020.780232	95.789	95	4	0	86	180	95	1	1.15e-38	161
SRR9860122.5	ERR485020.450884	95.789	95	4	0	86	180	95	1	1.15e-38	161
SRR9860122.5	ERR485020.365951	93.939	99	6	0	100	198	1	99	1.15e-38	161
SRR9860122.5	ERR485020.308632	95.789	95	4	0	86	180	95	1	1.15e-38	161
SRR9860122.5	ERR485020.232028	94.898	98	5	0	66	163	1	98	1.15e-38	161
SRR9860122.5	ERR485020.229265	95.789	95	4	0	86	180	6	100	1.15e-38	161
SRR9860122.5	ERR485020.184736	95.789	95	4	0	86	180	95	1	1.15e-38	161
SRR9860122.5	ERR485020.1628194	93.000	100	7	0	104	203	1	100	4.14e-38	159
SRR9860122.5	ERR485020.1551388	93.000	100	7	0	148	247	100	1	4.14e-38	159
SRR9860122.5	ERR485020.1543906	93.000	100	7	0	148	247	100	1	4.14e-38	159
SRR9860122.5	ERR485020.1431164	93.878	98	6	0	78	175	3	100	4.14e-38	159
SRR9860122.5	ERR485020.1395968	94.845	97	5	0	67	163	100	4	4.14e-38	159
SRR9860122.5	ERR485020.1360673	93.000	100	7	0	104	203	1	100	4.14e-38	159
SRR9860122.5	ERR485020.1329108	93.000	100	7	0	150	249	100	1	4.14e-38	159
SRR9860122.5	ERR485020.1216163	93.000	100	7	0	107	206	1	100	4.14e-38	159
SRR9860122.5	ERR485020.1172245	93.878	98	6	0	78	175	3	100	4.14e-38	159
SRR9860122.5	ERR485020.1068410	93.000	100	7	0	149	248	100	1	4.14e-38	159
SRR9860122.5	ERR485020.1047187	94.845	97	5	0	32	128	4	100	4.14e-38	159
SRR9860122.5	ERR485020.1011562	95.833	96	4	0	50	145	100	5	4.14e-38	159
SRR9860122.5	ERR485020.1001741	93.000	100	7	0	150	249	100	1	4.14e-38	159
SRR9860122.5	ERR485020.792040	94.845	97	5	0	67	163	1	97	4.14e-38	159
SRR9860122.5	ERR485020.753590	93.000	100	7	0	148	247	1	100	4.14e-38	159
SRR9860122.5	ERR485020.735035	93.000	100	7	0	102	201	1	100	4.14e-38	159
SRR9860122.5	ERR485020.663034	94.845	97	5	0	32	128	97	1	4.14e-38	159
SRR9860122.5	ERR485020.647388	93.878	98	6	0	78	175	3	100	4.14e-38	159
SRR9860122.5	ERR485020.627516	93.000	100	7	0	148	247	1	100	4.14e-38	159
SRR9860122.5	ERR485020.619027	93.000	100	7	0	104	203	100	1	4.14e-38	159
SRR9860122.5	ERR485020.594528	94.000	100	6	0	56	155	100	1	4.14e-38	159
SRR9860122.5	ERR485020.530842	93.000	100	7	0	148	247	1	100	4.14e-38	159
SRR9860122.5	ERR485020.518381	93.000	100	7	0	149	248	100	1	4.14e-38	159
SRR9860122.5	ERR485020.515983	93.000	100	7	0	105	204	1	100	4.14e-38	159
SRR9860122.5	ERR485020.330251	93.000	100	7	0	102	201	100	1	4.14e-38	159
SRR9860122.5	ERR485020.329219	93.000	100	7	0	152	251	1	100	4.14e-38	159
SRR9860122.5	ERR485020.271777	94.845	97	5	0	32	128	97	1	4.14e-38	159
SRR9860122.5	ERR485020.268117	93.878	98	6	0	78	175	3	100	4.14e-38	159
SRR9860122.5	ERR485020.253607	93.000	100	7	0	102	201	100	1	4.14e-38	159
SRR9860122.5	ERR485020.249008	93.000	100	7	0	150	249	1	100	4.14e-38	159
SRR9860122.5	ERR485020.239877	94.845	97	5	0	32	128	4	100	4.14e-38	159
SRR9860122.5	ERR485020.202130	93.000	100	7	0	151	250	100	1	4.14e-38	159
SRR9860122.5	ERR485020.74214	94.845	97	5	0	32	128	97	1	4.14e-38	159
SRR9860122.5	ERR485020.1070180	93.000	100	7	0	72	171	100	1	1.49e-37	158
SRR9860122.5	ERR485020.1054371	93.000	100	7	0	70	169	1	100	1.49e-37	158
SRR9860122.5	ERR485020.934998	93.814	97	6	0	78	174	3	99	1.49e-37	158
SRR9860122.5	ERR485020.865191	94.792	96	5	0	68	163	100	5	1.49e-37	158
SRR9860122.5	ERR485020.802754	94.792	96	5	0	32	127	96	1	1.49e-37	158
SRR9860122.5	ERR485020.728196	93.000	100	7	0	74	173	100	1	1.49e-37	158
SRR9860122.5	ERR485020.606146	93.814	97	6	0	78	174	97	1	1.49e-37	158
SRR9860122.5	ERR485020.581529	92.929	99	7	0	148	246	99	1	1.49e-37	158
SRR9860122.5	ERR485020.511149	94.792	96	5	0	68	163	1	96	1.49e-37	158
SRR9860122.5	ERR485020.428288	93.000	100	7	0	72	171	1	100	1.49e-37	158
SRR9860122.5	ERR485020.411867	92.929	99	7	0	153	251	100	2	1.49e-37	158
SRR9860122.5	ERR485020.337772	93.000	100	7	0	71	170	100	1	1.49e-37	158
SRR9860122.5	ERR485020.287736	94.792	96	5	0	68	163	100	5	1.49e-37	158
SRR9860122.5	ERR485020.249888	93.814	97	6	0	78	174	97	1	1.49e-37	158
SRR9860122.5	ERR485020.194893	93.814	97	6	0	78	174	97	1	1.49e-37	158
SRR9860122.5	ERR485020.1717041	92.000	100	8	0	136	235	1	100	5.35e-37	156
SRR9860122.5	ERR485020.1627450	92.000	100	8	0	112	211	1	100	5.35e-37	156
SRR9860122.5	ERR485020.1621952	92.000	100	8	0	117	216	1	100	5.35e-37	156
SRR9860122.5	ERR485020.1536364	92.000	100	8	0	113	212	100	1	5.35e-37	156
SRR9860122.5	ERR485020.1510894	92.000	100	8	0	137	236	1	100	5.35e-37	156
SRR9860122.5	ERR485020.1510543	92.000	100	8	0	140	239	1	100	5.35e-37	156
SRR9860122.5	ERR485020.1501801	92.857	98	7	0	148	245	98	1	5.35e-37	156
SRR9860122.5	ERR485020.1501801	94.737	95	5	0	69	163	1	95	5.35e-37	156
SRR9860122.5	ERR485020.1478571	92.000	100	8	0	136	235	1	100	5.35e-37	156
SRR9860122.5	ERR485020.1449189	92.000	100	8	0	136	235	100	1	5.35e-37	156
SRR9860122.5	ERR485020.1428467	92.000	100	8	0	138	237	100	1	5.35e-37	156
SRR9860122.5	ERR485020.1398072	92.000	100	8	0	138	237	1	100	5.35e-37	156
SRR9860122.5	ERR485020.1362001	92.000	100	8	0	118	217	1	100	5.35e-37	156
SRR9860122.5	ERR485020.1286139	92.857	98	7	0	154	251	100	3	5.35e-37	156
SRR9860122.5	ERR485020.1256497	92.000	100	8	0	140	239	1	100	5.35e-37	156
SRR9860122.5	ERR485020.1254495	92.000	100	8	0	116	215	100	1	5.35e-37	156
SRR9860122.5	ERR485020.1236502	92.000	100	8	0	118	217	1	100	5.35e-37	156
SRR9860122.5	ERR485020.1234161	92.857	98	7	0	148	245	3	100	5.35e-37	156
SRR9860122.5	ERR485020.1231370	92.000	100	8	0	141	240	100	1	5.35e-37	156
SRR9860122.5	ERR485020.1220486	92.857	98	7	0	154	251	100	3	5.35e-37	156
SRR9860122.5	ERR485020.1125078	92.000	100	8	0	116	215	1	100	5.35e-37	156
SRR9860122.5	ERR485020.1083428	94.737	95	5	0	32	126	6	100	5.35e-37	156
SRR9860122.5	ERR485020.1083428	92.000	100	8	0	140	239	100	1	5.35e-37	156
SRR9860122.5	ERR485020.1028019	92.000	100	8	0	111	210	1	100	5.35e-37	156
SRR9860122.5	ERR485020.1023393	92.000	100	8	0	141	240	100	1	5.35e-37	156
SRR9860122.5	ERR485020.958191	92.000	100	8	0	140	239	100	1	5.35e-37	156
SRR9860122.5	ERR485020.894971	92.929	99	7	0	78	176	99	1	5.35e-37	156
SRR9860122.5	ERR485020.878052	92.000	100	8	0	111	210	1	100	5.35e-37	156
SRR9860122.5	ERR485020.854716	92.000	100	8	0	116	215	100	1	5.35e-37	156
SRR9860122.5	ERR485020.777171	92.000	100	8	0	138	237	100	1	5.35e-37	156
SRR9860122.5	ERR485020.764205	92.000	100	8	0	117	216	100	1	5.35e-37	156
SRR9860122.5	ERR485020.753928	92.000	100	8	0	140	239	1	100	5.35e-37	156
SRR9860122.5	ERR485020.700282	92.857	98	7	0	109	206	100	3	5.35e-37	156
SRR9860122.5	ERR485020.565479	92.000	100	8	0	137	236	1	100	5.35e-37	156
SRR9860122.5	ERR485020.515983	92.000	100	8	0	141	240	100	1	5.35e-37	156
SRR9860122.5	ERR485020.486114	92.000	100	8	0	138	237	100	1	5.35e-37	156
SRR9860122.5	ERR485020.470087	92.000	100	8	0	138	237	1	100	5.35e-37	156
SRR9860122.5	ERR485020.370925	92.000	100	8	0	136	235	100	1	5.35e-37	156
SRR9860122.5	ERR485020.338347	92.000	100	8	0	118	217	100	1	5.35e-37	156
SRR9860122.5	ERR485020.331723	94.737	95	5	0	69	163	1	95	5.35e-37	156
SRR9860122.5	ERR485020.320087	94.737	95	5	0	69	163	100	6	5.35e-37	156
SRR9860122.5	ERR485020.178533	94.737	95	5	0	32	126	6	100	5.35e-37	156
SRR9860122.5	ERR485020.161302	92.000	100	8	0	112	211	100	1	5.35e-37	156
SRR9860122.5	ERR485020.142437	92.000	100	8	0	111	210	1	100	5.35e-37	156
SRR9860122.5	ERR485020.1406617	92.784	97	7	0	155	251	100	4	1.92e-36	154
SRR9860122.5	ERR485020.1357018	93.684	95	6	0	148	242	4	98	1.92e-36	154
SRR9860122.5	ERR485020.1271479	93.684	95	6	0	148	242	96	2	1.92e-36	154
SRR9860122.5	ERR485020.1073264	93.684	95	6	0	148	242	4	98	1.92e-36	154
SRR9860122.5	ERR485020.1073264	93.684	95	6	0	148	242	96	2	1.92e-36	154
SRR9860122.5	ERR485020.1062500	93.684	95	6	0	148	242	4	98	1.92e-36	154
SRR9860122.5	ERR485020.978479	92.000	100	8	0	105	204	1	100	1.92e-36	154
SRR9860122.5	ERR485020.825908	93.684	95	6	0	148	242	95	1	1.92e-36	154
SRR9860122.5	ERR485020.816430	93.684	95	6	0	148	242	5	99	1.92e-36	154
SRR9860122.5	ERR485020.795306	93.684	95	6	0	148	242	4	98	1.92e-36	154
SRR9860122.5	ERR485020.662029	93.684	95	6	0	148	242	96	2	1.92e-36	154
SRR9860122.5	ERR485020.460367	92.784	97	7	0	155	251	1	97	1.92e-36	154
SRR9860122.5	ERR485020.229265	93.684	95	6	0	148	242	97	3	1.92e-36	154
SRR9860122.5	ERR485020.1379381	92.708	96	7	0	156	251	1	96	6.92e-36	152
SRR9860122.5	ERR485020.1310814	94.624	93	5	0	32	124	8	100	6.92e-36	152
SRR9860122.5	ERR485020.881298	94.624	93	5	0	32	124	8	100	6.92e-36	152
SRR9860122.5	ERR485020.804485	93.750	96	6	0	68	163	1	96	6.92e-36	152
SRR9860122.5	ERR485020.669313	92.708	96	7	0	156	251	1	96	6.92e-36	152
SRR9860122.5	ERR485020.222244	92.000	100	8	0	72	171	100	1	6.92e-36	152
SRR9860122.5	ERR485020.1545775	94.565	92	5	0	32	123	9	100	2.49e-35	150
SRR9860122.5	ERR485020.1216163	92.632	95	7	0	157	251	100	6	2.49e-35	150
SRR9860122.5	ERR485020.953397	94.565	92	5	0	32	123	9	100	2.49e-35	150
SRR9860122.5	ERR485020.428288	92.632	95	7	0	157	251	100	6	2.49e-35	150
SRR9860122.5	ERR485020.76337	91.000	100	9	0	116	215	1	100	2.49e-35	150
SRR9860122.5	ERR485020.974314	92.553	94	7	0	158	251	100	7	8.96e-35	148
SRR9860122.5	ERR485020.858825	91.837	98	8	0	78	175	98	1	8.96e-35	148
SRR9860122.5	ERR485020.1080460	92.473	93	7	0	159	251	100	8	3.22e-34	147
SRR9860122.5	ERR485020.757489	94.444	90	5	0	32	121	11	100	3.22e-34	147
SRR9860122.5	ERR485020.450884	94.444	90	5	0	32	121	11	100	3.22e-34	147
SRR9860122.5	ERR485020.1628194	92.391	92	7	0	160	251	100	9	1.16e-33	145
SRR9860122.5	ERR485020.1260650	94.382	89	5	0	32	120	89	1	1.16e-33	145
SRR9860122.5	ERR485020.1201262	92.391	92	7	0	160	251	1	92	1.16e-33	145
SRR9860122.5	ERR485020.945671	94.382	89	5	0	32	120	12	100	1.16e-33	145
SRR9860122.5	ERR485020.142437	92.391	92	7	0	160	251	100	9	1.16e-33	145
SRR9860122.5	ERR485020.1423691	91.579	95	8	0	148	242	6	100	4.17e-33	143
SRR9860122.5	ERR485020.1413433	94.318	88	5	0	32	119	13	100	4.17e-33	143
SRR9860122.5	ERR485020.1657206	94.253	87	5	0	32	118	87	1	1.50e-32	141
SRR9860122.5	ERR485020.1475791	94.186	86	5	0	166	251	95	10	1.50e-32	141
SRR9860122.5	ERR485020.1457583	94.186	86	5	0	166	251	99	14	1.50e-32	141
SRR9860122.5	ERR485020.1403571	94.186	86	5	0	166	251	2	87	1.50e-32	141
SRR9860122.5	ERR485020.1054371	94.186	86	5	0	166	251	100	15	1.50e-32	141
SRR9860122.5	ERR485020.534219	94.186	86	5	0	166	251	95	10	1.50e-32	141
SRR9860122.5	ERR485020.406243	94.186	86	5	0	166	251	95	10	1.50e-32	141
SRR9860122.5	ERR485020.248472	94.253	87	5	0	32	118	14	100	1.50e-32	141
SRR9860122.5	ERR485020.1357025	94.186	86	5	0	32	117	86	1	5.39e-32	139
SRR9860122.5	ERR485020.1130264	94.186	86	5	0	32	117	86	1	5.39e-32	139
SRR9860122.5	ERR485020.808106	94.118	85	5	0	167	251	1	85	5.39e-32	139
SRR9860122.5	ERR485020.404325	94.186	86	5	0	32	117	86	1	5.39e-32	139
SRR9860122.5	ERR485020.1649375	94.118	85	5	0	32	116	85	1	1.94e-31	137
SRR9860122.5	ERR485020.914361	94.118	85	5	0	32	116	85	1	1.94e-31	137
SRR9860122.5	ERR485020.633376	94.118	85	5	0	32	116	85	1	1.94e-31	137
SRR9860122.5	ERR485020.535950	94.048	84	5	0	168	251	1	84	1.94e-31	137
SRR9860122.5	ERR485020.358864	94.118	85	5	0	32	116	85	1	1.94e-31	137
SRR9860122.5	ERR485020.1094933	93.976	83	5	0	169	251	100	18	6.97e-31	135
SRR9860122.5	ERR485020.978479	93.976	83	5	0	169	251	100	18	6.97e-31	135
SRR9860122.5	ERR485020.321634	93.976	83	5	0	169	251	1	83	6.97e-31	135
SRR9860122.5	ERR485020.211122	93.976	83	5	0	169	251	1	83	6.97e-31	135
SRR9860122.5	ERR485020.1543906	93.976	83	5	0	32	114	18	100	2.51e-30	134
SRR9860122.5	ERR485020.398600	93.902	82	5	0	170	251	100	19	2.51e-30	134
SRR9860122.5	ERR485020.268117	93.902	82	5	0	170	251	100	19	2.51e-30	134
SRR9860122.5	ERR485020.1482568	93.827	81	5	0	171	251	1	81	9.02e-30	132
SRR9860122.5	ERR485020.1375189	93.827	81	5	0	171	251	100	20	9.02e-30	132
SRR9860122.5	ERR485020.1201122	93.902	82	5	0	32	113	82	1	9.02e-30	132
SRR9860122.5	ERR485020.632176	93.827	81	5	0	171	251	1	81	9.02e-30	132
SRR9860122.5	ERR485020.576225	93.827	81	5	0	171	251	1	81	9.02e-30	132
SRR9860122.5	ERR485020.524611	93.827	81	5	0	171	251	100	20	9.02e-30	132
SRR9860122.5	ERR485020.1714617	93.827	81	5	0	32	112	81	1	3.24e-29	130
SRR9860122.5	ERR485020.963049	93.827	81	5	0	32	112	81	1	3.24e-29	130
SRR9860122.5	ERR485020.953301	93.827	81	5	0	32	112	81	1	3.24e-29	130
SRR9860122.5	ERR485020.668984	93.750	80	5	0	170	249	3	82	3.24e-29	130
SRR9860122.5	ERR485020.243995	93.750	80	5	0	172	251	100	21	3.24e-29	130
SRR9860122.5	ERR485020.1649093	93.750	80	5	0	32	111	21	100	1.17e-28	128
SRR9860122.5	ERR485020.1605417	93.750	80	5	0	32	111	80	1	1.17e-28	128
SRR9860122.5	ERR485020.658940	93.671	79	5	0	173	251	100	22	1.17e-28	128
SRR9860122.5	ERR485020.248472	89.796	98	7	3	67	163	100	5	1.17e-28	128
SRR9860122.5	ERR485020.1716871	93.590	78	5	0	174	251	1	78	4.20e-28	126
SRR9860122.5	ERR485020.1412133	93.590	78	5	0	174	251	100	23	4.20e-28	126
SRR9860122.5	ERR485020.1066368	93.590	78	5	0	174	251	1	78	4.20e-28	126
SRR9860122.5	ERR485020.1028019	93.590	78	5	0	174	251	100	23	4.20e-28	126
SRR9860122.5	ERR485020.1403261	93.506	77	5	0	175	251	100	24	1.51e-27	124
SRR9860122.5	ERR485020.675850	93.506	77	5	0	175	251	100	24	1.51e-27	124
SRR9860122.5	ERR485020.1728330	93.421	76	5	0	176	251	1	76	5.43e-27	122
SRR9860122.5	ERR485020.980438	93.421	76	5	0	176	251	1	76	5.43e-27	122
SRR9860122.5	ERR485020.625701	93.421	76	5	0	176	251	100	25	5.43e-27	122
SRR9860122.5	ERR485020.1398072	93.333	75	5	0	177	251	100	26	1.95e-26	121
SRR9860122.5	ERR485020.1299315	93.421	76	5	0	32	107	25	100	1.95e-26	121
SRR9860122.5	ERR485020.685543	93.333	75	5	0	177	251	100	26	1.95e-26	121
SRR9860122.5	ERR485020.370925	93.421	76	5	0	32	107	25	100	1.95e-26	121
SRR9860122.5	ERR485020.258773	93.421	76	5	0	32	107	76	1	1.95e-26	121
SRR9860122.5	ERR485020.1580006	93.243	74	5	0	178	251	1	74	7.02e-26	119
SRR9860122.5	ERR485020.824929	93.333	75	5	0	32	106	75	1	7.02e-26	119
SRR9860122.5	ERR485020.823964	93.333	75	5	0	32	106	75	1	7.02e-26	119
SRR9860122.5	ERR485020.644378	93.333	75	5	0	32	106	75	1	7.02e-26	119
SRR9860122.5	ERR485020.438956	93.243	74	5	0	178	251	100	27	7.02e-26	119
SRR9860122.5	ERR485020.337772	93.333	75	5	0	32	106	26	100	7.02e-26	119
SRR9860122.5	ERR485020.1520145	93.243	74	5	0	32	105	27	100	2.53e-25	117
SRR9860122.5	ERR485020.963014	93.151	73	5	0	179	251	1	73	2.53e-25	117
SRR9860122.5	ERR485020.848160	93.243	74	5	0	32	105	74	1	2.53e-25	117
SRR9860122.5	ERR485020.772477	93.151	73	5	0	179	251	1	73	2.53e-25	117
SRR9860122.5	ERR485020.431085	93.151	73	5	0	179	251	100	28	2.53e-25	117
SRR9860122.5	ERR485020.910738	93.056	72	5	0	180	251	100	29	9.08e-25	115
SRR9860122.5	ERR485020.764713	93.056	72	5	0	180	251	100	29	9.08e-25	115
SRR9860122.5	ERR485020.606146	93.151	73	5	0	32	104	28	100	9.08e-25	115
SRR9860122.5	ERR485020.555977	93.151	73	5	0	32	104	28	100	9.08e-25	115
SRR9860122.5	ERR485020.1271479	93.056	72	5	0	32	103	29	100	3.27e-24	113
SRR9860122.5	ERR485020.987156	92.000	75	6	0	32	106	75	1	3.27e-24	113
SRR9860122.5	ERR485020.524611	93.056	72	5	0	32	103	29	100	3.27e-24	113
SRR9860122.5	ERR485020.249888	93.056	72	5	0	32	103	29	100	3.27e-24	113
SRR9860122.5	ERR485020.1724348	92.958	71	5	0	32	102	30	100	1.17e-23	111
SRR9860122.5	ERR485020.1621952	95.455	66	3	0	186	251	99	34	1.17e-23	111
SRR9860122.5	ERR485020.1597459	95.455	66	3	0	186	251	6	71	1.17e-23	111
SRR9860122.5	ERR485020.1385354	95.455	66	3	0	186	251	6	71	1.17e-23	111
SRR9860122.5	ERR485020.1359969	95.455	66	3	0	186	251	2	67	1.17e-23	111
SRR9860122.5	ERR485020.1183947	95.455	66	3	0	186	251	2	67	1.17e-23	111
SRR9860122.5	ERR485020.1124769	95.455	66	3	0	186	251	97	32	1.17e-23	111
SRR9860122.5	ERR485020.1057436	95.455	66	3	0	186	251	6	71	1.17e-23	111
SRR9860122.5	ERR485020.507904	95.455	66	3	0	186	251	3	68	1.17e-23	111
SRR9860122.5	ERR485020.446312	95.455	66	3	0	186	251	5	70	1.17e-23	111
SRR9860122.5	ERR485020.421793	95.455	66	3	0	186	251	96	31	1.17e-23	111
SRR9860122.5	ERR485020.382631	95.455	66	3	0	186	251	3	68	1.17e-23	111
SRR9860122.5	ERR485020.131897	95.455	66	3	0	186	251	1	66	1.17e-23	111
SRR9860122.5	ERR485020.1026423	95.385	65	3	0	187	251	1	65	4.23e-23	110
SRR9860122.5	ERR485020.104917	92.857	70	5	0	32	101	70	1	4.23e-23	110
SRR9860122.5	ERR485020.81312	95.385	65	3	0	187	251	100	36	4.23e-23	110
SRR9860122.5	ERR485020.1329108	92.754	69	5	0	32	100	32	100	1.52e-22	108
SRR9860122.5	ERR485020.881298	95.312	64	3	0	188	251	100	37	1.52e-22	108
SRR9860122.5	ERR485020.241466	95.312	64	3	0	188	251	100	37	1.52e-22	108
SRR9860122.5	ERR485020.888068	95.238	63	3	0	189	251	1	63	5.47e-22	106
SRR9860122.5	ERR485020.743868	95.238	63	3	0	189	251	1	63	5.47e-22	106
SRR9860122.5	ERR485020.414327	93.939	66	4	0	186	251	97	32	5.47e-22	106
SRR9860122.5	ERR485020.156785	95.238	63	3	0	189	251	1	63	5.47e-22	106
SRR9860122.5	ERR485020.1461799	95.161	62	3	0	190	251	1	62	1.97e-21	104
SRR9860122.5	ERR485020.431085	92.537	67	5	0	32	98	34	100	1.97e-21	104
SRR9860122.5	ERR485020.1083368	95.082	61	3	0	191	251	1	61	7.07e-21	102
SRR9860122.5	ERR485020.235231	95.082	61	3	0	191	251	1	61	7.07e-21	102
SRR9860122.5	ERR485020.927548	95.000	60	3	0	192	251	1	60	2.54e-20	100
SRR9860122.5	ERR485020.795306	95.000	60	3	0	192	251	100	41	2.54e-20	100
SRR9860122.5	ERR485020.376137	95.000	60	3	0	192	251	1	60	2.54e-20	100
SRR9860122.5	ERR485020.351320	92.308	65	5	0	32	96	36	100	2.54e-20	100
SRR9860122.5	ERR485020.1127744	94.915	59	3	0	193	251	1	59	9.15e-20	99.0
SRR9860122.5	ERR485020.1031474	94.915	59	3	0	193	251	1	59	9.15e-20	99.0
SRR9860122.5	ERR485020.1162123	94.828	58	3	0	194	251	100	43	3.29e-19	97.1
SRR9860122.5	ERR485020.215343	90.909	66	6	0	32	97	35	100	3.29e-19	97.1
SRR9860122.5	ERR485020.1605417	91.935	62	5	0	32	93	39	100	1.18e-18	95.3
SRR9860122.5	ERR485020.1113550	91.935	62	5	0	32	93	62	1	1.18e-18	95.3
SRR9860122.5	ERR485020.1039146	91.935	62	5	0	32	93	62	1	1.18e-18	95.3
SRR9860122.5	ERR485020.565479	94.737	57	3	0	195	251	100	44	1.18e-18	95.3
SRR9860122.5	ERR485020.184736	91.935	62	5	0	32	93	39	100	1.18e-18	95.3
SRR9860122.5	ERR485020.1604504	91.803	61	5	0	32	92	61	1	4.26e-18	93.5
SRR9860122.5	ERR485020.348416	91.803	61	5	0	32	92	61	1	4.26e-18	93.5
SRR9860122.5	ERR485020.1568956	91.667	60	5	0	32	91	60	1	1.53e-17	91.6
SRR9860122.5	ERR485020.991364	91.667	60	5	0	32	91	60	1	1.53e-17	91.6
SRR9860122.5	ERR485020.928770	91.667	60	5	0	32	91	41	100	1.53e-17	91.6
SRR9860122.5	ERR485020.378578	91.667	60	5	0	32	91	41	100	1.53e-17	91.6
SRR9860122.5	ERR485020.220955	91.667	60	5	0	32	91	60	1	1.53e-17	91.6
SRR9860122.5	ERR485020.150614	94.737	57	2	1	195	251	1	56	1.53e-17	91.6
SRR9860122.5	ERR485020.1608504	96.154	52	2	0	200	251	2	53	5.51e-17	89.8
SRR9860122.5	ERR485020.1510193	94.643	56	2	1	196	251	1	55	5.51e-17	89.8
SRR9860122.5	ERR485020.1286193	96.154	52	2	0	200	251	99	48	5.51e-17	89.8
SRR9860122.5	ERR485020.953397	96.154	52	2	0	200	251	99	48	5.51e-17	89.8
SRR9860122.5	ERR485020.828109	96.154	52	2	0	200	251	2	53	5.51e-17	89.8
SRR9860122.5	ERR485020.812552	96.154	52	2	0	200	251	3	54	5.51e-17	89.8
SRR9860122.5	ERR485020.777763	94.643	56	2	1	196	251	1	55	5.51e-17	89.8
SRR9860122.5	ERR485020.728196	91.525	59	5	0	32	90	42	100	5.51e-17	89.8
SRR9860122.5	ERR485020.620260	96.154	52	2	0	200	251	98	47	5.51e-17	89.8
SRR9860122.5	ERR485020.1507170	96.078	51	2	0	201	251	100	50	1.98e-16	87.9
SRR9860122.5	ERR485020.764205	91.379	58	5	0	32	89	43	100	1.98e-16	87.9
SRR9860122.5	ERR485020.1623437	96.000	50	2	0	202	251	1	50	7.12e-16	86.1
SRR9860122.5	ERR485020.76337	96.000	50	2	0	202	251	100	51	7.12e-16	86.1
SRR9860122.5	ERR485020.1544138	94.231	52	3	0	200	251	2	53	2.56e-15	84.2
SRR9860122.5	ERR485020.1295318	94.231	52	3	0	32	83	54	3	2.56e-15	84.2
SRR9860122.5	ERR485020.1275038	95.918	49	2	0	203	251	1	49	2.56e-15	84.2
SRR9860122.5	ERR485020.1191789	94.231	52	3	0	32	83	47	98	2.56e-15	84.2
SRR9860122.5	ERR485020.1172245	95.918	49	2	0	203	251	100	52	2.56e-15	84.2
SRR9860122.5	ERR485020.1130264	94.231	52	3	0	32	83	44	95	2.56e-15	84.2
SRR9860122.5	ERR485020.1011562	94.231	52	3	0	32	83	46	97	2.56e-15	84.2
SRR9860122.5	ERR485020.845669	95.918	49	2	0	203	251	1	49	2.56e-15	84.2
SRR9860122.5	ERR485020.825908	94.231	52	3	0	32	83	46	97	2.56e-15	84.2
SRR9860122.5	ERR485020.801392	95.918	49	2	0	203	251	1	49	2.56e-15	84.2
SRR9860122.5	ERR485020.764713	94.231	52	3	0	32	83	45	96	2.56e-15	84.2
SRR9860122.5	ERR485020.685543	94.231	52	3	0	32	83	47	98	2.56e-15	84.2
SRR9860122.5	ERR485020.464729	91.071	56	5	0	35	90	56	1	2.56e-15	84.2
SRR9860122.5	ERR485020.427875	95.918	49	2	0	203	251	100	52	2.56e-15	84.2
SRR9860122.5	ERR485020.196396	95.918	49	2	0	203	251	1	49	2.56e-15	84.2
SRR9860122.5	ERR485020.1241731	94.118	51	3	0	32	82	50	100	9.21e-15	82.4
SRR9860122.5	ERR485020.1455601	94.000	50	3	0	32	81	50	1	3.31e-14	80.5
SRR9860122.5	ERR485020.956058	95.745	47	2	0	205	251	1	47	3.31e-14	80.5
SRR9860122.5	ERR485020.329219	95.745	47	2	0	205	251	100	54	3.31e-14	80.5
SRR9860122.5	ERR485020.1553760	93.878	49	3	0	32	80	52	100	1.19e-13	78.7
SRR9860122.5	ERR485020.1264620	97.727	44	1	0	208	251	98	55	1.19e-13	78.7
SRR9860122.5	ERR485020.1126167	93.878	49	3	0	32	80	52	100	1.19e-13	78.7
SRR9860122.5	ERR485020.1094933	93.878	49	3	0	32	80	52	100	1.19e-13	78.7
SRR9860122.5	ERR485020.971126	97.727	44	1	0	208	251	99	56	1.19e-13	78.7
SRR9860122.5	ERR485020.795580	93.878	49	3	0	32	80	49	1	1.19e-13	78.7
SRR9860122.5	ERR485020.592430	97.727	44	1	0	208	251	1	44	1.19e-13	78.7
SRR9860122.5	ERR485020.325765	97.727	44	1	0	208	251	3	46	1.19e-13	78.7
SRR9860122.5	ERR485020.147223	93.878	49	3	0	35	83	50	2	1.19e-13	78.7
SRR9860122.5	ERR485020.1714617	95.556	45	2	0	32	76	55	99	4.29e-13	76.8
SRR9860122.5	ERR485020.1688508	95.556	45	2	0	32	76	46	2	4.29e-13	76.8
SRR9860122.5	ERR485020.1510535	95.556	45	2	0	32	76	47	3	4.29e-13	76.8
SRR9860122.5	ERR485020.1375189	95.556	45	2	0	32	76	54	98	4.29e-13	76.8
SRR9860122.5	ERR485020.946307	95.556	45	2	0	32	76	59	15	4.29e-13	76.8
SRR9860122.5	ERR485020.915352	97.674	43	1	0	209	251	1	43	4.29e-13	76.8
SRR9860122.5	ERR485020.894971	95.556	45	2	0	32	76	53	97	4.29e-13	76.8
SRR9860122.5	ERR485020.663502	97.674	43	1	0	209	251	1	43	4.29e-13	76.8
SRR9860122.5	ERR485020.606810	97.674	43	1	0	209	251	1	43	4.29e-13	76.8
SRR9860122.5	ERR485020.571641	95.556	45	2	0	32	76	53	97	4.29e-13	76.8
SRR9860122.5	ERR485020.315551	93.750	48	3	0	32	79	48	1	4.29e-13	76.8
SRR9860122.5	ERR485020.1683374	95.455	44	2	0	32	75	57	100	1.54e-12	75.0
SRR9860122.5	ERR485020.1380272	97.619	42	1	0	210	251	1	42	1.54e-12	75.0
SRR9860122.5	ERR485020.1020415	95.455	44	2	0	32	75	57	100	1.54e-12	75.0
SRR9860122.5	ERR485020.685214	95.455	44	2	0	32	75	44	1	1.54e-12	75.0
SRR9860122.5	ERR485020.549487	95.455	44	2	0	32	75	44	1	1.54e-12	75.0
SRR9860122.5	ERR485020.174847	95.455	44	2	0	32	75	44	1	1.54e-12	75.0
SRR9860122.5	ERR485020.148784	95.455	44	2	0	32	75	44	1	1.54e-12	75.0
SRR9860122.5	ERR485020.1648860	97.561	41	1	0	211	251	1	41	5.54e-12	73.1
SRR9860122.5	ERR485020.1553169	95.349	43	2	0	32	74	58	100	5.54e-12	73.1
SRR9860122.5	ERR485020.1111070	95.349	43	2	0	32	74	58	100	5.54e-12	73.1
SRR9860122.5	ERR485020.958191	95.349	43	2	0	32	74	58	100	5.54e-12	73.1
SRR9860122.5	ERR485020.953814	95.349	43	2	0	32	74	58	100	5.54e-12	73.1
SRR9860122.5	ERR485020.861425	97.561	41	1	0	211	251	1	41	5.54e-12	73.1
SRR9860122.5	ERR485020.673277	95.349	43	2	0	32	74	43	1	5.54e-12	73.1
SRR9860122.5	ERR485020.625701	95.349	43	2	0	32	74	58	100	5.54e-12	73.1
SRR9860122.5	ERR485020.389026	97.561	41	1	0	211	251	1	41	5.54e-12	73.1
SRR9860122.5	ERR485020.1206284	97.500	40	1	0	212	251	100	61	1.99e-11	71.3
SRR9860122.5	ERR485020.974314	95.238	42	2	0	32	73	59	100	1.99e-11	71.3
SRR9860122.5	ERR485020.589707	95.238	42	2	0	32	73	59	100	1.99e-11	71.3
SRR9860122.5	ERR485020.535950	97.500	40	1	0	212	251	100	61	1.99e-11	71.3
SRR9860122.5	ERR485020.775591	97.436	39	1	0	213	251	1	39	7.17e-11	69.4
SRR9860122.5	ERR485020.677993	97.436	39	1	0	213	251	100	62	7.17e-11	69.4
SRR9860122.5	ERR485020.620948	95.122	41	2	0	32	72	60	100	7.17e-11	69.4
SRR9860122.5	ERR485020.84869	95.122	41	2	0	32	72	41	1	7.17e-11	69.4
SRR9860122.5	ERR485020.1431164	97.368	38	1	0	214	251	100	63	2.58e-10	67.6
SRR9860122.5	ERR485020.1249202	97.368	38	1	0	214	251	100	63	2.58e-10	67.6
SRR9860122.5	ERR485020.590160	97.368	38	1	0	214	251	100	63	2.58e-10	67.6
SRR9860122.5	ERR485020.941981	97.297	37	1	0	215	251	1	37	9.28e-10	65.8
SRR9860122.5	ERR485020.663502	97.297	37	1	0	215	251	100	64	9.28e-10	65.8
SRR9860122.5	ERR485020.511149	97.297	37	1	0	215	251	100	64	9.28e-10	65.8
SRR9860122.7	ERR485020.1729655	87.952	83	10	0	3	85	97	15	1.94e-21	104
SRR9860122.7	ERR485020.1729148	87.952	83	10	0	3	85	1	83	1.94e-21	104
SRR9860122.7	ERR485020.1708254	87.952	83	10	0	3	85	17	99	1.94e-21	104
SRR9860122.7	ERR485020.1268429	87.952	83	10	0	3	85	1	83	1.94e-21	104
SRR9860122.7	ERR485020.1147481	87.952	83	10	0	3	85	9	91	1.94e-21	104
SRR9860122.7	ERR485020.1051107	87.952	83	10	0	3	85	99	17	1.94e-21	104
SRR9860122.7	ERR485020.1049136	87.952	83	10	0	3	85	4	86	1.94e-21	104
SRR9860122.7	ERR485020.908707	87.952	83	10	0	3	85	94	12	1.94e-21	104
SRR9860122.7	ERR485020.808044	87.952	83	10	0	3	85	11	93	1.94e-21	104
SRR9860122.7	ERR485020.716878	87.952	83	10	0	3	85	11	93	1.94e-21	104
SRR9860122.7	ERR485020.631610	87.952	83	10	0	3	85	89	7	1.94e-21	104
SRR9860122.7	ERR485020.547247	87.952	83	10	0	3	85	11	93	1.94e-21	104
SRR9860122.7	ERR485020.460011	87.952	83	10	0	3	85	92	10	1.94e-21	104
SRR9860122.7	ERR485020.355734	87.952	83	10	0	3	85	84	2	1.94e-21	104
SRR9860122.7	ERR485020.349379	87.952	83	10	0	3	85	89	7	1.94e-21	104
SRR9860122.7	ERR485020.239435	87.952	83	10	0	3	85	1	83	1.94e-21	104
SRR9860122.7	ERR485020.231039	87.952	83	10	0	3	85	99	17	1.94e-21	104
SRR9860122.7	ERR485020.228299	87.952	83	10	0	3	85	87	5	1.94e-21	104
SRR9860122.7	ERR485020.155482	87.952	83	10	0	3	85	91	9	1.94e-21	104
SRR9860122.7	ERR485020.147525	87.952	83	10	0	3	85	13	95	1.94e-21	104
SRR9860122.7	ERR485020.123058	87.952	83	10	0	3	85	4	86	1.94e-21	104
SRR9860122.7	ERR485020.1510743	88.462	78	9	0	8	85	97	20	2.51e-20	100
SRR9860122.7	ERR485020.1441499	87.654	81	10	0	3	83	81	1	2.51e-20	100
SRR9860122.7	ERR485020.1419773	87.654	81	10	0	3	83	20	100	2.51e-20	100
SRR9860122.7	ERR485020.1281129	88.462	78	9	0	8	85	97	20	2.51e-20	100
SRR9860122.7	ERR485020.826727	88.462	78	9	0	8	85	99	22	2.51e-20	100
SRR9860122.7	ERR485020.1252124	90.141	71	7	0	15	85	2	72	9.03e-20	99.0
SRR9860122.7	ERR485020.1121728	86.747	83	11	0	3	85	12	94	9.03e-20	99.0
SRR9860122.7	ERR485020.1008721	90.141	71	7	0	15	85	95	25	9.03e-20	99.0
SRR9860122.7	ERR485020.988914	90.141	71	7	0	15	85	95	25	9.03e-20	99.0
SRR9860122.7	ERR485020.570436	87.500	80	10	0	3	82	21	100	9.03e-20	99.0
SRR9860122.7	ERR485020.514027	90.141	71	7	0	15	85	4	74	9.03e-20	99.0
SRR9860122.7	ERR485020.305409	90.141	71	7	0	15	85	98	28	9.03e-20	99.0
SRR9860122.7	ERR485020.203032	90.141	71	7	0	15	85	97	27	9.03e-20	99.0
SRR9860122.7	ERR485020.1560107	88.000	75	9	0	3	77	77	3	1.17e-18	95.3
SRR9860122.7	ERR485020.1067365	88.000	75	9	0	3	77	77	3	1.17e-18	95.3
SRR9860122.7	ERR485020.1024014	88.000	75	9	0	3	77	77	3	1.17e-18	95.3
SRR9860122.7	ERR485020.929362	88.000	75	9	0	3	77	24	98	1.17e-18	95.3
SRR9860122.7	ERR485020.894205	88.000	75	9	0	3	77	23	97	1.17e-18	95.3
SRR9860122.7	ERR485020.846753	88.000	75	9	0	3	77	77	3	1.17e-18	95.3
SRR9860122.7	ERR485020.823112	89.855	69	7	0	17	85	1	69	1.17e-18	95.3
SRR9860122.7	ERR485020.630566	88.000	75	9	0	3	77	23	97	1.17e-18	95.3
SRR9860122.7	ERR485020.543532	88.000	75	9	0	3	77	23	97	1.17e-18	95.3
SRR9860122.7	ERR485020.770636	87.671	73	9	0	3	75	28	100	1.51e-17	91.6
SRR9860122.7	ERR485020.1543947	87.500	72	9	0	3	74	72	1	5.43e-17	89.8
SRR9860122.7	ERR485020.1359767	87.500	72	9	0	3	74	72	1	5.43e-17	89.8
SRR9860122.7	ERR485020.1189290	87.500	72	9	0	3	74	29	100	5.43e-17	89.8
SRR9860122.7	ERR485020.451679	87.500	72	9	0	3	74	72	1	5.43e-17	89.8
SRR9860122.7	ERR485020.621619	87.324	71	9	0	3	73	71	1	1.95e-16	87.9
SRR9860122.7	ERR485020.195228	87.324	71	9	0	3	73	71	1	1.95e-16	87.9
SRR9860122.7	ERR485020.1647613	86.957	69	9	0	3	71	32	100	2.53e-15	84.2
SRR9860122.7	ERR485020.1473616	86.957	69	9	0	3	71	69	1	2.53e-15	84.2
SRR9860122.7	ERR485020.893665	86.957	69	9	0	3	71	69	1	2.53e-15	84.2
SRR9860122.7	ERR485020.512415	86.765	68	9	0	3	70	68	1	9.09e-15	82.4
SRR9860122.7	ERR485020.278041	86.364	66	9	0	3	68	66	1	1.18e-13	78.7
SRR9860122.7	ERR485020.1623496	86.154	65	9	0	3	67	65	1	4.23e-13	76.8
SRR9860122.7	ERR485020.1331346	85.714	63	9	0	3	65	38	100	5.47e-12	73.1
SRR9860122.7	ERR485020.708441	86.441	59	8	0	3	61	60	2	7.08e-11	69.4
SRR9860122.7	ERR485020.142151	86.441	59	8	0	3	61	40	98	7.08e-11	69.4
SRR9860122.7	ERR485020.504708	87.037	54	7	0	3	56	54	1	9.15e-10	65.8
SRR9860122.7	ERR485020.1361531	92.857	42	3	0	3	44	44	3	1.18e-08	62.1
SRR9860122.7	ERR485020.1234511	92.857	42	3	0	3	44	45	4	1.18e-08	62.1
SRR9860122.7	ERR485020.972295	92.857	42	3	0	3	44	52	93	1.18e-08	62.1
SRR9860122.7	ERR485020.919188	92.857	42	3	0	3	44	49	90	1.18e-08	62.1
SRR9860122.7	ERR485020.561182	92.857	42	3	0	3	44	50	91	1.18e-08	62.1
SRR9860122.7	ERR485020.508536	92.857	42	3	0	3	44	43	2	1.18e-08	62.1
SRR9860122.7	ERR485020.458394	92.857	42	3	0	3	44	59	100	1.18e-08	62.1
SRR9860122.7	ERR485020.364166	92.857	42	3	0	3	44	55	96	1.18e-08	62.1
SRR9860122.7	ERR485020.287752	92.857	42	3	0	3	44	55	96	1.18e-08	62.1
SRR9860122.7	ERR485020.235864	92.857	42	3	0	3	44	42	1	1.18e-08	62.1
SRR9860122.7	ERR485020.231032	92.857	42	3	0	3	44	56	97	1.18e-08	62.1
SRR9860122.7	ERR485020.203032	92.857	42	3	0	3	44	56	97	1.18e-08	62.1
SRR9860122.7	ERR485020.195228	92.857	42	3	0	3	44	58	99	1.18e-08	62.1
SRR9860122.7	ERR485020.1184179	92.683	41	3	0	3	43	41	1	4.26e-08	60.2
SRR9860122.7	ERR485020.1152326	92.683	41	3	0	3	43	60	100	4.26e-08	60.2
SRR9860122.7	ERR485020.1579968	92.500	40	3	0	3	42	40	1	1.53e-07	58.4
SRR9860122.7	ERR485020.1303432	92.500	40	3	0	5	44	60	99	1.53e-07	58.4
SRR9860122.7	ERR485020.470476	92.500	40	3	0	3	42	40	1	1.53e-07	58.4
SRR9860122.7	ERR485020.352101	92.500	40	3	0	3	42	61	100	1.53e-07	58.4
SRR9860122.8	ERR485020.1457370	98.990	99	1	0	88	186	100	2	2.30e-44	180
SRR9860122.8	ERR485020.602720	98.990	99	1	0	88	186	1	99	2.30e-44	180
SRR9860122.8	ERR485020.107129	98.990	99	1	0	88	186	100	2	2.30e-44	180
SRR9860122.8	ERR485020.121034	98.980	98	1	0	88	185	3	100	8.28e-44	178
SRR9860122.8	ERR485020.235631	98.969	97	1	0	88	184	97	1	2.98e-43	176
SRR9860122.8	ERR485020.146855	98.969	97	1	0	90	186	100	4	2.98e-43	176
SRR9860122.8	ERR485020.1690551	97.000	100	3	0	81	180	1	100	1.07e-42	174
SRR9860122.8	ERR485020.1584833	97.000	100	3	0	63	162	1	100	1.07e-42	174
SRR9860122.8	ERR485020.1459228	97.000	100	3	0	63	162	100	1	1.07e-42	174
SRR9860122.8	ERR485020.1389909	97.000	100	3	0	78	177	100	1	1.07e-42	174
SRR9860122.8	ERR485020.1370349	97.000	100	3	0	82	181	100	1	1.07e-42	174
SRR9860122.8	ERR485020.1302974	97.000	100	3	0	75	174	1	100	1.07e-42	174
SRR9860122.8	ERR485020.1163956	97.000	100	3	0	72	171	1	100	1.07e-42	174
SRR9860122.8	ERR485020.1036354	97.000	100	3	0	71	170	1	100	1.07e-42	174
SRR9860122.8	ERR485020.954025	97.000	100	3	0	68	167	1	100	1.07e-42	174
SRR9860122.8	ERR485020.924367	97.000	100	3	0	66	165	100	1	1.07e-42	174
SRR9860122.8	ERR485020.904366	97.000	100	3	0	81	180	100	1	1.07e-42	174
SRR9860122.8	ERR485020.889783	97.000	100	3	0	82	181	100	1	1.07e-42	174
SRR9860122.8	ERR485020.867767	98.958	96	1	0	91	186	100	5	1.07e-42	174
SRR9860122.8	ERR485020.867767	97.000	100	3	0	67	166	1	100	1.07e-42	174
SRR9860122.8	ERR485020.740877	97.000	100	3	0	80	179	1	100	1.07e-42	174
SRR9860122.8	ERR485020.684212	97.000	100	3	0	80	179	1	100	1.07e-42	174
SRR9860122.8	ERR485020.622674	97.000	100	3	0	69	168	100	1	1.07e-42	174
SRR9860122.8	ERR485020.553123	97.000	100	3	0	80	179	1	100	1.07e-42	174
SRR9860122.8	ERR485020.430273	97.000	100	3	0	77	176	100	1	1.07e-42	174
SRR9860122.8	ERR485020.427781	97.000	100	3	0	65	164	100	1	1.07e-42	174
SRR9860122.8	ERR485020.316813	97.000	100	3	0	64	163	100	1	1.07e-42	174
SRR9860122.8	ERR485020.272856	97.000	100	3	0	80	179	100	1	1.07e-42	174
SRR9860122.8	ERR485020.251822	97.000	100	3	0	65	164	100	1	1.07e-42	174
SRR9860122.8	ERR485020.187851	97.000	100	3	0	77	176	100	1	1.07e-42	174
SRR9860122.8	ERR485020.100129	97.000	100	3	0	81	180	1	100	1.07e-42	174
SRR9860122.8	ERR485020.1667336	98.947	95	1	0	88	182	95	1	3.85e-42	172
SRR9860122.8	ERR485020.1497280	96.970	99	3	0	63	161	99	1	3.85e-42	172
SRR9860122.8	ERR485020.100086	96.970	99	3	0	75	173	99	1	3.85e-42	172
SRR9860122.8	ERR485020.1611178	96.000	100	4	0	55	154	100	1	1.39e-41	171
SRR9860122.8	ERR485020.1552286	96.000	100	4	0	55	154	1	100	1.39e-41	171
SRR9860122.8	ERR485020.1541367	97.938	97	2	0	88	184	97	1	1.39e-41	171
SRR9860122.8	ERR485020.1496608	96.000	100	4	0	59	158	100	1	1.39e-41	171
SRR9860122.8	ERR485020.1429129	96.000	100	4	0	60	159	1	100	1.39e-41	171
SRR9860122.8	ERR485020.1317637	96.000	100	4	0	57	156	100	1	1.39e-41	171
SRR9860122.8	ERR485020.1254413	96.000	100	4	0	54	153	1	100	1.39e-41	171
SRR9860122.8	ERR485020.1224497	96.000	100	4	0	59	158	1	100	1.39e-41	171
SRR9860122.8	ERR485020.1188509	96.000	100	4	0	55	154	1	100	1.39e-41	171
SRR9860122.8	ERR485020.1033521	96.000	100	4	0	56	155	100	1	1.39e-41	171
SRR9860122.8	ERR485020.1031569	96.000	100	4	0	55	154	1	100	1.39e-41	171
SRR9860122.8	ERR485020.718097	96.000	100	4	0	57	156	100	1	1.39e-41	171
SRR9860122.8	ERR485020.648155	96.939	98	3	0	63	160	3	100	1.39e-41	171
SRR9860122.8	ERR485020.209913	96.000	100	4	0	60	159	100	1	1.39e-41	171
SRR9860122.8	ERR485020.163528	96.000	100	4	0	54	153	100	1	1.39e-41	171
SRR9860122.8	ERR485020.1108309	95.960	99	4	0	54	152	99	1	4.99e-41	169
SRR9860122.8	ERR485020.915130	96.000	100	4	0	76	175	1	100	4.99e-41	169
SRR9860122.8	ERR485020.591693	98.925	93	1	0	94	186	1	93	4.99e-41	169
SRR9860122.8	ERR485020.461306	95.960	99	4	0	54	152	99	1	4.99e-41	169
SRR9860122.8	ERR485020.339310	95.960	99	4	0	54	152	99	1	4.99e-41	169
SRR9860122.8	ERR485020.1709652	95.000	100	5	0	10	109	100	1	1.79e-40	167
SRR9860122.8	ERR485020.1695827	95.000	100	5	0	27	126	1	100	1.79e-40	167
SRR9860122.8	ERR485020.1669836	95.000	100	5	0	26	125	1	100	1.79e-40	167
SRR9860122.8	ERR485020.1585124	95.000	100	5	0	27	126	100	1	1.79e-40	167
SRR9860122.8	ERR485020.1536528	95.000	100	5	0	11	110	100	1	1.79e-40	167
SRR9860122.8	ERR485020.1527489	95.000	100	5	0	27	126	1	100	1.79e-40	167
SRR9860122.8	ERR485020.1517765	95.000	100	5	0	11	110	1	100	1.79e-40	167
SRR9860122.8	ERR485020.1497280	95.000	100	5	0	27	126	1	100	1.79e-40	167
SRR9860122.8	ERR485020.1459228	95.000	100	5	0	10	109	1	100	1.79e-40	167
SRR9860122.8	ERR485020.1457370	95.000	100	5	0	48	147	1	100	1.79e-40	167
SRR9860122.8	ERR485020.1428511	98.913	92	1	0	95	186	1	92	1.79e-40	167
SRR9860122.8	ERR485020.1424928	95.000	100	5	0	46	145	100	1	1.79e-40	167
SRR9860122.8	ERR485020.1368276	95.000	100	5	0	47	146	100	1	1.79e-40	167
SRR9860122.8	ERR485020.1328675	95.000	100	5	0	49	148	100	1	1.79e-40	167
SRR9860122.8	ERR485020.1302116	95.000	100	5	0	5	104	1	100	1.79e-40	167
SRR9860122.8	ERR485020.1229693	95.000	100	5	0	19	118	1	100	1.79e-40	167
SRR9860122.8	ERR485020.1226914	95.000	100	5	0	13	112	1	100	1.79e-40	167
SRR9860122.8	ERR485020.1196861	95.000	100	5	0	30	129	100	1	1.79e-40	167
SRR9860122.8	ERR485020.1183854	95.000	100	5	0	13	112	100	1	1.79e-40	167
SRR9860122.8	ERR485020.1135078	95.000	100	5	0	2	101	100	1	1.79e-40	167
SRR9860122.8	ERR485020.1112802	95.000	100	5	0	12	111	1	100	1.79e-40	167
SRR9860122.8	ERR485020.1077785	95.000	100	5	0	6	105	100	1	1.79e-40	167
SRR9860122.8	ERR485020.1034975	95.000	100	5	0	14	113	1	100	1.79e-40	167
SRR9860122.8	ERR485020.1034975	95.000	100	5	0	17	116	100	1	1.79e-40	167
SRR9860122.8	ERR485020.992445	95.000	100	5	0	21	120	100	1	1.79e-40	167
SRR9860122.8	ERR485020.966195	95.000	100	5	0	9	108	100	1	1.79e-40	167
SRR9860122.8	ERR485020.890283	95.000	100	5	0	17	116	100	1	1.79e-40	167
SRR9860122.8	ERR485020.889783	95.000	100	5	0	24	123	1	100	1.79e-40	167
SRR9860122.8	ERR485020.865647	95.000	100	5	0	15	114	100	1	1.79e-40	167
SRR9860122.8	ERR485020.774353	95.000	100	5	0	7	106	1	100	1.79e-40	167
SRR9860122.8	ERR485020.741741	95.000	100	5	0	4	103	100	1	1.79e-40	167
SRR9860122.8	ERR485020.741082	95.000	100	5	0	1	100	100	1	1.79e-40	167
SRR9860122.8	ERR485020.706905	95.000	100	5	0	49	148	1	100	1.79e-40	167
SRR9860122.8	ERR485020.620100	95.000	100	5	0	1	100	100	1	1.79e-40	167
SRR9860122.8	ERR485020.606656	95.000	100	5	0	8	107	1	100	1.79e-40	167
SRR9860122.8	ERR485020.592751	95.000	100	5	0	50	149	1	100	1.79e-40	167
SRR9860122.8	ERR485020.552775	98.913	92	1	0	95	186	100	9	1.79e-40	167
SRR9860122.8	ERR485020.520140	95.000	100	5	0	27	126	1	100	1.79e-40	167
SRR9860122.8	ERR485020.512256	95.000	100	5	0	20	119	100	1	1.79e-40	167
SRR9860122.8	ERR485020.430273	95.000	100	5	0	8	107	1	100	1.79e-40	167
SRR9860122.8	ERR485020.395982	95.000	100	5	0	21	120	1	100	1.79e-40	167
SRR9860122.8	ERR485020.388957	95.000	100	5	0	22	121	100	1	1.79e-40	167
SRR9860122.8	ERR485020.380074	95.000	100	5	0	2	101	100	1	1.79e-40	167
SRR9860122.8	ERR485020.292426	95.918	98	4	0	54	151	98	1	1.79e-40	167
SRR9860122.8	ERR485020.232171	95.000	100	5	0	4	103	100	1	1.79e-40	167
SRR9860122.8	ERR485020.212128	95.000	100	5	0	23	122	100	1	1.79e-40	167
SRR9860122.8	ERR485020.203482	95.918	98	4	0	54	151	98	1	1.79e-40	167
SRR9860122.8	ERR485020.203233	95.000	100	5	0	13	112	100	1	1.79e-40	167
SRR9860122.8	ERR485020.168937	95.000	100	5	0	1	100	1	100	1.79e-40	167
SRR9860122.8	ERR485020.129749	95.000	100	5	0	27	126	1	100	1.79e-40	167
SRR9860122.8	ERR485020.121124	95.000	100	5	0	50	149	1	100	1.79e-40	167
SRR9860122.8	ERR485020.95641	98.913	92	1	0	95	186	100	9	1.79e-40	167
SRR9860122.8	ERR485020.93274	95.000	100	5	0	24	123	100	1	1.79e-40	167
SRR9860122.8	ERR485020.1707478	98.901	91	1	0	96	186	100	10	6.45e-40	165
SRR9860122.8	ERR485020.1707478	94.949	99	5	0	1	99	2	100	6.45e-40	165
SRR9860122.8	ERR485020.1135507	94.949	99	5	0	46	144	2	100	6.45e-40	165
SRR9860122.8	ERR485020.1112802	94.949	99	5	0	46	144	99	1	6.45e-40	165
SRR9860122.8	ERR485020.667007	94.949	99	5	0	31	129	100	2	6.45e-40	165
SRR9860122.8	ERR485020.505029	98.901	91	1	0	96	186	1	91	6.45e-40	165
SRR9860122.8	ERR485020.163528	94.949	99	5	0	1	99	2	100	6.45e-40	165
SRR9860122.8	ERR485020.104756	94.949	99	5	0	31	129	1	99	6.45e-40	165
SRR9860122.8	ERR485020.1667336	94.000	100	6	0	40	139	1	100	2.32e-39	163
SRR9860122.8	ERR485020.1443702	94.000	100	6	0	33	132	100	1	2.32e-39	163
SRR9860122.8	ERR485020.1389909	94.000	100	6	0	41	140	1	100	2.32e-39	163
SRR9860122.8	ERR485020.1382054	94.898	98	5	0	1	98	98	1	2.32e-39	163
SRR9860122.8	ERR485020.1380705	94.000	100	6	0	39	138	100	1	2.32e-39	163
SRR9860122.8	ERR485020.1292564	94.898	98	5	0	32	129	100	3	2.32e-39	163
SRR9860122.8	ERR485020.1104955	94.898	98	5	0	1	98	3	100	2.32e-39	163
SRR9860122.8	ERR485020.933807	94.000	100	6	0	42	141	1	100	2.32e-39	163
SRR9860122.8	ERR485020.904366	94.898	98	5	0	32	129	1	98	2.32e-39	163
SRR9860122.8	ERR485020.767062	94.898	98	5	0	1	98	3	100	2.32e-39	163
SRR9860122.8	ERR485020.753564	94.898	98	5	0	1	98	98	1	2.32e-39	163
SRR9860122.8	ERR485020.700613	94.000	100	6	0	39	138	1	100	2.32e-39	163
SRR9860122.8	ERR485020.700335	94.000	100	6	0	39	138	1	100	2.32e-39	163
SRR9860122.8	ERR485020.645126	94.898	98	5	0	46	143	98	1	2.32e-39	163
SRR9860122.8	ERR485020.618817	94.000	100	6	0	36	135	1	100	2.32e-39	163
SRR9860122.8	ERR485020.579094	94.000	100	6	0	38	137	100	1	2.32e-39	163
SRR9860122.8	ERR485020.436098	98.889	90	1	0	97	186	1	90	2.32e-39	163
SRR9860122.8	ERR485020.317844	94.000	100	6	0	38	137	100	1	2.32e-39	163
SRR9860122.8	ERR485020.258734	94.000	100	6	0	36	135	1	100	2.32e-39	163
SRR9860122.8	ERR485020.247814	94.000	100	6	0	41	140	1	100	2.32e-39	163
SRR9860122.8	ERR485020.426417	94.845	97	5	0	1	97	4	100	8.34e-39	161
SRR9860122.8	ERR485020.348365	98.876	89	1	0	98	186	100	12	8.34e-39	161
SRR9860122.8	ERR485020.119832	94.000	100	6	0	13	112	1	100	8.34e-39	161
SRR9860122.8	ERR485020.1687389	94.792	96	5	0	1	96	5	100	3.00e-38	159
SRR9860122.8	ERR485020.1251924	94.792	96	5	0	1	96	96	1	3.00e-38	159
SRR9860122.8	ERR485020.1120647	98.864	88	1	0	99	186	1	88	3.00e-38	159
SRR9860122.8	ERR485020.924367	94.792	96	5	0	1	96	5	100	3.00e-38	159
SRR9860122.8	ERR485020.1412132	98.851	87	1	0	100	186	1	87	1.08e-37	158
SRR9860122.8	ERR485020.700613	98.851	87	1	0	100	186	100	14	1.08e-37	158
SRR9860122.8	ERR485020.700335	98.851	87	1	0	100	186	100	14	1.08e-37	158
SRR9860122.8	ERR485020.657823	94.737	95	5	0	1	95	95	1	1.08e-37	158
SRR9860122.8	ERR485020.119832	93.000	100	7	0	39	138	100	1	1.08e-37	158
SRR9860122.8	ERR485020.1600827	98.837	86	1	0	101	186	1	86	3.88e-37	156
SRR9860122.8	ERR485020.1424928	94.681	94	5	0	1	94	7	100	3.88e-37	156
SRR9860122.8	ERR485020.1310813	94.681	94	5	0	1	94	94	1	3.88e-37	156
SRR9860122.8	ERR485020.1292564	94.681	94	5	0	1	94	7	100	3.88e-37	156
SRR9860122.8	ERR485020.610619	98.837	86	1	0	101	186	1	86	3.88e-37	156
SRR9860122.8	ERR485020.103665	94.681	94	5	0	1	94	7	100	3.88e-37	156
SRR9860122.8	ERR485020.1192297	94.624	93	5	0	1	93	8	100	1.40e-36	154
SRR9860122.8	ERR485020.1086286	94.624	93	5	0	1	93	93	1	1.40e-36	154
SRR9860122.8	ERR485020.467300	96.703	91	3	0	96	186	1	91	1.40e-36	154
SRR9860122.8	ERR485020.1492896	92.000	100	8	0	36	135	1	100	5.02e-36	152
SRR9860122.8	ERR485020.1292827	94.505	91	5	0	1	91	10	100	1.81e-35	150
SRR9860122.8	ERR485020.1269457	98.795	83	1	0	104	186	1	83	1.81e-35	150
SRR9860122.8	ERR485020.756822	91.919	99	8	0	37	135	1	99	1.81e-35	150
SRR9860122.8	ERR485020.667007	94.505	91	5	0	1	91	10	100	1.81e-35	150
SRR9860122.8	ERR485020.1586201	96.471	85	3	0	1	85	87	3	2.34e-34	147
SRR9860122.8	ERR485020.1417408	96.471	85	3	0	1	85	86	2	2.34e-34	147
SRR9860122.8	ERR485020.1417231	96.471	85	3	0	1	85	87	3	2.34e-34	147
SRR9860122.8	ERR485020.1342445	96.471	85	3	0	1	85	15	99	2.34e-34	147
SRR9860122.8	ERR485020.1297113	96.471	85	3	0	1	85	87	3	2.34e-34	147
SRR9860122.8	ERR485020.1223278	98.765	81	1	0	106	186	100	20	2.34e-34	147
SRR9860122.8	ERR485020.1192861	96.471	85	3	0	1	85	87	3	2.34e-34	147
SRR9860122.8	ERR485020.1078833	96.471	85	3	0	1	85	86	2	2.34e-34	147
SRR9860122.8	ERR485020.1062113	96.471	85	3	0	1	85	14	98	2.34e-34	147
SRR9860122.8	ERR485020.865647	96.471	85	3	0	1	85	13	97	2.34e-34	147
SRR9860122.8	ERR485020.682383	96.471	85	3	0	1	85	89	5	2.34e-34	147
SRR9860122.8	ERR485020.675280	98.765	81	1	0	106	186	1	81	2.34e-34	147
SRR9860122.8	ERR485020.552775	96.471	85	3	0	1	85	15	99	2.34e-34	147
SRR9860122.8	ERR485020.306559	96.471	85	3	0	1	85	86	2	2.34e-34	147
SRR9860122.8	ERR485020.251259	96.471	85	3	0	1	85	90	6	2.34e-34	147
SRR9860122.8	ERR485020.95641	96.471	85	3	0	1	85	14	98	2.34e-34	147
SRR9860122.8	ERR485020.1104955	98.750	80	1	0	107	186	100	21	8.40e-34	145
SRR9860122.8	ERR485020.462111	97.590	83	2	0	104	186	1	83	8.40e-34	145
SRR9860122.8	ERR485020.214534	98.750	80	1	0	107	186	100	21	8.40e-34	145
SRR9860122.8	ERR485020.132493	96.429	84	3	0	1	84	84	1	8.40e-34	145
SRR9860122.8	ERR485020.750745	98.734	79	1	0	108	186	1	79	3.02e-33	143
SRR9860122.8	ERR485020.251822	96.386	83	3	0	1	83	18	100	3.02e-33	143
SRR9860122.8	ERR485020.1465782	95.294	85	4	0	1	85	89	5	1.09e-32	141
SRR9860122.8	ERR485020.1282032	96.341	82	3	0	1	82	19	100	1.09e-32	141
SRR9860122.8	ERR485020.916748	98.718	78	1	0	109	186	1	78	1.09e-32	141
SRR9860122.8	ERR485020.351580	96.341	82	3	0	1	82	82	1	1.09e-32	141
SRR9860122.8	ERR485020.214534	95.294	85	4	0	1	85	16	100	1.09e-32	141
SRR9860122.8	ERR485020.1611178	96.296	81	3	0	1	81	20	100	3.91e-32	139
SRR9860122.8	ERR485020.704223	98.701	77	1	0	110	186	1	77	3.91e-32	139
SRR9860122.8	ERR485020.1154455	96.250	80	3	0	1	80	80	1	1.41e-31	137
SRR9860122.8	ERR485020.1153102	96.250	80	3	0	1	80	21	100	1.41e-31	137
SRR9860122.8	ERR485020.383273	95.181	83	4	0	1	83	18	100	1.41e-31	137
SRR9860122.8	ERR485020.196672	96.250	80	3	0	1	80	21	100	1.41e-31	137
SRR9860122.8	ERR485020.100086	95.122	82	4	0	1	82	19	100	5.06e-31	135
SRR9860122.8	ERR485020.1721403	98.649	74	1	0	113	186	1	74	1.82e-30	134
SRR9860122.8	ERR485020.1291196	98.649	74	1	0	113	186	1	74	1.82e-30	134
SRR9860122.8	ERR485020.1282032	98.649	74	1	0	113	186	99	26	1.82e-30	134
SRR9860122.8	ERR485020.916508	96.154	78	3	0	1	78	23	100	1.82e-30	134
SRR9860122.8	ERR485020.212721	98.649	74	1	0	113	186	1	74	1.82e-30	134
SRR9860122.8	ERR485020.1584833	98.630	73	1	0	114	186	100	28	6.54e-30	132
SRR9860122.8	ERR485020.1192297	98.630	73	1	0	114	186	100	28	6.54e-30	132
SRR9860122.8	ERR485020.427781	96.104	77	3	0	1	77	24	100	6.54e-30	132
SRR9860122.8	ERR485020.182783	98.630	73	1	0	114	186	1	73	6.54e-30	132
SRR9860122.8	ERR485020.1224497	98.611	72	1	0	115	186	100	29	2.35e-29	130
SRR9860122.8	ERR485020.1192861	96.053	76	3	0	1	76	25	100	2.35e-29	130
SRR9860122.8	ERR485020.958618	98.611	72	1	0	115	186	100	29	2.35e-29	130
SRR9860122.8	ERR485020.188428	96.053	76	3	0	1	76	25	100	2.35e-29	130
SRR9860122.8	ERR485020.1596857	98.592	71	1	0	116	186	100	30	8.46e-29	128
SRR9860122.8	ERR485020.1368276	96.000	75	3	0	1	75	26	100	8.46e-29	128
SRR9860122.8	ERR485020.684212	98.592	71	1	0	116	186	100	30	8.46e-29	128
SRR9860122.8	ERR485020.1596857	95.946	74	3	0	1	74	27	100	3.04e-28	126
SRR9860122.8	ERR485020.93274	95.946	74	3	0	1	74	27	100	3.04e-28	126
SRR9860122.8	ERR485020.1498022	95.890	73	3	0	1	73	73	1	1.09e-27	124
SRR9860122.8	ERR485020.1110990	98.551	69	1	0	118	186	1	69	1.09e-27	124
SRR9860122.8	ERR485020.809565	98.551	69	1	0	118	186	1	69	1.09e-27	124
SRR9860122.8	ERR485020.1094209	95.833	72	3	0	1	72	72	1	3.94e-27	122
SRR9860122.8	ERR485020.1125175	98.507	67	1	0	120	186	1	67	1.42e-26	121
SRR9860122.8	ERR485020.747303	98.507	67	1	0	120	186	1	67	1.42e-26	121
SRR9860122.8	ERR485020.739857	98.507	67	1	0	120	186	1	67	1.42e-26	121
SRR9860122.8	ERR485020.491623	98.507	67	1	0	120	186	1	67	1.42e-26	121
SRR9860122.8	ERR485020.1501511	95.714	70	3	0	1	70	31	100	5.09e-26	119
SRR9860122.8	ERR485020.1474914	95.714	70	3	0	1	70	31	100	5.09e-26	119
SRR9860122.8	ERR485020.1474914	98.485	66	1	0	121	186	100	35	5.09e-26	119
SRR9860122.8	ERR485020.260017	95.714	70	3	0	1	70	70	1	5.09e-26	119
SRR9860122.8	ERR485020.1712697	98.462	65	1	0	122	186	1	65	1.83e-25	117
SRR9860122.8	ERR485020.1301188	95.652	69	3	0	1	69	32	100	1.83e-25	117
SRR9860122.8	ERR485020.1292827	98.462	65	1	0	122	186	100	36	1.83e-25	117
SRR9860122.8	ERR485020.247814	98.462	65	1	0	122	186	100	36	1.83e-25	117
SRR9860122.8	ERR485020.121124	98.462	65	1	0	122	186	100	36	1.83e-25	117
SRR9860122.8	ERR485020.1590814	95.588	68	3	0	1	68	68	1	6.59e-25	115
SRR9860122.8	ERR485020.1229693	98.438	64	1	0	123	186	100	37	6.59e-25	115
SRR9860122.8	ERR485020.952214	98.438	64	1	0	123	186	1	64	6.59e-25	115
SRR9860122.8	ERR485020.735187	98.438	64	1	0	123	186	100	37	6.59e-25	115
SRR9860122.8	ERR485020.678985	98.438	64	1	0	123	186	100	37	6.59e-25	115
SRR9860122.8	ERR485020.1721735	98.413	63	1	0	124	186	100	38	2.37e-24	113
SRR9860122.8	ERR485020.1206264	95.522	67	3	0	1	67	67	1	2.37e-24	113
SRR9860122.8	ERR485020.579094	95.522	67	3	0	1	67	34	100	2.37e-24	113
SRR9860122.8	ERR485020.1429129	98.387	62	1	0	125	186	100	39	8.52e-24	111
SRR9860122.8	ERR485020.103665	98.387	62	1	0	125	186	100	39	8.52e-24	111
SRR9860122.8	ERR485020.1153102	98.361	61	1	0	126	186	100	40	3.06e-23	110
SRR9860122.8	ERR485020.1022094	95.385	65	3	0	1	65	36	100	3.06e-23	110
SRR9860122.8	ERR485020.767062	98.361	61	1	0	126	186	100	40	3.06e-23	110
SRR9860122.8	ERR485020.718097	95.385	65	3	0	1	65	36	100	3.06e-23	110
SRR9860122.8	ERR485020.1425657	96.721	61	2	0	1	61	39	99	3.96e-22	106
SRR9860122.8	ERR485020.1370349	96.721	61	2	0	1	61	40	100	3.96e-22	106
SRR9860122.8	ERR485020.1031569	98.305	59	1	0	128	186	100	42	3.96e-22	106
SRR9860122.8	ERR485020.805204	98.305	59	1	0	128	186	1	59	3.96e-22	106
SRR9860122.8	ERR485020.612848	98.305	59	1	0	128	186	1	59	3.96e-22	106
SRR9860122.8	ERR485020.436098	98.305	59	1	0	128	186	100	42	3.96e-22	106
SRR9860122.8	ERR485020.1686885	100.000	56	0	0	131	186	98	43	1.43e-21	104
SRR9860122.8	ERR485020.682383	96.667	60	2	0	1	60	41	100	1.43e-21	104
SRR9860122.8	ERR485020.258734	100.000	56	0	0	131	186	98	43	1.43e-21	104
SRR9860122.8	ERR485020.97452	100.000	56	0	0	131	186	3	58	1.43e-21	104
SRR9860122.8	ERR485020.1420441	96.610	59	2	0	1	59	59	1	5.13e-21	102
SRR9860122.8	ERR485020.1022094	100.000	55	0	0	132	186	100	46	5.13e-21	102
SRR9860122.8	ERR485020.958618	96.610	59	2	0	1	59	42	100	5.13e-21	102
SRR9860122.8	ERR485020.856612	100.000	55	0	0	132	186	1	55	5.13e-21	102
SRR9860122.8	ERR485020.207382	100.000	55	0	0	132	186	1	55	5.13e-21	102
SRR9860122.8	ERR485020.803833	100.000	54	0	0	133	186	100	47	1.84e-20	100
SRR9860122.8	ERR485020.468255	96.610	59	2	0	128	186	1	59	1.84e-20	100
SRR9860122.8	ERR485020.292426	96.552	58	2	0	1	58	43	100	1.84e-20	100
SRR9860122.8	ERR485020.1535835	96.491	57	2	0	1	57	57	1	6.63e-20	99.0
SRR9860122.8	ERR485020.1424831	95.000	60	3	0	1	60	60	1	6.63e-20	99.0
SRR9860122.8	ERR485020.668929	95.000	60	3	0	1	60	60	1	6.63e-20	99.0
SRR9860122.8	ERR485020.468744	96.491	57	2	0	1	57	57	1	6.63e-20	99.0
SRR9860122.8	ERR485020.142892	100.000	53	0	0	134	186	1	53	6.63e-20	99.0
SRR9860122.8	ERR485020.1694285	96.429	56	2	0	1	56	56	1	2.39e-19	97.1
SRR9860122.8	ERR485020.1691592	100.000	52	0	0	135	186	1	52	2.39e-19	97.1
SRR9860122.8	ERR485020.1310813	96.429	56	2	0	1	56	45	100	2.39e-19	97.1
SRR9860122.8	ERR485020.1599352	100.000	51	0	0	136	186	1	51	8.58e-19	95.3
SRR9860122.8	ERR485020.1078833	96.364	55	2	0	1	55	46	100	8.58e-19	95.3
SRR9860122.8	ERR485020.1621950	100.000	50	0	0	137	186	1	50	3.09e-18	93.5
SRR9860122.8	ERR485020.1323007	98.077	52	1	0	1	52	52	1	3.09e-18	93.5
SRR9860122.8	ERR485020.1283954	98.077	52	1	0	1	52	47	98	3.09e-18	93.5
SRR9860122.8	ERR485020.1262409	98.077	52	1	0	1	52	52	1	3.09e-18	93.5
SRR9860122.8	ERR485020.1108309	98.077	52	1	0	1	52	47	98	3.09e-18	93.5
SRR9860122.8	ERR485020.1004079	98.077	52	1	0	1	52	48	99	3.09e-18	93.5
SRR9860122.8	ERR485020.858009	100.000	50	0	0	137	186	1	50	3.09e-18	93.5
SRR9860122.8	ERR485020.678985	98.077	52	1	0	1	52	47	98	3.09e-18	93.5
SRR9860122.8	ERR485020.512256	98.077	52	1	0	1	52	48	99	3.09e-18	93.5
SRR9860122.8	ERR485020.299140	100.000	50	0	0	137	186	1	50	3.09e-18	93.5
SRR9860122.8	ERR485020.269909	98.077	52	1	0	1	52	48	99	3.09e-18	93.5
SRR9860122.8	ERR485020.1135507	100.000	49	0	0	138	186	100	52	1.11e-17	91.6
SRR9860122.8	ERR485020.775983	98.039	51	1	0	1	51	51	1	1.11e-17	91.6
SRR9860122.8	ERR485020.1506241	100.000	48	0	0	139	186	1	48	3.99e-17	89.8
SRR9860122.8	ERR485020.1337995	100.000	48	0	0	139	186	1	48	3.99e-17	89.8
SRR9860122.8	ERR485020.1231472	100.000	48	0	0	139	186	1	48	3.99e-17	89.8
SRR9860122.8	ERR485020.511807	98.039	51	1	0	136	186	100	50	3.99e-17	89.8
SRR9860122.8	ERR485020.622674	97.959	49	1	0	1	49	52	100	1.44e-16	87.9
SRR9860122.8	ERR485020.120253	100.000	47	0	0	140	186	1	47	1.44e-16	87.9
SRR9860122.8	ERR485020.1026320	100.000	46	0	0	141	186	1	46	5.16e-16	86.1
SRR9860122.8	ERR485020.803833	97.917	48	1	0	1	48	53	100	5.16e-16	86.1
SRR9860122.8	ERR485020.741082	97.917	48	1	0	1	48	53	100	5.16e-16	86.1
SRR9860122.8	ERR485020.591176	97.917	48	1	0	1	48	48	1	5.16e-16	86.1
SRR9860122.8	ERR485020.1342445	100.000	45	0	0	142	186	100	56	1.86e-15	84.2
SRR9860122.8	ERR485020.1199876	97.872	47	1	0	1	47	47	1	1.86e-15	84.2
SRR9860122.8	ERR485020.606656	100.000	45	0	0	142	186	100	56	1.86e-15	84.2
SRR9860122.8	ERR485020.1686885	100.000	44	0	0	1	44	57	100	6.68e-15	82.4
SRR9860122.8	ERR485020.1171741	100.000	44	0	0	1	44	45	2	6.68e-15	82.4
SRR9860122.8	ERR485020.905248	100.000	44	0	0	1	44	44	1	6.68e-15	82.4
SRR9860122.8	ERR485020.553123	100.000	43	0	0	144	186	100	58	2.40e-14	80.5
SRR9860122.8	ERR485020.168937	100.000	43	0	0	144	186	100	58	2.40e-14	80.5
SRR9860122.8	ERR485020.146855	100.000	43	0	0	1	43	58	100	2.40e-14	80.5
SRR9860122.8	ERR485020.1585124	100.000	42	0	0	1	42	59	100	8.64e-14	78.7
SRR9860122.8	ERR485020.478663	100.000	42	0	0	1	42	42	1	8.64e-14	78.7
SRR9860122.8	ERR485020.427691	100.000	42	0	0	145	186	1	42	8.64e-14	78.7
SRR9860122.8	ERR485020.272856	100.000	42	0	0	1	42	59	100	8.64e-14	78.7
SRR9860122.8	ERR485020.216241	100.000	42	0	0	1	42	42	1	8.64e-14	78.7
SRR9860122.8	ERR485020.1477686	100.000	41	0	0	1	41	60	100	3.11e-13	76.8
SRR9860122.8	ERR485020.1477686	100.000	41	0	0	146	186	100	60	3.11e-13	76.8
SRR9860122.8	ERR485020.966195	100.000	41	0	0	1	41	60	100	3.11e-13	76.8
SRR9860122.8	ERR485020.741741	100.000	41	0	0	1	41	60	100	3.11e-13	76.8
SRR9860122.8	ERR485020.100129	100.000	41	0	0	146	186	100	60	3.11e-13	76.8
SRR9860122.8	ERR485020.1719958	100.000	40	0	0	1	40	40	1	1.12e-12	75.0
SRR9860122.8	ERR485020.1708850	100.000	40	0	0	147	186	1	40	1.12e-12	75.0
SRR9860122.8	ERR485020.1398573	100.000	40	0	0	1	40	40	1	1.12e-12	75.0
SRR9860122.8	ERR485020.104389	100.000	40	0	0	1	40	40	1	1.12e-12	75.0
SRR9860122.8	ERR485020.1586201	100.000	39	0	0	1	39	62	100	4.02e-12	73.1
SRR9860122.8	ERR485020.1206264	100.000	39	0	0	1	39	62	100	4.02e-12	73.1
SRR9860122.8	ERR485020.1333640	100.000	38	0	0	1	38	38	1	1.45e-11	71.3
SRR9860122.8	ERR485020.1268752	100.000	38	0	0	1	38	63	100	1.45e-11	71.3
SRR9860122.8	ERR485020.1226914	100.000	38	0	0	149	186	100	63	1.45e-11	71.3
SRR9860122.8	ERR485020.235631	100.000	38	0	0	1	38	63	100	1.45e-11	71.3
SRR9860122.8	ERR485020.203482	100.000	38	0	0	1	38	63	100	1.45e-11	71.3
SRR9860122.8	ERR485020.1591964	100.000	36	0	0	1	36	65	100	1.87e-10	67.6
SRR9860122.8	ERR485020.316813	100.000	36	0	0	1	36	65	100	1.87e-10	67.6
SRR9860122.8	ERR485020.269909	100.000	36	0	0	151	186	100	65	1.87e-10	67.6
SRR9860122.8	ERR485020.1391580	100.000	35	0	0	1	35	35	1	6.73e-10	65.8
SRR9860122.8	ERR485020.380074	100.000	35	0	0	1	35	66	100	6.73e-10	65.8
SRR9860122.8	ERR485020.212842	100.000	35	0	0	152	186	100	66	6.73e-10	65.8
SRR9860122.8	ERR485020.978056	100.000	34	0	0	153	186	1	34	2.42e-09	63.9
SRR9860122.8	ERR485020.706905	100.000	34	0	0	153	186	100	67	2.42e-09	63.9
SRR9860122.8	ERR485020.1412980	100.000	33	0	0	1	33	33	1	8.70e-09	62.1
SRR9860122.8	ERR485020.843579	100.000	33	0	0	1	33	33	1	8.70e-09	62.1
SRR9860122.8	ERR485020.1138332	100.000	31	0	0	1	31	31	1	1.13e-07	58.4
SRR9860122.8	ERR485020.1077785	100.000	31	0	0	1	31	70	100	1.13e-07	58.4
SRR9860122.8	ERR485020.1072533	100.000	31	0	0	156	186	100	70	1.13e-07	58.4
SRR9860122.8	ERR485020.620100	100.000	31	0	0	1	31	70	100	1.13e-07	58.4
SRR9860122.8	ERR485020.565001	100.000	31	0	0	156	186	1	31	1.13e-07	58.4
SRR9860122.8	ERR485020.1496130	100.000	29	0	0	158	186	1	29	1.46e-06	54.7
SRR9860122.8	ERR485020.1355016	100.000	29	0	0	1	29	72	100	1.46e-06	54.7
SRR9860122.8	ERR485020.1268562	100.000	29	0	0	1	29	29	1	1.46e-06	54.7
SRR9860122.8	ERR485020.1218331	100.000	28	0	0	159	186	1	28	5.24e-06	52.8
SRR9860122.8	ERR485020.933807	99.000	100	1	0	46	145	100	1	6.40e-45	182
SRR9860122.8	ERR485020.1389909	98.990	99	1	0	47	145	100	2	2.30e-44	180
SRR9860122.8	ERR485020.645126	98.990	99	1	0	45	143	2	100	2.30e-44	180
SRR9860122.8	ERR485020.247814	98.990	99	1	0	47	145	100	2	2.30e-44	180
SRR9860122.8	ERR485020.1667336	98.980	98	1	0	48	145	100	3	8.28e-44	178
SRR9860122.8	ERR485020.1135507	98.980	98	1	0	45	142	98	1	8.28e-44	178
SRR9860122.8	ERR485020.1112802	98.980	98	1	0	45	142	3	100	8.28e-44	178
SRR9860122.8	ERR485020.1424928	98.969	97	1	0	45	141	4	100	2.98e-43	176
SRR9860122.8	ERR485020.1380705	98.969	97	1	0	49	145	1	97	2.98e-43	176
SRR9860122.8	ERR485020.700613	98.969	97	1	0	49	145	100	4	2.98e-43	176
SRR9860122.8	ERR485020.700335	98.969	97	1	0	49	145	100	4	2.98e-43	176
SRR9860122.8	ERR485020.1695827	97.000	100	3	0	61	160	100	1	1.07e-42	174
SRR9860122.8	ERR485020.1669836	97.000	100	3	0	62	161	100	1	1.07e-42	174
SRR9860122.8	ERR485020.1611178	97.000	100	3	0	33	132	1	100	1.07e-42	174
SRR9860122.8	ERR485020.1585124	97.000	100	3	0	61	160	1	100	1.07e-42	174
SRR9860122.8	ERR485020.1552286	97.000	100	3	0	33	132	100	1	1.07e-42	174
SRR9860122.8	ERR485020.1527489	97.000	100	3	0	61	160	100	1	1.07e-42	174
SRR9860122.8	ERR485020.1497280	97.000	100	3	0	61	160	100	1	1.07e-42	174
SRR9860122.8	ERR485020.1443702	97.000	100	3	0	55	154	1	100	1.07e-42	174
SRR9860122.8	ERR485020.1368276	98.958	96	1	0	45	140	5	100	1.07e-42	174
SRR9860122.8	ERR485020.1328675	97.000	100	3	0	39	138	1	100	1.07e-42	174
SRR9860122.8	ERR485020.1292564	97.000	100	3	0	56	155	1	100	1.07e-42	174
SRR9860122.8	ERR485020.1254413	97.000	100	3	0	34	133	100	1	1.07e-42	174
SRR9860122.8	ERR485020.1196861	97.000	100	3	0	58	157	1	100	1.07e-42	174
SRR9860122.8	ERR485020.1188509	97.000	100	3	0	33	132	100	1	1.07e-42	174
SRR9860122.8	ERR485020.1108309	97.000	100	3	0	35	134	1	100	1.07e-42	174
SRR9860122.8	ERR485020.1033521	97.000	100	3	0	32	131	1	100	1.07e-42	174
SRR9860122.8	ERR485020.1031569	97.000	100	3	0	33	132	100	1	1.07e-42	174
SRR9860122.8	ERR485020.904366	97.000	100	3	0	56	155	100	1	1.07e-42	174
SRR9860122.8	ERR485020.889783	97.000	100	3	0	64	163	100	1	1.07e-42	174
SRR9860122.8	ERR485020.706905	97.000	100	3	0	39	138	100	1	1.07e-42	174
SRR9860122.8	ERR485020.667007	97.000	100	3	0	57	156	1	100	1.07e-42	174
SRR9860122.8	ERR485020.618817	97.000	100	3	0	52	151	100	1	1.07e-42	174
SRR9860122.8	ERR485020.592751	97.000	100	3	0	38	137	100	1	1.07e-42	174
SRR9860122.8	ERR485020.579094	98.958	96	1	0	50	145	1	96	1.07e-42	174
SRR9860122.8	ERR485020.520140	97.000	100	3	0	61	160	100	1	1.07e-42	174
SRR9860122.8	ERR485020.461306	97.000	100	3	0	35	134	1	100	1.07e-42	174
SRR9860122.8	ERR485020.339310	97.000	100	3	0	35	134	1	100	1.07e-42	174
SRR9860122.8	ERR485020.317844	98.958	96	1	0	50	145	1	96	1.07e-42	174
SRR9860122.8	ERR485020.292426	97.000	100	3	0	36	135	1	100	1.07e-42	174
SRR9860122.8	ERR485020.258734	97.000	100	3	0	52	151	100	1	1.07e-42	174
SRR9860122.8	ERR485020.203482	97.000	100	3	0	36	135	1	100	1.07e-42	174
SRR9860122.8	ERR485020.163528	97.000	100	3	0	34	133	1	100	1.07e-42	174
SRR9860122.8	ERR485020.129749	97.000	100	3	0	61	160	100	1	1.07e-42	174
SRR9860122.8	ERR485020.121124	97.000	100	3	0	38	137	100	1	1.07e-42	174
SRR9860122.8	ERR485020.104756	97.000	100	3	0	57	156	100	1	1.07e-42	174
SRR9860122.8	ERR485020.93274	97.000	100	3	0	64	163	1	100	1.07e-42	174
SRR9860122.8	ERR485020.1457370	98.947	95	1	0	45	139	95	1	3.85e-42	172
SRR9860122.8	ERR485020.1317637	96.970	99	3	0	32	130	2	100	3.85e-42	172
SRR9860122.8	ERR485020.718097	96.970	99	3	0	32	130	2	100	3.85e-42	172
SRR9860122.8	ERR485020.212128	96.970	99	3	0	65	163	1	99	3.85e-42	172
SRR9860122.8	ERR485020.388957	96.939	98	3	0	66	163	1	98	1.39e-41	171
SRR9860122.8	ERR485020.119832	97.938	97	2	0	49	145	1	97	1.39e-41	171
SRR9860122.8	ERR485020.1496608	96.907	97	3	0	32	128	4	100	4.99e-41	169
SRR9860122.8	ERR485020.1224497	96.907	97	3	0	32	128	97	1	4.99e-41	169
SRR9860122.8	ERR485020.992445	96.907	97	3	0	67	163	1	97	4.99e-41	169
SRR9860122.8	ERR485020.741741	95.960	99	4	0	85	183	2	100	4.99e-41	169
SRR9860122.8	ERR485020.395982	96.907	97	3	0	67	163	100	4	4.99e-41	169
SRR9860122.8	ERR485020.232171	95.960	99	4	0	85	183	2	100	4.99e-41	169
SRR9860122.8	ERR485020.1709652	95.000	100	5	0	78	177	1	100	1.79e-40	167
SRR9860122.8	ERR485020.1690551	95.000	100	5	0	7	106	100	1	1.79e-40	167
SRR9860122.8	ERR485020.1667336	95.000	100	5	0	5	104	1	100	1.79e-40	167
SRR9860122.8	ERR485020.1584833	95.000	100	5	0	25	124	100	1	1.79e-40	167
SRR9860122.8	ERR485020.1536528	95.000	100	5	0	77	176	1	100	1.79e-40	167
SRR9860122.8	ERR485020.1517765	95.000	100	5	0	77	176	100	1	1.79e-40	167
SRR9860122.8	ERR485020.1497280	95.000	100	5	0	26	125	1	100	1.79e-40	167
SRR9860122.8	ERR485020.1459228	95.000	100	5	0	25	124	1	100	1.79e-40	167
SRR9860122.8	ERR485020.1459228	95.000	100	5	0	78	177	100	1	1.79e-40	167
SRR9860122.8	ERR485020.1429129	96.875	96	3	0	32	127	96	1	1.79e-40	167
SRR9860122.8	ERR485020.1389909	95.000	100	5	0	10	109	1	100	1.79e-40	167
SRR9860122.8	ERR485020.1370349	95.000	100	5	0	6	105	1	100	1.79e-40	167
SRR9860122.8	ERR485020.1302974	95.000	100	5	0	13	112	100	1	1.79e-40	167
SRR9860122.8	ERR485020.1302116	95.918	98	4	0	85	182	98	1	1.79e-40	167
SRR9860122.8	ERR485020.1226914	95.000	100	5	0	75	174	100	1	1.79e-40	167
SRR9860122.8	ERR485020.1183854	95.000	100	5	0	75	174	1	100	1.79e-40	167
SRR9860122.8	ERR485020.1163956	95.000	100	5	0	16	115	100	1	1.79e-40	167
SRR9860122.8	ERR485020.1135078	95.918	98	4	0	86	183	1	98	1.79e-40	167
SRR9860122.8	ERR485020.1112802	95.000	100	5	0	76	175	100	1	1.79e-40	167
SRR9860122.8	ERR485020.1077785	95.000	100	5	0	82	181	1	100	1.79e-40	167
SRR9860122.8	ERR485020.1036354	95.000	100	5	0	17	116	100	1	1.79e-40	167
SRR9860122.8	ERR485020.1034975	95.000	100	5	0	74	173	100	1	1.79e-40	167
SRR9860122.8	ERR485020.1034975	95.000	100	5	0	71	170	1	100	1.79e-40	167
SRR9860122.8	ERR485020.966195	95.000	100	5	0	79	178	1	100	1.79e-40	167
SRR9860122.8	ERR485020.954025	95.000	100	5	0	20	119	100	1	1.79e-40	167
SRR9860122.8	ERR485020.924367	95.000	100	5	0	22	121	1	100	1.79e-40	167
SRR9860122.8	ERR485020.904366	95.000	100	5	0	7	106	1	100	1.79e-40	167
SRR9860122.8	ERR485020.890283	95.000	100	5	0	71	170	1	100	1.79e-40	167
SRR9860122.8	ERR485020.889783	95.000	100	5	0	6	105	1	100	1.79e-40	167
SRR9860122.8	ERR485020.867767	95.000	100	5	0	21	120	100	1	1.79e-40	167
SRR9860122.8	ERR485020.865647	95.000	100	5	0	73	172	1	100	1.79e-40	167
SRR9860122.8	ERR485020.774353	95.000	100	5	0	81	180	100	1	1.79e-40	167
SRR9860122.8	ERR485020.740877	95.000	100	5	0	8	107	100	1	1.79e-40	167
SRR9860122.8	ERR485020.684212	95.000	100	5	0	8	107	100	1	1.79e-40	167
SRR9860122.8	ERR485020.622674	95.000	100	5	0	19	118	1	100	1.79e-40	167
SRR9860122.8	ERR485020.606656	95.000	100	5	0	80	179	100	1	1.79e-40	167
SRR9860122.8	ERR485020.553123	95.000	100	5	0	8	107	100	1	1.79e-40	167
SRR9860122.8	ERR485020.512256	96.875	96	3	0	68	163	1	96	1.79e-40	167
SRR9860122.8	ERR485020.430273	95.000	100	5	0	80	179	100	1	1.79e-40	167
SRR9860122.8	ERR485020.430273	95.000	100	5	0	11	110	1	100	1.79e-40	167
SRR9860122.8	ERR485020.427781	95.000	100	5	0	23	122	1	100	1.79e-40	167
SRR9860122.8	ERR485020.380074	95.918	98	4	0	86	183	1	98	1.79e-40	167
SRR9860122.8	ERR485020.316813	95.000	100	5	0	24	123	1	100	1.79e-40	167
SRR9860122.8	ERR485020.272856	95.000	100	5	0	8	107	1	100	1.79e-40	167
SRR9860122.8	ERR485020.251822	95.000	100	5	0	23	122	1	100	1.79e-40	167
SRR9860122.8	ERR485020.235631	95.000	100	5	0	3	102	1	100	1.79e-40	167
SRR9860122.8	ERR485020.209913	96.875	96	3	0	32	127	5	100	1.79e-40	167
SRR9860122.8	ERR485020.203233	95.000	100	5	0	75	174	1	100	1.79e-40	167
SRR9860122.8	ERR485020.187851	95.000	100	5	0	11	110	1	100	1.79e-40	167
SRR9860122.8	ERR485020.121034	95.000	100	5	0	2	101	100	1	1.79e-40	167
SRR9860122.8	ERR485020.100129	95.000	100	5	0	7	106	100	1	1.79e-40	167
SRR9860122.8	ERR485020.1229693	96.842	95	3	0	69	163	100	6	6.45e-40	165
SRR9860122.8	ERR485020.741082	95.876	97	4	0	87	183	1	97	6.45e-40	165
SRR9860122.8	ERR485020.648155	96.842	95	3	0	32	126	95	1	6.45e-40	165
SRR9860122.8	ERR485020.620100	95.876	97	4	0	87	183	1	97	6.45e-40	165
SRR9860122.8	ERR485020.168937	95.876	97	4	0	87	183	100	4	6.45e-40	165
SRR9860122.8	ERR485020.100086	94.949	99	5	0	14	112	1	99	6.45e-40	165
SRR9860122.8	ERR485020.1707478	95.833	96	4	0	88	183	100	5	2.32e-39	163
SRR9860122.8	ERR485020.1492896	95.000	100	5	0	52	151	100	1	2.32e-39	163
SRR9860122.8	ERR485020.1457370	94.898	98	5	0	2	99	3	100	2.32e-39	163
SRR9860122.8	ERR485020.602720	94.898	98	5	0	2	99	98	1	2.32e-39	163
SRR9860122.8	ERR485020.163528	95.833	96	4	0	88	183	100	5	2.32e-39	163
SRR9860122.8	ERR485020.107129	94.898	98	5	0	2	99	3	100	2.32e-39	163
SRR9860122.8	ERR485020.1541367	94.000	100	6	0	3	102	1	100	8.34e-39	161
SRR9860122.8	ERR485020.1382054	95.789	95	4	0	89	183	1	95	8.34e-39	161
SRR9860122.8	ERR485020.1104955	95.789	95	4	0	89	183	100	6	8.34e-39	161
SRR9860122.8	ERR485020.915130	94.000	100	6	0	12	111	100	1	8.34e-39	161
SRR9860122.8	ERR485020.767062	95.789	95	4	0	89	183	100	6	8.34e-39	161
SRR9860122.8	ERR485020.753564	95.789	95	4	0	89	183	1	95	8.34e-39	161
SRR9860122.8	ERR485020.119832	94.000	100	6	0	75	174	100	1	8.34e-39	161
SRR9860122.8	ERR485020.426417	95.745	94	4	0	90	183	100	7	3.00e-38	159
SRR9860122.8	ERR485020.146855	94.792	96	5	0	2	97	5	100	3.00e-38	159
SRR9860122.8	ERR485020.1687389	95.699	93	4	0	91	183	100	8	1.08e-37	158
SRR9860122.8	ERR485020.1251924	95.699	93	4	0	91	183	1	93	1.08e-37	158
SRR9860122.8	ERR485020.924367	95.699	93	4	0	91	183	100	8	1.08e-37	158
SRR9860122.8	ERR485020.867767	94.737	95	5	0	2	96	6	100	1.08e-37	158
SRR9860122.8	ERR485020.657823	95.652	92	4	0	92	183	1	92	3.88e-37	156
SRR9860122.8	ERR485020.1424928	95.604	91	4	0	93	183	100	10	1.40e-36	154
SRR9860122.8	ERR485020.1310813	95.604	91	4	0	93	183	1	91	1.40e-36	154
SRR9860122.8	ERR485020.1292564	95.604	91	4	0	93	183	100	10	1.40e-36	154
SRR9860122.8	ERR485020.756822	95.745	94	4	0	52	145	99	6	1.40e-36	154
SRR9860122.8	ERR485020.103665	95.604	91	4	0	93	183	100	10	1.40e-36	154
SRR9860122.8	ERR485020.1192297	95.556	90	4	0	94	183	100	11	5.02e-36	152
SRR9860122.8	ERR485020.1086286	95.556	90	4	0	94	183	1	90	5.02e-36	152
SRR9860122.8	ERR485020.591693	94.565	92	5	0	2	93	92	1	5.02e-36	152
SRR9860122.8	ERR485020.1428511	94.505	91	5	0	2	92	91	1	1.81e-35	150
SRR9860122.8	ERR485020.552775	94.505	91	5	0	2	92	10	100	1.81e-35	150
SRR9860122.8	ERR485020.95641	94.505	91	5	0	2	92	10	100	1.81e-35	150
SRR9860122.8	ERR485020.1707478	94.444	90	5	0	2	91	11	100	6.49e-35	148
SRR9860122.8	ERR485020.1292827	95.455	88	4	0	96	183	100	13	6.49e-35	148
SRR9860122.8	ERR485020.667007	95.455	88	4	0	96	183	100	13	6.49e-35	148
SRR9860122.8	ERR485020.505029	94.444	90	5	0	2	91	90	1	6.49e-35	148
SRR9860122.8	ERR485020.436098	94.382	89	5	0	2	90	89	1	2.34e-34	147
SRR9860122.8	ERR485020.251259	95.402	87	4	0	97	183	1	87	2.34e-34	147
SRR9860122.8	ERR485020.682383	95.349	86	4	0	98	183	1	86	8.40e-34	145
SRR9860122.8	ERR485020.348365	94.318	88	5	0	2	89	13	100	8.40e-34	145
SRR9860122.8	ERR485020.1120647	94.253	87	5	0	2	88	87	1	3.02e-33	143
SRR9860122.8	ERR485020.865647	95.294	85	4	0	99	183	100	16	3.02e-33	143
SRR9860122.8	ERR485020.1586201	95.238	84	4	0	100	183	1	84	1.09e-32	141
SRR9860122.8	ERR485020.1417231	95.238	84	4	0	100	183	1	84	1.09e-32	141
SRR9860122.8	ERR485020.1412132	94.186	86	5	0	2	87	86	1	1.09e-32	141
SRR9860122.8	ERR485020.1297113	95.238	84	4	0	100	183	1	84	1.09e-32	141
SRR9860122.8	ERR485020.1192861	95.238	84	4	0	100	183	1	84	1.09e-32	141
SRR9860122.8	ERR485020.1062113	95.238	84	4	0	100	183	100	17	1.09e-32	141
SRR9860122.8	ERR485020.700613	94.186	86	5	0	2	87	15	100	1.09e-32	141
SRR9860122.8	ERR485020.700335	94.186	86	5	0	2	87	15	100	1.09e-32	141
SRR9860122.8	ERR485020.95641	95.238	84	4	0	100	183	100	17	1.09e-32	141
SRR9860122.8	ERR485020.1600827	94.118	85	5	0	2	86	85	1	3.91e-32	139
SRR9860122.8	ERR485020.1465782	94.186	86	5	0	98	183	1	86	3.91e-32	139
SRR9860122.8	ERR485020.1417408	95.181	83	4	0	101	183	1	83	3.91e-32	139
SRR9860122.8	ERR485020.1342445	95.181	83	4	0	101	183	100	18	3.91e-32	139
SRR9860122.8	ERR485020.1078833	95.181	83	4	0	101	183	1	83	3.91e-32	139
SRR9860122.8	ERR485020.610619	94.118	85	5	0	2	86	85	1	3.91e-32	139
SRR9860122.8	ERR485020.552775	95.181	83	4	0	101	183	100	18	3.91e-32	139
SRR9860122.8	ERR485020.306559	95.181	83	4	0	101	183	1	83	3.91e-32	139
SRR9860122.8	ERR485020.1269457	95.122	82	4	0	2	83	82	1	1.41e-31	137
SRR9860122.8	ERR485020.467300	92.222	90	7	0	2	91	90	1	1.41e-31	137
SRR9860122.8	ERR485020.132493	95.062	81	4	0	103	183	1	81	5.06e-31	135
SRR9860122.8	ERR485020.1223278	95.000	80	4	0	2	81	21	100	1.82e-30	134
SRR9860122.8	ERR485020.675280	95.000	80	4	0	2	81	80	1	1.82e-30	134
SRR9860122.8	ERR485020.251822	95.000	80	4	0	104	183	100	21	1.82e-30	134
SRR9860122.8	ERR485020.1282032	94.937	79	4	0	105	183	100	22	6.54e-30	132
SRR9860122.8	ERR485020.1104955	94.937	79	4	0	2	80	22	100	6.54e-30	132
SRR9860122.8	ERR485020.462111	93.902	82	5	0	2	83	82	1	6.54e-30	132
SRR9860122.8	ERR485020.351580	94.937	79	4	0	105	183	1	79	6.54e-30	132
SRR9860122.8	ERR485020.214534	93.902	82	5	0	102	183	100	19	6.54e-30	132
SRR9860122.8	ERR485020.214534	94.937	79	4	0	2	80	22	100	6.54e-30	132
SRR9860122.8	ERR485020.1611178	94.872	78	4	0	106	183	100	23	2.35e-29	130
SRR9860122.8	ERR485020.750745	94.872	78	4	0	2	79	78	1	2.35e-29	130
SRR9860122.8	ERR485020.1154455	94.805	77	4	0	107	183	1	77	8.46e-29	128
SRR9860122.8	ERR485020.1153102	94.805	77	4	0	107	183	100	24	8.46e-29	128
SRR9860122.8	ERR485020.916748	94.805	77	4	0	2	78	77	1	8.46e-29	128
SRR9860122.8	ERR485020.383273	93.750	80	5	0	104	183	100	21	8.46e-29	128
SRR9860122.8	ERR485020.196672	94.805	77	4	0	107	183	100	24	8.46e-29	128
SRR9860122.8	ERR485020.704223	94.737	76	4	0	2	77	76	1	3.04e-28	126
SRR9860122.8	ERR485020.100086	93.671	79	5	0	105	183	100	22	3.04e-28	126
SRR9860122.8	ERR485020.916508	94.667	75	4	0	109	183	100	26	1.09e-27	124
SRR9860122.8	ERR485020.427781	94.595	74	4	0	110	183	100	27	3.94e-27	122
SRR9860122.8	ERR485020.1721403	94.521	73	4	0	2	74	73	1	1.42e-26	121
SRR9860122.8	ERR485020.1291196	94.521	73	4	0	2	74	73	1	1.42e-26	121
SRR9860122.8	ERR485020.1282032	94.521	73	4	0	2	74	27	99	1.42e-26	121
SRR9860122.8	ERR485020.1192861	94.521	73	4	0	111	183	100	28	1.42e-26	121
SRR9860122.8	ERR485020.212721	94.521	73	4	0	2	74	73	1	1.42e-26	121
SRR9860122.8	ERR485020.188428	94.521	73	4	0	111	183	100	28	1.42e-26	121
SRR9860122.8	ERR485020.1584833	94.444	72	4	0	2	73	29	100	5.09e-26	119
SRR9860122.8	ERR485020.1368276	94.444	72	4	0	112	183	100	29	5.09e-26	119
SRR9860122.8	ERR485020.1192297	94.444	72	4	0	2	73	29	100	5.09e-26	119
SRR9860122.8	ERR485020.182783	94.444	72	4	0	2	73	72	1	5.09e-26	119
SRR9860122.8	ERR485020.1596857	94.366	71	4	0	113	183	100	30	1.83e-25	117
SRR9860122.8	ERR485020.1224497	94.366	71	4	0	2	72	30	100	1.83e-25	117
SRR9860122.8	ERR485020.958618	94.366	71	4	0	2	72	30	100	1.83e-25	117
SRR9860122.8	ERR485020.93274	94.366	71	4	0	113	183	100	30	1.83e-25	117
SRR9860122.8	ERR485020.1596857	94.286	70	4	0	2	71	31	100	6.59e-25	115
SRR9860122.8	ERR485020.1498022	94.286	70	4	0	114	183	1	70	6.59e-25	115
SRR9860122.8	ERR485020.684212	94.286	70	4	0	2	71	31	100	6.59e-25	115
SRR9860122.8	ERR485020.1094209	94.203	69	4	0	115	183	1	69	2.37e-24	113
SRR9860122.8	ERR485020.1110990	94.118	68	4	0	2	69	68	1	8.52e-24	111
SRR9860122.8	ERR485020.809565	94.118	68	4	0	2	69	68	1	8.52e-24	111
SRR9860122.8	ERR485020.1501511	94.030	67	4	0	117	183	100	34	3.06e-23	110
SRR9860122.8	ERR485020.1474914	94.030	67	4	0	117	183	100	34	3.06e-23	110
SRR9860122.8	ERR485020.260017	94.030	67	4	0	117	183	1	67	3.06e-23	110
SRR9860122.8	ERR485020.1301188	93.939	66	4	0	118	183	100	35	1.10e-22	108
SRR9860122.8	ERR485020.1125175	93.939	66	4	0	2	67	66	1	1.10e-22	108
SRR9860122.8	ERR485020.747303	93.939	66	4	0	2	67	66	1	1.10e-22	108
SRR9860122.8	ERR485020.739857	93.939	66	4	0	2	67	66	1	1.10e-22	108
SRR9860122.8	ERR485020.491623	93.939	66	4	0	2	67	66	1	1.10e-22	108
SRR9860122.8	ERR485020.1474914	93.846	65	4	0	2	66	36	100	3.96e-22	106
SRR9860122.8	ERR485020.1712697	93.750	64	4	0	2	65	64	1	1.43e-21	104
SRR9860122.8	ERR485020.1292827	93.750	64	4	0	2	65	37	100	1.43e-21	104
SRR9860122.8	ERR485020.247814	93.750	64	4	0	2	65	37	100	1.43e-21	104
SRR9860122.8	ERR485020.121124	93.750	64	4	0	2	65	37	100	1.43e-21	104
SRR9860122.8	ERR485020.1229693	93.651	63	4	0	2	64	38	100	5.13e-21	102
SRR9860122.8	ERR485020.952214	93.651	63	4	0	2	64	63	1	5.13e-21	102
SRR9860122.8	ERR485020.735187	93.651	63	4	0	2	64	38	100	5.13e-21	102
SRR9860122.8	ERR485020.678985	93.651	63	4	0	2	64	38	100	5.13e-21	102
SRR9860122.8	ERR485020.1721735	93.548	62	4	0	2	63	39	100	1.84e-20	100
SRR9860122.8	ERR485020.1429129	93.443	61	4	0	2	62	40	100	6.63e-20	99.0
SRR9860122.8	ERR485020.103665	93.443	61	4	0	2	62	40	100	6.63e-20	99.0
SRR9860122.8	ERR485020.1153102	93.333	60	4	0	2	61	41	100	2.39e-19	97.1
SRR9860122.8	ERR485020.767062	93.333	60	4	0	2	61	41	100	2.39e-19	97.1
SRR9860122.8	ERR485020.1031569	93.103	58	4	0	2	59	43	100	3.09e-18	93.5
SRR9860122.8	ERR485020.805204	93.103	58	4	0	2	59	58	1	3.09e-18	93.5
SRR9860122.8	ERR485020.612848	93.103	58	4	0	2	59	58	1	3.09e-18	93.5
SRR9860122.8	ERR485020.436098	93.103	58	4	0	2	59	43	100	3.09e-18	93.5
SRR9860122.8	ERR485020.1686885	92.982	57	4	0	2	58	44	100	1.11e-17	91.6
SRR9860122.8	ERR485020.258734	92.982	57	4	0	2	58	44	100	1.11e-17	91.6
SRR9860122.8	ERR485020.97452	92.982	57	4	0	2	58	57	1	1.11e-17	91.6
SRR9860122.8	ERR485020.1022094	92.593	54	4	0	2	55	47	100	5.16e-16	86.1
SRR9860122.8	ERR485020.856612	92.593	54	4	0	2	55	54	1	5.16e-16	86.1
SRR9860122.8	ERR485020.207382	92.593	54	4	0	2	55	54	1	5.16e-16	86.1
SRR9860122.8	ERR485020.803833	92.453	53	4	0	2	54	48	100	1.86e-15	84.2
SRR9860122.8	ERR485020.142892	92.308	52	4	0	2	53	52	1	6.68e-15	82.4
SRR9860122.8	ERR485020.1691592	92.157	51	4	0	2	52	51	1	2.40e-14	80.5
SRR9860122.8	ERR485020.1599352	92.000	50	4	0	2	51	50	1	8.64e-14	78.7
SRR9860122.8	ERR485020.1621950	91.837	49	4	0	2	50	49	1	3.11e-13	76.8
SRR9860122.8	ERR485020.858009	91.837	49	4	0	2	50	49	1	3.11e-13	76.8
SRR9860122.8	ERR485020.299140	91.837	49	4	0	2	50	49	1	3.11e-13	76.8
SRR9860122.8	ERR485020.1135507	91.667	48	4	0	2	49	53	100	1.12e-12	75.0
SRR9860122.8	ERR485020.1506241	91.489	47	4	0	2	48	47	1	4.02e-12	73.1
SRR9860122.8	ERR485020.1337995	91.489	47	4	0	2	48	47	1	4.02e-12	73.1
SRR9860122.8	ERR485020.1231472	91.489	47	4	0	2	48	47	1	4.02e-12	73.1
SRR9860122.8	ERR485020.511807	90.000	50	5	0	2	51	51	100	4.02e-12	73.1
SRR9860122.8	ERR485020.1342445	95.122	41	2	0	2	42	57	97	5.20e-11	69.4
SRR9860122.8	ERR485020.1026320	95.122	41	2	0	2	42	45	5	5.20e-11	69.4
SRR9860122.8	ERR485020.606656	95.122	41	2	0	2	42	57	97	5.20e-11	69.4
SRR9860122.8	ERR485020.553123	95.122	41	2	0	2	42	59	99	5.20e-11	69.4
SRR9860122.8	ERR485020.427691	95.122	41	2	0	2	42	41	1	5.20e-11	69.4
SRR9860122.8	ERR485020.168937	95.122	41	2	0	2	42	59	99	5.20e-11	69.4
SRR9860122.8	ERR485020.120253	95.122	41	2	0	2	42	46	6	5.20e-11	69.4
SRR9860122.8	ERR485020.1477686	95.000	40	2	0	2	41	61	100	1.87e-10	67.6
SRR9860122.8	ERR485020.100129	95.000	40	2	0	2	41	61	100	1.87e-10	67.6
SRR9860122.8	ERR485020.1708850	94.872	39	2	0	2	40	39	1	6.73e-10	65.8
SRR9860122.8	ERR485020.1226914	94.595	37	2	0	2	38	64	100	8.70e-09	62.1
SRR9860122.8	ERR485020.269909	94.286	35	2	0	2	36	66	100	1.13e-07	58.4
SRR9860122.8	ERR485020.212842	94.118	34	2	0	2	35	67	100	4.05e-07	56.5
SRR9860122.8	ERR485020.1496130	100.000	28	0	0	2	29	28	1	5.24e-06	52.8
SRR9860122.8	ERR485020.1072533	100.000	28	0	0	2	29	71	98	5.24e-06	52.8
SRR9860122.8	ERR485020.978056	100.000	28	0	0	2	29	33	6	5.24e-06	52.8
SRR9860122.8	ERR485020.706905	100.000	28	0	0	2	29	68	95	5.24e-06	52.8
SRR9860122.8	ERR485020.565001	100.000	28	0	0	2	29	30	3	5.24e-06	52.8
SRR9860122.9	ERR485020.1726475	99.000	100	1	0	92	191	100	1	8.79e-45	182
SRR9860122.9	ERR485020.1697305	99.000	100	1	0	91	190	1	100	8.79e-45	182
SRR9860122.9	ERR485020.1646560	99.000	100	1	0	100	199	1	100	8.79e-45	182
SRR9860122.9	ERR485020.1638193	99.000	100	1	0	124	223	100	1	8.79e-45	182
SRR9860122.9	ERR485020.1628121	99.000	100	1	0	101	200	1	100	8.79e-45	182
SRR9860122.9	ERR485020.1587586	99.000	100	1	0	92	191	1	100	8.79e-45	182
SRR9860122.9	ERR485020.1582990	99.000	100	1	0	98	197	1	100	8.79e-45	182
SRR9860122.9	ERR485020.1560804	99.000	100	1	0	95	194	1	100	8.79e-45	182
SRR9860122.9	ERR485020.1532720	99.000	100	1	0	113	212	1	100	8.79e-45	182
SRR9860122.9	ERR485020.1504447	99.000	100	1	0	96	195	1	100	8.79e-45	182
SRR9860122.9	ERR485020.1471734	99.000	100	1	0	128	227	1	100	8.79e-45	182
SRR9860122.9	ERR485020.1457016	99.000	100	1	0	105	204	100	1	8.79e-45	182
SRR9860122.9	ERR485020.1399082	99.000	100	1	0	123	222	100	1	8.79e-45	182
SRR9860122.9	ERR485020.1370866	99.000	100	1	0	102	201	100	1	8.79e-45	182
SRR9860122.9	ERR485020.1360106	99.000	100	1	0	91	190	100	1	8.79e-45	182
SRR9860122.9	ERR485020.1331895	99.000	100	1	0	99	198	1	100	8.79e-45	182
SRR9860122.9	ERR485020.1327080	99.000	100	1	0	115	214	100	1	8.79e-45	182
SRR9860122.9	ERR485020.1241085	99.000	100	1	0	111	210	1	100	8.79e-45	182
SRR9860122.9	ERR485020.1185639	99.000	100	1	0	127	226	1	100	8.79e-45	182
SRR9860122.9	ERR485020.1156784	99.000	100	1	0	106	205	100	1	8.79e-45	182
SRR9860122.9	ERR485020.1131423	99.000	100	1	0	107	206	1	100	8.79e-45	182
SRR9860122.9	ERR485020.1101213	99.000	100	1	0	127	226	100	1	8.79e-45	182
SRR9860122.9	ERR485020.1074787	99.000	100	1	0	89	188	100	1	8.79e-45	182
SRR9860122.9	ERR485020.1059495	99.000	100	1	0	101	200	100	1	8.79e-45	182
SRR9860122.9	ERR485020.1046124	99.000	100	1	0	120	219	1	100	8.79e-45	182
SRR9860122.9	ERR485020.1042681	99.000	100	1	0	105	204	100	1	8.79e-45	182
SRR9860122.9	ERR485020.992528	99.000	100	1	0	127	226	1	100	8.79e-45	182
SRR9860122.9	ERR485020.953636	99.000	100	1	0	121	220	100	1	8.79e-45	182
SRR9860122.9	ERR485020.935680	99.000	100	1	0	120	219	1	100	8.79e-45	182
SRR9860122.9	ERR485020.924276	99.000	100	1	0	104	203	1	100	8.79e-45	182
SRR9860122.9	ERR485020.915593	99.000	100	1	0	89	188	100	1	8.79e-45	182
SRR9860122.9	ERR485020.858663	99.000	100	1	0	100	199	1	100	8.79e-45	182
SRR9860122.9	ERR485020.856738	99.000	100	1	0	100	199	100	1	8.79e-45	182
SRR9860122.9	ERR485020.839663	99.000	100	1	0	126	225	100	1	8.79e-45	182
SRR9860122.9	ERR485020.824140	99.000	100	1	0	125	224	1	100	8.79e-45	182
SRR9860122.9	ERR485020.811700	99.000	100	1	0	106	205	100	1	8.79e-45	182
SRR9860122.9	ERR485020.811335	99.000	100	1	0	88	187	100	1	8.79e-45	182
SRR9860122.9	ERR485020.802413	99.000	100	1	0	113	212	1	100	8.79e-45	182
SRR9860122.9	ERR485020.791644	99.000	100	1	0	92	191	1	100	8.79e-45	182
SRR9860122.9	ERR485020.769969	99.000	100	1	0	98	197	100	1	8.79e-45	182
SRR9860122.9	ERR485020.740313	99.000	100	1	0	127	226	1	100	8.79e-45	182
SRR9860122.9	ERR485020.709493	99.000	100	1	0	114	213	1	100	8.79e-45	182
SRR9860122.9	ERR485020.659815	99.000	100	1	0	125	224	1	100	8.79e-45	182
SRR9860122.9	ERR485020.625720	99.000	100	1	0	105	204	100	1	8.79e-45	182
SRR9860122.9	ERR485020.596727	99.000	100	1	0	107	206	1	100	8.79e-45	182
SRR9860122.9	ERR485020.485901	99.000	100	1	0	91	190	100	1	8.79e-45	182
SRR9860122.9	ERR485020.467636	99.000	100	1	0	92	191	100	1	8.79e-45	182
SRR9860122.9	ERR485020.406466	99.000	100	1	0	96	195	1	100	8.79e-45	182
SRR9860122.9	ERR485020.374017	99.000	100	1	0	110	209	100	1	8.79e-45	182
SRR9860122.9	ERR485020.293529	99.000	100	1	0	96	195	1	100	8.79e-45	182
SRR9860122.9	ERR485020.209991	99.000	100	1	0	128	227	1	100	8.79e-45	182
SRR9860122.9	ERR485020.199380	99.000	100	1	0	103	202	1	100	8.79e-45	182
SRR9860122.9	ERR485020.161041	99.000	100	1	0	111	210	100	1	8.79e-45	182
SRR9860122.9	ERR485020.127710	99.000	100	1	0	91	190	100	1	8.79e-45	182
SRR9860122.9	ERR485020.94314	99.000	100	1	0	99	198	100	1	8.79e-45	182
SRR9860122.9	ERR485020.85328	99.000	100	1	0	99	198	100	1	8.79e-45	182
SRR9860122.9	ERR485020.1591965	100.000	97	0	0	131	227	99	3	3.16e-44	180
SRR9860122.9	ERR485020.1563997	98.990	99	1	0	88	186	2	100	3.16e-44	180
SRR9860122.9	ERR485020.1137375	100.000	97	0	0	131	227	1	97	3.16e-44	180
SRR9860122.9	ERR485020.1114395	100.000	97	0	0	131	227	1	97	3.16e-44	180
SRR9860122.9	ERR485020.372365	100.000	97	0	0	131	227	2	98	3.16e-44	180
SRR9860122.9	ERR485020.1569845	98.980	98	1	0	88	185	3	100	1.14e-43	178
SRR9860122.9	ERR485020.1508141	100.000	96	0	0	132	227	1	96	1.14e-43	178
SRR9860122.9	ERR485020.725440	100.000	96	0	0	132	227	1	96	1.14e-43	178
SRR9860122.9	ERR485020.1535684	98.000	100	2	0	117	216	1	100	4.09e-43	176
SRR9860122.9	ERR485020.1023292	98.000	100	2	0	92	191	1	100	4.09e-43	176
SRR9860122.9	ERR485020.582395	100.000	95	0	0	133	227	1	95	4.09e-43	176
SRR9860122.9	ERR485020.1724275	97.000	100	3	0	71	170	100	1	1.47e-42	174
SRR9860122.9	ERR485020.1711982	97.000	100	3	0	75	174	100	1	1.47e-42	174
SRR9860122.9	ERR485020.1697814	97.000	100	3	0	79	178	100	1	1.47e-42	174
SRR9860122.9	ERR485020.1667150	97.000	100	3	0	68	167	1	100	1.47e-42	174
SRR9860122.9	ERR485020.1563997	97.000	100	3	0	137	236	100	1	1.47e-42	174
SRR9860122.9	ERR485020.1513172	97.000	100	3	0	141	240	1	100	1.47e-42	174
SRR9860122.9	ERR485020.1496700	97.000	100	3	0	138	237	1	100	1.47e-42	174
SRR9860122.9	ERR485020.1449913	97.000	100	3	0	82	181	1	100	1.47e-42	174
SRR9860122.9	ERR485020.1339576	97.000	100	3	0	77	176	100	1	1.47e-42	174
SRR9860122.9	ERR485020.1259369	97.000	100	3	0	144	243	1	100	1.47e-42	174
SRR9860122.9	ERR485020.1217339	97.000	100	3	0	144	243	1	100	1.47e-42	174
SRR9860122.9	ERR485020.1129825	97.000	100	3	0	74	173	1	100	1.47e-42	174
SRR9860122.9	ERR485020.1094613	97.000	100	3	0	74	173	1	100	1.47e-42	174
SRR9860122.9	ERR485020.1090806	97.000	100	3	0	81	180	1	100	1.47e-42	174
SRR9860122.9	ERR485020.1043180	97.000	100	3	0	138	237	1	100	1.47e-42	174
SRR9860122.9	ERR485020.995181	97.000	100	3	0	70	169	1	100	1.47e-42	174
SRR9860122.9	ERR485020.980077	97.000	100	3	0	143	242	1	100	1.47e-42	174
SRR9860122.9	ERR485020.966842	97.000	100	3	0	137	236	100	1	1.47e-42	174
SRR9860122.9	ERR485020.914711	97.000	100	3	0	138	237	100	1	1.47e-42	174
SRR9860122.9	ERR485020.884571	97.000	100	3	0	142	241	100	1	1.47e-42	174
SRR9860122.9	ERR485020.866359	97.000	100	3	0	140	239	1	100	1.47e-42	174
SRR9860122.9	ERR485020.669749	97.000	100	3	0	72	171	100	1	1.47e-42	174
SRR9860122.9	ERR485020.601851	97.000	100	3	0	65	164	100	1	1.47e-42	174
SRR9860122.9	ERR485020.554578	97.000	100	3	0	142	241	100	1	1.47e-42	174
SRR9860122.9	ERR485020.538290	97.000	100	3	0	71	170	100	1	1.47e-42	174
SRR9860122.9	ERR485020.509760	97.000	100	3	0	138	237	100	1	1.47e-42	174
SRR9860122.9	ERR485020.416935	97.000	100	3	0	65	164	1	100	1.47e-42	174
SRR9860122.9	ERR485020.384703	98.958	96	1	0	88	183	96	1	1.47e-42	174
SRR9860122.9	ERR485020.326721	97.000	100	3	0	74	173	100	1	1.47e-42	174
SRR9860122.9	ERR485020.304082	97.000	100	3	0	70	169	1	100	1.47e-42	174
SRR9860122.9	ERR485020.256917	97.000	100	3	0	72	171	1	100	1.47e-42	174
SRR9860122.9	ERR485020.247577	97.000	100	3	0	144	243	1	100	1.47e-42	174
SRR9860122.9	ERR485020.152922	97.000	100	3	0	145	244	1	100	1.47e-42	174
SRR9860122.9	ERR485020.123217	97.000	100	3	0	67	166	1	100	1.47e-42	174
SRR9860122.9	ERR485020.101105	97.000	100	3	0	76	175	1	100	1.47e-42	174
SRR9860122.9	ERR485020.90934	97.000	100	3	0	68	167	100	1	1.47e-42	174
SRR9860122.9	ERR485020.1587453	98.947	95	1	0	88	182	6	100	5.29e-42	172
SRR9860122.9	ERR485020.1567408	96.970	99	3	0	63	161	2	100	5.29e-42	172
SRR9860122.9	ERR485020.539894	96.970	99	3	0	63	161	99	1	5.29e-42	172
SRR9860122.9	ERR485020.416935	96.970	99	3	0	146	244	100	2	5.29e-42	172
SRR9860122.9	ERR485020.345392	96.970	99	3	0	146	244	100	2	5.29e-42	172
SRR9860122.9	ERR485020.318590	100.000	93	0	0	135	227	1	93	5.29e-42	172
SRR9860122.9	ERR485020.209991	96.970	99	3	0	146	244	100	2	5.29e-42	172
SRR9860122.9	ERR485020.207405	98.947	95	1	0	88	182	95	1	5.29e-42	172
SRR9860122.9	ERR485020.1599183	96.000	100	4	0	57	156	100	1	1.90e-41	171
SRR9860122.9	ERR485020.1388557	96.000	100	4	0	57	156	100	1	1.90e-41	171
SRR9860122.9	ERR485020.1290537	96.000	100	4	0	57	156	1	100	1.90e-41	171
SRR9860122.9	ERR485020.1221820	96.939	98	3	0	63	160	98	1	1.90e-41	171
SRR9860122.9	ERR485020.1067866	97.000	100	3	0	104	203	100	1	1.90e-41	171
SRR9860122.9	ERR485020.881382	96.000	100	4	0	56	155	100	1	1.90e-41	171
SRR9860122.9	ERR485020.671728	96.000	100	4	0	60	159	100	1	1.90e-41	171
SRR9860122.9	ERR485020.629786	96.000	100	4	0	56	155	100	1	1.90e-41	171
SRR9860122.9	ERR485020.560447	100.000	92	0	0	136	227	100	9	1.90e-41	171
SRR9860122.9	ERR485020.495757	98.936	94	1	0	88	181	95	2	1.90e-41	171
SRR9860122.9	ERR485020.423223	96.000	100	4	0	57	156	1	100	1.90e-41	171
SRR9860122.9	ERR485020.397911	96.000	100	4	0	59	158	1	100	1.90e-41	171
SRR9860122.9	ERR485020.1644512	96.000	100	4	0	151	250	1	100	6.84e-41	169
SRR9860122.9	ERR485020.1599062	96.000	100	4	0	149	248	1	100	6.84e-41	169
SRR9860122.9	ERR485020.1560804	96.000	100	4	0	149	248	100	1	6.84e-41	169
SRR9860122.9	ERR485020.1005269	96.000	100	4	0	148	247	100	1	6.84e-41	169
SRR9860122.9	ERR485020.614022	96.000	100	4	0	151	250	1	100	6.84e-41	169
SRR9860122.9	ERR485020.534725	96.000	100	4	0	149	248	1	100	6.84e-41	169
SRR9860122.9	ERR485020.249843	96.907	97	3	0	148	244	1	97	6.84e-41	169
SRR9860122.9	ERR485020.203843	96.000	100	4	0	150	249	100	1	6.84e-41	169
SRR9860122.9	ERR485020.1713915	95.000	100	5	0	50	149	100	1	2.46e-40	167
SRR9860122.9	ERR485020.1698221	95.000	100	5	0	13	112	1	100	2.46e-40	167
SRR9860122.9	ERR485020.1680965	95.000	100	5	0	30	129	100	1	2.46e-40	167
SRR9860122.9	ERR485020.1647769	95.000	100	5	0	14	113	1	100	2.46e-40	167
SRR9860122.9	ERR485020.1586939	95.000	100	5	0	13	112	1	100	2.46e-40	167
SRR9860122.9	ERR485020.1586939	95.000	100	5	0	24	123	100	1	2.46e-40	167
SRR9860122.9	ERR485020.1563820	95.000	100	5	0	50	149	100	1	2.46e-40	167
SRR9860122.9	ERR485020.1517814	95.000	100	5	0	21	120	1	100	2.46e-40	167
SRR9860122.9	ERR485020.1511026	95.000	100	5	0	29	128	1	100	2.46e-40	167
SRR9860122.9	ERR485020.1509502	95.000	100	5	0	28	127	100	1	2.46e-40	167
SRR9860122.9	ERR485020.1460984	95.000	100	5	0	9	108	1	100	2.46e-40	167
SRR9860122.9	ERR485020.1457016	95.000	100	5	0	24	123	1	100	2.46e-40	167
SRR9860122.9	ERR485020.1409346	95.000	100	5	0	24	123	100	1	2.46e-40	167
SRR9860122.9	ERR485020.1399082	95.000	100	5	0	29	128	1	100	2.46e-40	167
SRR9860122.9	ERR485020.1360106	95.000	100	5	0	29	128	1	100	2.46e-40	167
SRR9860122.9	ERR485020.1296652	95.000	100	5	0	4	103	100	1	2.46e-40	167
SRR9860122.9	ERR485020.1275217	95.000	100	5	0	27	126	100	1	2.46e-40	167
SRR9860122.9	ERR485020.1236261	95.000	100	5	0	2	101	1	100	2.46e-40	167
SRR9860122.9	ERR485020.1224597	95.000	100	5	0	13	112	100	1	2.46e-40	167
SRR9860122.9	ERR485020.1170894	95.000	100	5	0	13	112	1	100	2.46e-40	167
SRR9860122.9	ERR485020.1101213	95.000	100	5	0	25	124	1	100	2.46e-40	167
SRR9860122.9	ERR485020.1059495	95.000	100	5	0	21	120	1	100	2.46e-40	167
SRR9860122.9	ERR485020.1030902	95.000	100	5	0	1	100	100	1	2.46e-40	167
SRR9860122.9	ERR485020.1009316	95.000	100	5	0	19	118	1	100	2.46e-40	167
SRR9860122.9	ERR485020.1002803	95.000	100	5	0	7	106	1	100	2.46e-40	167
SRR9860122.9	ERR485020.1002803	95.960	99	4	0	152	250	100	2	2.46e-40	167
SRR9860122.9	ERR485020.989594	95.000	100	5	0	49	148	100	1	2.46e-40	167
SRR9860122.9	ERR485020.966842	95.000	100	5	0	27	126	1	100	2.46e-40	167
SRR9860122.9	ERR485020.960247	95.000	100	5	0	25	124	100	1	2.46e-40	167
SRR9860122.9	ERR485020.953636	95.000	100	5	0	23	122	1	100	2.46e-40	167
SRR9860122.9	ERR485020.936747	95.960	99	4	0	63	161	99	1	2.46e-40	167
SRR9860122.9	ERR485020.895409	95.960	99	4	0	152	250	1	99	2.46e-40	167
SRR9860122.9	ERR485020.893402	95.000	100	5	0	12	111	100	1	2.46e-40	167
SRR9860122.9	ERR485020.875694	95.918	98	4	0	54	151	3	100	2.46e-40	167
SRR9860122.9	ERR485020.852603	95.000	100	5	0	24	123	100	1	2.46e-40	167
SRR9860122.9	ERR485020.802833	95.000	100	5	0	5	104	100	1	2.46e-40	167
SRR9860122.9	ERR485020.761702	95.000	100	5	0	47	146	100	1	2.46e-40	167
SRR9860122.9	ERR485020.671728	95.000	100	5	0	11	110	1	100	2.46e-40	167
SRR9860122.9	ERR485020.601851	95.000	100	5	0	7	106	1	100	2.46e-40	167
SRR9860122.9	ERR485020.590528	95.000	100	5	0	51	150	100	1	2.46e-40	167
SRR9860122.9	ERR485020.578546	95.960	99	4	0	152	250	1	99	2.46e-40	167
SRR9860122.9	ERR485020.567934	95.000	100	5	0	27	126	1	100	2.46e-40	167
SRR9860122.9	ERR485020.554578	95.000	100	5	0	11	110	1	100	2.46e-40	167
SRR9860122.9	ERR485020.541355	95.000	100	5	0	8	107	100	1	2.46e-40	167
SRR9860122.9	ERR485020.523790	95.000	100	5	0	29	128	100	1	2.46e-40	167
SRR9860122.9	ERR485020.505148	95.000	100	5	0	50	149	1	100	2.46e-40	167
SRR9860122.9	ERR485020.495757	95.000	100	5	0	25	124	1	100	2.46e-40	167
SRR9860122.9	ERR485020.412824	95.000	100	5	0	1	100	1	100	2.46e-40	167
SRR9860122.9	ERR485020.336964	95.000	100	5	0	21	120	1	100	2.46e-40	167
SRR9860122.9	ERR485020.297617	95.000	100	5	0	19	118	100	1	2.46e-40	167
SRR9860122.9	ERR485020.256629	95.000	100	5	0	30	129	100	1	2.46e-40	167
SRR9860122.9	ERR485020.161041	95.000	100	5	0	27	126	1	100	2.46e-40	167
SRR9860122.9	ERR485020.81744	95.000	100	5	0	4	103	100	1	2.46e-40	167
SRR9860122.9	ERR485020.1711982	94.949	99	5	0	1	99	2	100	8.85e-40	165
SRR9860122.9	ERR485020.1585794	94.949	99	5	0	46	144	99	1	8.85e-40	165
SRR9860122.9	ERR485020.1582990	95.918	98	4	0	153	250	100	3	8.85e-40	165
SRR9860122.9	ERR485020.1134612	94.949	99	5	0	1	99	99	1	8.85e-40	165
SRR9860122.9	ERR485020.456178	95.918	98	4	0	153	250	1	98	8.85e-40	165
SRR9860122.9	ERR485020.326721	94.949	99	5	0	31	129	1	99	8.85e-40	165
SRR9860122.9	ERR485020.1699508	94.898	98	5	0	46	143	98	1	3.18e-39	163
SRR9860122.9	ERR485020.1687396	94.898	98	5	0	46	143	98	1	3.18e-39	163
SRR9860122.9	ERR485020.1596661	94.000	100	6	0	35	134	100	1	3.18e-39	163
SRR9860122.9	ERR485020.1468331	94.898	98	5	0	1	98	3	100	3.18e-39	163
SRR9860122.9	ERR485020.1339959	94.000	100	6	0	35	134	100	1	3.18e-39	163
SRR9860122.9	ERR485020.1327080	94.000	100	6	0	35	134	1	100	3.18e-39	163
SRR9860122.9	ERR485020.1292842	94.000	100	6	0	33	132	100	1	3.18e-39	163
SRR9860122.9	ERR485020.1156784	94.000	100	6	0	33	132	1	100	3.18e-39	163
SRR9860122.9	ERR485020.915593	94.000	100	6	0	33	132	1	100	3.18e-39	163
SRR9860122.9	ERR485020.899255	94.000	100	6	0	34	133	100	1	3.18e-39	163
SRR9860122.9	ERR485020.881382	94.898	98	5	0	32	129	1	98	3.18e-39	163
SRR9860122.9	ERR485020.812792	94.000	100	6	0	33	132	1	100	3.18e-39	163
SRR9860122.9	ERR485020.811731	94.000	100	6	0	40	139	100	1	3.18e-39	163
SRR9860122.9	ERR485020.574388	94.000	100	6	0	40	139	1	100	3.18e-39	163
SRR9860122.9	ERR485020.451701	94.898	98	5	0	32	129	100	3	3.18e-39	163
SRR9860122.9	ERR485020.348291	94.000	100	6	0	43	142	1	100	3.18e-39	163
SRR9860122.9	ERR485020.294941	94.000	100	6	0	33	132	100	1	3.18e-39	163
SRR9860122.9	ERR485020.187498	94.898	98	5	0	32	129	1	98	3.18e-39	163
SRR9860122.9	ERR485020.166503	94.898	98	5	0	32	129	100	3	3.18e-39	163
SRR9860122.9	ERR485020.90934	94.898	98	5	0	1	98	3	100	3.18e-39	163
SRR9860122.9	ERR485020.1388673	94.898	98	5	0	54	151	98	1	1.15e-38	161
SRR9860122.9	ERR485020.1347507	94.845	97	5	0	1	97	4	100	1.15e-38	161
SRR9860122.9	ERR485020.414339	94.000	100	6	0	49	148	100	1	1.15e-38	161
SRR9860122.9	ERR485020.414339	94.000	100	6	0	7	106	1	100	1.15e-38	161
SRR9860122.9	ERR485020.365130	95.833	96	4	0	155	250	1	96	1.15e-38	161
SRR9860122.9	ERR485020.187498	95.833	96	4	0	155	250	100	5	1.15e-38	161
SRR9860122.9	ERR485020.85328	94.000	100	6	0	29	128	1	100	1.15e-38	161
SRR9860122.9	ERR485020.748478	94.792	96	5	0	1	96	96	1	4.12e-38	159
SRR9860122.9	ERR485020.286853	94.792	96	5	0	1	96	5	100	4.12e-38	159
SRR9860122.9	ERR485020.1615232	94.737	95	5	0	1	95	95	1	1.48e-37	158
SRR9860122.9	ERR485020.1332237	95.745	94	4	0	157	250	1	94	1.48e-37	158
SRR9860122.9	ERR485020.988963	94.737	95	5	0	1	95	95	1	1.48e-37	158
SRR9860122.9	ERR485020.408043	95.745	94	4	0	157	250	1	94	1.48e-37	158
SRR9860122.9	ERR485020.1504447	95.699	93	4	0	158	250	100	8	5.33e-37	156
SRR9860122.9	ERR485020.1128125	95.699	93	4	0	158	250	1	93	5.33e-37	156
SRR9860122.9	ERR485020.880307	95.699	93	4	0	158	250	1	93	5.33e-37	156
SRR9860122.9	ERR485020.1621503	94.624	93	5	0	1	93	93	1	1.92e-36	154
SRR9860122.9	ERR485020.186249	95.652	92	4	0	159	250	100	9	1.92e-36	154
SRR9860122.9	ERR485020.1412373	94.565	92	5	0	1	92	92	1	6.89e-36	152
SRR9860122.9	ERR485020.495910	95.604	91	4	0	160	250	1	91	6.89e-36	152
SRR9860122.9	ERR485020.1505832	95.506	89	4	0	162	250	1	89	8.92e-35	148
SRR9860122.9	ERR485020.997066	95.506	89	4	0	162	250	1	89	8.92e-35	148
SRR9860122.9	ERR485020.768479	95.506	89	4	0	162	250	1	89	8.92e-35	148
SRR9860122.9	ERR485020.1370866	96.471	85	3	0	1	85	11	95	3.21e-34	147
SRR9860122.9	ERR485020.1292842	96.471	85	3	0	1	85	14	98	3.21e-34	147
SRR9860122.9	ERR485020.629786	96.471	85	3	0	1	85	13	97	3.21e-34	147
SRR9860122.9	ERR485020.568858	96.471	85	3	0	1	85	87	3	3.21e-34	147
SRR9860122.9	ERR485020.523790	96.471	85	3	0	1	85	13	97	3.21e-34	147
SRR9860122.9	ERR485020.1497743	96.429	84	3	0	1	84	84	1	1.15e-33	145
SRR9860122.9	ERR485020.669749	96.429	84	3	0	1	84	17	100	1.15e-33	145
SRR9860122.9	ERR485020.850335	95.349	86	4	0	165	250	1	86	4.15e-33	143
SRR9860122.9	ERR485020.569095	95.349	86	4	0	165	250	1	86	4.15e-33	143
SRR9860122.9	ERR485020.1131423	95.294	85	4	0	166	250	100	16	1.49e-32	141
SRR9860122.9	ERR485020.1051745	96.341	82	3	0	1	82	82	1	1.49e-32	141
SRR9860122.9	ERR485020.960247	96.341	82	3	0	1	82	19	100	1.49e-32	141
SRR9860122.9	ERR485020.365130	95.294	85	4	0	166	250	100	16	1.49e-32	141
SRR9860122.9	ERR485020.1667150	95.238	84	4	0	167	250	100	17	5.37e-32	139
SRR9860122.9	ERR485020.839663	96.250	80	3	0	1	80	21	100	1.93e-31	137
SRR9860122.9	ERR485020.630500	95.181	83	4	0	168	250	1	83	1.93e-31	137
SRR9860122.9	ERR485020.518769	96.250	80	3	0	1	80	80	1	1.93e-31	137
SRR9860122.9	ERR485020.246017	96.250	80	3	0	1	80	80	1	1.93e-31	137
SRR9860122.9	ERR485020.958168	95.122	82	4	0	169	250	1	82	6.94e-31	135
SRR9860122.9	ERR485020.791644	95.122	82	4	0	169	250	100	19	6.94e-31	135
SRR9860122.9	ERR485020.1131033	96.154	78	3	0	1	78	23	100	2.50e-30	134
SRR9860122.9	ERR485020.503240	96.154	78	3	0	1	78	78	1	2.50e-30	134
SRR9860122.9	ERR485020.345392	96.104	77	3	0	1	77	24	100	8.98e-30	132
SRR9860122.9	ERR485020.1439173	96.053	76	3	0	1	76	76	1	3.23e-29	130
SRR9860122.9	ERR485020.989027	90.217	92	9	0	1	92	92	1	3.23e-29	130
SRR9860122.9	ERR485020.930390	94.937	79	4	0	172	250	1	79	3.23e-29	130
SRR9860122.9	ERR485020.1517814	94.805	77	4	0	174	250	100	24	4.18e-28	126
SRR9860122.9	ERR485020.1009316	94.805	77	4	0	174	250	100	24	4.18e-28	126
SRR9860122.9	ERR485020.1350086	95.890	73	3	0	1	73	73	1	1.50e-27	124
SRR9860122.9	ERR485020.1129825	94.737	76	4	0	175	250	100	25	1.50e-27	124
SRR9860122.9	ERR485020.247577	94.737	76	4	0	175	250	100	25	1.50e-27	124
SRR9860122.9	ERR485020.1439365	95.833	72	3	0	1	72	72	1	5.40e-27	122
SRR9860122.9	ERR485020.1687396	95.775	71	3	0	1	71	30	100	1.94e-26	121
SRR9860122.9	ERR485020.1672034	93.421	76	5	0	175	250	1	76	6.99e-26	119
SRR9860122.9	ERR485020.375395	95.714	70	3	0	1	70	70	1	6.99e-26	119
SRR9860122.9	ERR485020.1409346	95.652	69	3	0	1	69	32	100	2.51e-25	117
SRR9860122.9	ERR485020.1188414	94.444	72	4	0	179	250	1	72	2.51e-25	117
SRR9860122.9	ERR485020.811335	95.652	69	3	0	1	69	32	100	2.51e-25	117
SRR9860122.9	ERR485020.256917	94.444	72	4	0	179	250	100	29	2.51e-25	117
SRR9860122.9	ERR485020.858663	94.366	71	4	0	180	250	100	30	9.04e-25	115
SRR9860122.9	ERR485020.207405	95.588	68	3	0	1	68	33	100	9.04e-25	115
SRR9860122.9	ERR485020.1508141	94.286	70	4	0	181	250	100	31	3.25e-24	113
SRR9860122.9	ERR485020.1438918	94.286	70	4	0	181	250	1	70	3.25e-24	113
SRR9860122.9	ERR485020.1268806	95.522	67	3	0	1	67	67	1	3.25e-24	113
SRR9860122.9	ERR485020.1168769	95.522	67	3	0	1	67	67	1	3.25e-24	113
SRR9860122.9	ERR485020.134535	95.522	67	3	0	1	67	67	1	3.25e-24	113
SRR9860122.9	ERR485020.1028355	95.455	66	3	0	1	66	66	1	1.17e-23	111
SRR9860122.9	ERR485020.881509	94.203	69	4	0	182	250	1	69	1.17e-23	111
SRR9860122.9	ERR485020.828997	94.203	69	4	0	182	250	1	69	1.17e-23	111
SRR9860122.9	ERR485020.1006301	94.118	68	4	0	183	250	1	68	4.21e-23	110
SRR9860122.9	ERR485020.1527211	95.312	64	3	0	1	64	64	1	1.51e-22	108
SRR9860122.9	ERR485020.1413867	95.312	64	3	0	1	64	64	1	1.51e-22	108
SRR9860122.9	ERR485020.1343795	94.030	67	4	0	184	250	1	67	1.51e-22	108
SRR9860122.9	ERR485020.1296652	95.312	64	3	0	1	64	37	100	1.51e-22	108
SRR9860122.9	ERR485020.1119508	92.857	70	5	0	181	250	1	70	1.51e-22	108
SRR9860122.9	ERR485020.614022	94.030	67	4	0	184	250	100	34	1.51e-22	108
SRR9860122.9	ERR485020.1623134	96.721	61	2	0	1	61	38	98	5.44e-22	106
SRR9860122.9	ERR485020.1612354	93.939	66	4	0	185	250	1	66	5.44e-22	106
SRR9860122.9	ERR485020.1460984	92.754	69	5	0	182	250	100	32	5.44e-22	106
SRR9860122.9	ERR485020.1382621	93.939	66	4	0	185	250	1	66	5.44e-22	106
SRR9860122.9	ERR485020.1290537	93.939	66	4	0	185	250	100	35	5.44e-22	106
SRR9860122.9	ERR485020.895409	93.939	66	4	0	185	250	100	35	5.44e-22	106
SRR9860122.9	ERR485020.451701	96.721	61	2	0	1	61	40	100	5.44e-22	106
SRR9860122.9	ERR485020.1623134	93.846	65	4	0	186	250	100	36	1.96e-21	104
SRR9860122.9	ERR485020.1552285	93.846	65	4	0	186	250	1	65	1.96e-21	104
SRR9860122.9	ERR485020.902604	93.846	65	4	0	186	250	1	65	1.96e-21	104
SRR9860122.9	ERR485020.1569845	93.651	63	4	0	188	250	100	38	2.53e-20	100
SRR9860122.9	ERR485020.924276	93.651	63	4	0	188	250	100	38	2.53e-20	100
SRR9860122.9	ERR485020.902959	92.424	66	5	0	185	250	1	66	2.53e-20	100
SRR9860122.9	ERR485020.733970	96.552	58	2	0	1	58	58	1	2.53e-20	100
SRR9860122.9	ERR485020.372365	93.548	62	4	0	189	250	100	39	9.11e-20	99.0
SRR9860122.9	ERR485020.166503	96.491	57	2	0	1	57	44	100	9.11e-20	99.0
SRR9860122.9	ERR485020.1137375	93.443	61	4	0	190	250	100	40	3.28e-19	97.1
SRR9860122.9	ERR485020.1477945	93.333	60	4	0	191	250	1	60	1.18e-18	95.3
SRR9860122.9	ERR485020.1726475	98.077	52	1	0	1	52	47	98	4.24e-18	93.5
SRR9860122.9	ERR485020.1408080	98.077	52	1	0	1	52	48	99	4.24e-18	93.5
SRR9860122.9	ERR485020.1388557	98.077	52	1	0	1	52	47	98	4.24e-18	93.5
SRR9860122.9	ERR485020.1221820	98.077	52	1	0	1	52	49	100	4.24e-18	93.5
SRR9860122.9	ERR485020.950667	98.077	52	1	0	1	52	54	3	4.24e-18	93.5
SRR9860122.9	ERR485020.467636	98.077	52	1	0	1	52	48	99	4.24e-18	93.5
SRR9860122.9	ERR485020.568858	98.039	51	1	0	1	51	50	100	1.52e-17	91.6
SRR9860122.9	ERR485020.596727	92.982	57	4	0	194	250	100	44	5.48e-17	89.8
SRR9860122.9	ERR485020.519969	98.000	50	1	0	1	50	51	100	5.48e-17	89.8
SRR9860122.9	ERR485020.1090184	92.857	56	4	0	195	250	1	56	1.97e-16	87.9
SRR9860122.9	ERR485020.1043180	92.857	56	4	0	195	250	100	45	1.97e-16	87.9
SRR9860122.9	ERR485020.348291	92.857	56	4	0	195	250	100	45	1.97e-16	87.9
SRR9860122.9	ERR485020.671835	97.872	47	1	0	1	47	47	1	2.55e-15	84.2
SRR9860122.9	ERR485020.638344	96.000	50	2	0	1	50	50	1	2.55e-15	84.2
SRR9860122.9	ERR485020.502367	92.593	54	4	0	197	250	1	54	2.55e-15	84.2
SRR9860122.9	ERR485020.313437	92.593	54	4	0	197	250	1	54	2.55e-15	84.2
SRR9860122.9	ERR485020.127710	97.872	47	1	0	1	47	54	100	2.55e-15	84.2
SRR9860122.9	ERR485020.1587453	92.453	53	4	0	198	250	100	48	9.17e-15	82.4
SRR9860122.9	ERR485020.1459544	100.000	44	0	0	1	44	46	3	9.17e-15	82.4
SRR9860122.9	ERR485020.1224597	100.000	44	0	0	1	44	55	98	9.17e-15	82.4
SRR9860122.9	ERR485020.1121909	100.000	44	0	0	1	44	46	3	9.17e-15	82.4
SRR9860122.9	ERR485020.995181	92.453	53	4	0	198	250	100	48	9.17e-15	82.4
SRR9860122.9	ERR485020.582395	92.453	53	4	0	198	250	100	48	9.17e-15	82.4
SRR9860122.9	ERR485020.203843	100.000	44	0	0	1	44	55	98	9.17e-15	82.4
SRR9860122.9	ERR485020.1051640	100.000	43	0	0	1	43	43	1	3.30e-14	80.5
SRR9860122.9	ERR485020.725440	92.308	52	4	0	199	250	100	49	3.30e-14	80.5
SRR9860122.9	ERR485020.1331895	92.157	51	4	0	200	250	100	50	1.19e-13	78.7
SRR9860122.9	ERR485020.1294013	100.000	42	0	0	1	42	42	1	1.19e-13	78.7
SRR9860122.9	ERR485020.1268806	100.000	42	0	0	1	42	59	100	1.19e-13	78.7
SRR9860122.9	ERR485020.1046124	92.157	51	4	0	200	250	100	50	1.19e-13	78.7
SRR9860122.9	ERR485020.866359	92.157	51	4	0	200	250	100	50	1.19e-13	78.7
SRR9860122.9	ERR485020.104075	100.000	42	0	0	1	42	42	1	1.19e-13	78.7
SRR9860122.9	ERR485020.1539426	100.000	41	0	0	1	41	41	1	4.27e-13	76.8
SRR9860122.9	ERR485020.1524901	100.000	41	0	0	1	41	60	100	4.27e-13	76.8
SRR9860122.9	ERR485020.1640943	100.000	38	0	0	1	38	38	1	1.99e-11	71.3
SRR9860122.9	ERR485020.1412373	100.000	38	0	0	1	38	63	100	1.99e-11	71.3
SRR9860122.9	ERR485020.784706	100.000	38	0	0	1	38	38	1	1.99e-11	71.3
SRR9860122.9	ERR485020.582499	100.000	38	0	0	1	38	38	1	1.99e-11	71.3
SRR9860122.9	ERR485020.474922	100.000	38	0	0	1	38	63	100	1.99e-11	71.3
SRR9860122.9	ERR485020.1179405	100.000	37	0	0	1	37	37	1	7.14e-11	69.4
SRR9860122.9	ERR485020.874675	100.000	36	0	0	1	36	36	1	2.57e-10	67.6
SRR9860122.9	ERR485020.384703	100.000	35	0	0	1	35	66	100	9.24e-10	65.8
SRR9860122.9	ERR485020.1627107	100.000	34	0	0	1	34	34	1	3.32e-09	63.9
SRR9860122.9	ERR485020.1439365	100.000	34	0	0	1	34	67	100	3.32e-09	63.9
SRR9860122.9	ERR485020.1274083	100.000	34	0	0	1	34	34	1	3.32e-09	63.9
SRR9860122.9	ERR485020.81744	100.000	34	0	0	1	34	67	100	3.32e-09	63.9
SRR9860122.9	ERR485020.1068479	100.000	33	0	0	1	33	33	1	1.19e-08	62.1
SRR9860122.9	ERR485020.786112	100.000	29	0	0	1	29	29	1	2.00e-06	54.7
SRR9860122.9	ERR485020.509760	100.000	29	0	0	1	29	72	100	2.00e-06	54.7
SRR9860122.9	ERR485020.270177	100.000	29	0	0	1	29	29	1	2.00e-06	54.7
SRR9860122.9	ERR485020.1408080	95.960	99	4	0	65	163	2	100	2.47e-40	167
SRR9860122.9	ERR485020.1185639	95.960	99	4	0	65	163	1	99	2.47e-40	167
SRR9860122.9	ERR485020.1170894	97.895	95	2	0	49	143	3	97	2.47e-40	167
SRR9860122.9	ERR485020.824140	95.960	99	4	0	65	163	1	99	2.47e-40	167
SRR9860122.9	ERR485020.519969	95.960	99	4	0	65	163	1	99	2.47e-40	167
SRR9860122.9	ERR485020.318590	96.939	98	3	0	45	142	3	100	2.47e-40	167
SRR9860122.9	ERR485020.303709	95.960	99	4	0	65	163	99	1	2.47e-40	167
SRR9860122.9	ERR485020.181979	95.960	99	4	0	65	163	99	1	2.47e-40	167
SRR9860122.9	ERR485020.1641199	96.907	97	3	0	45	141	97	1	8.89e-40	165
SRR9860122.9	ERR485020.407463	97.872	94	2	0	50	143	100	7	8.89e-40	165
SRR9860122.9	ERR485020.1697305	95.000	100	5	0	38	137	1	100	3.20e-39	163
SRR9860122.9	ERR485020.1647769	95.000	100	5	0	32	131	1	100	3.20e-39	163
SRR9860122.9	ERR485020.1624068	95.000	100	5	0	57	156	100	1	3.20e-39	163
SRR9860122.9	ERR485020.1599062	94.949	99	5	0	85	183	1	99	3.20e-39	163
SRR9860122.9	ERR485020.1593897	94.949	99	5	0	85	183	100	2	3.20e-39	163
SRR9860122.9	ERR485020.1513172	94.000	100	6	0	149	248	100	1	3.20e-39	163
SRR9860122.9	ERR485020.1511026	95.000	100	5	0	37	136	1	100	3.20e-39	163
SRR9860122.9	ERR485020.1496700	94.000	100	6	0	152	251	100	1	3.20e-39	163
SRR9860122.9	ERR485020.1312152	95.000	100	5	0	36	135	100	1	3.20e-39	163
SRR9860122.9	ERR485020.1282625	95.000	100	5	0	39	138	100	1	3.20e-39	163
SRR9860122.9	ERR485020.1142952	95.000	100	5	0	54	153	100	1	3.20e-39	163
SRR9860122.9	ERR485020.1094613	95.000	100	5	0	38	137	1	100	3.20e-39	163
SRR9860122.9	ERR485020.1090806	95.876	97	4	0	67	163	1	97	3.20e-39	163
SRR9860122.9	ERR485020.1043180	94.000	100	6	0	152	251	100	1	3.20e-39	163
SRR9860122.9	ERR485020.1034187	94.949	99	5	0	85	183	100	2	3.20e-39	163
SRR9860122.9	ERR485020.992528	95.000	100	5	0	34	133	1	100	3.20e-39	163
SRR9860122.9	ERR485020.947663	95.000	100	5	0	32	131	100	1	3.20e-39	163
SRR9860122.9	ERR485020.938613	95.876	97	4	0	67	163	1	97	3.20e-39	163
SRR9860122.9	ERR485020.914711	94.000	100	6	0	152	251	1	100	3.20e-39	163
SRR9860122.9	ERR485020.884571	94.000	100	6	0	148	247	1	100	3.20e-39	163
SRR9860122.9	ERR485020.881509	95.000	100	5	0	38	137	1	100	3.20e-39	163
SRR9860122.9	ERR485020.880307	95.000	100	5	0	38	137	1	100	3.20e-39	163
SRR9860122.9	ERR485020.866359	94.000	100	6	0	150	249	100	1	3.20e-39	163
SRR9860122.9	ERR485020.828997	95.000	100	5	0	34	133	1	100	3.20e-39	163
SRR9860122.9	ERR485020.802704	95.000	100	5	0	59	158	100	1	3.20e-39	163
SRR9860122.9	ERR485020.635530	95.000	100	5	0	39	138	100	1	3.20e-39	163
SRR9860122.9	ERR485020.630500	97.849	93	2	0	51	143	1	93	3.20e-39	163
SRR9860122.9	ERR485020.567934	95.000	100	5	0	62	161	1	100	3.20e-39	163
SRR9860122.9	ERR485020.554578	94.000	100	6	0	148	247	1	100	3.20e-39	163
SRR9860122.9	ERR485020.509760	94.000	100	6	0	152	251	1	100	3.20e-39	163
SRR9860122.9	ERR485020.456178	95.000	100	5	0	33	132	1	100	3.20e-39	163
SRR9860122.9	ERR485020.413933	95.876	97	4	0	65	161	97	1	3.20e-39	163
SRR9860122.9	ERR485020.395296	95.000	100	5	0	38	137	100	1	3.20e-39	163
SRR9860122.9	ERR485020.304082	95.000	100	5	0	36	135	1	100	3.20e-39	163
SRR9860122.9	ERR485020.123217	94.949	99	5	0	85	183	2	100	3.20e-39	163
SRR9860122.9	ERR485020.101105	95.000	100	5	0	38	137	1	100	3.20e-39	163
SRR9860122.9	ERR485020.1672034	94.000	100	6	0	76	175	1	100	1.15e-38	161
SRR9860122.9	ERR485020.1644512	94.000	100	6	0	79	178	1	100	1.15e-38	161
SRR9860122.9	ERR485020.1567408	94.898	98	5	0	85	182	3	100	1.15e-38	161
SRR9860122.9	ERR485020.1563997	93.939	99	6	0	153	251	1	99	1.15e-38	161
SRR9860122.9	ERR485020.1562188	94.898	98	5	0	86	183	100	3	1.15e-38	161
SRR9860122.9	ERR485020.1449913	94.898	98	5	0	85	182	3	100	1.15e-38	161
SRR9860122.9	ERR485020.1347507	94.000	100	6	0	80	179	1	100	1.15e-38	161
SRR9860122.9	ERR485020.1343795	94.000	100	6	0	76	175	1	100	1.15e-38	161
SRR9860122.9	ERR485020.1321661	94.898	98	5	0	85	182	98	1	1.15e-38	161
SRR9860122.9	ERR485020.1131033	94.000	100	6	0	75	174	1	100	1.15e-38	161
SRR9860122.9	ERR485020.1023292	94.898	98	5	0	85	182	3	100	1.15e-38	161
SRR9860122.9	ERR485020.980077	94.000	100	6	0	74	173	1	100	1.15e-38	161
SRR9860122.9	ERR485020.980077	93.939	99	6	0	148	246	99	1	1.15e-38	161
SRR9860122.9	ERR485020.966842	93.939	99	6	0	153	251	1	99	1.15e-38	161
SRR9860122.9	ERR485020.938613	94.898	98	5	0	85	182	98	1	1.15e-38	161
SRR9860122.9	ERR485020.852660	94.000	100	6	0	74	173	100	1	1.15e-38	161
SRR9860122.9	ERR485020.579624	94.000	100	6	0	81	180	100	1	1.15e-38	161
SRR9860122.9	ERR485020.480515	94.000	100	6	0	73	172	100	1	1.15e-38	161
SRR9860122.9	ERR485020.408043	94.000	100	6	0	74	173	1	100	1.15e-38	161
SRR9860122.9	ERR485020.293529	94.000	100	6	0	77	176	1	100	1.15e-38	161
SRR9860122.9	ERR485020.1587586	95.789	95	4	0	69	163	1	95	4.14e-38	159
SRR9860122.9	ERR485020.1259369	93.878	98	6	0	148	245	98	1	4.14e-38	159
SRR9860122.9	ERR485020.1217339	93.878	98	6	0	148	245	98	1	4.14e-38	159
SRR9860122.9	ERR485020.646902	95.789	95	4	0	69	163	100	6	4.14e-38	159
SRR9860122.9	ERR485020.560447	93.878	98	6	0	154	251	1	98	4.14e-38	159
SRR9860122.9	ERR485020.460614	95.789	95	4	0	69	163	100	6	4.14e-38	159
SRR9860122.9	ERR485020.286853	95.789	95	4	0	69	163	1	95	4.14e-38	159
SRR9860122.9	ERR485020.247577	93.878	98	6	0	148	245	98	1	4.14e-38	159
SRR9860122.9	ERR485020.169268	93.939	99	6	0	75	173	99	1	4.14e-38	159
SRR9860122.9	ERR485020.1623134	93.000	100	7	0	104	203	1	100	1.49e-37	158
SRR9860122.9	ERR485020.1612354	93.000	100	7	0	105	204	100	1	1.49e-37	158
SRR9860122.9	ERR485020.1587453	93.000	100	7	0	92	191	1	100	1.49e-37	158
SRR9860122.9	ERR485020.1569845	93.000	100	7	0	102	201	1	100	1.49e-37	158
SRR9860122.9	ERR485020.1552285	93.000	100	7	0	104	203	100	1	1.49e-37	158
SRR9860122.9	ERR485020.1477945	93.000	100	7	0	99	198	100	1	1.49e-37	158
SRR9860122.9	ERR485020.1382621	93.000	100	7	0	105	204	100	1	1.49e-37	158
SRR9860122.9	ERR485020.1343795	93.000	100	7	0	106	205	100	1	1.49e-37	158
SRR9860122.9	ERR485020.1331895	93.000	100	7	0	90	189	1	100	1.49e-37	158
SRR9860122.9	ERR485020.1290537	93.000	100	7	0	105	204	1	100	1.49e-37	158
SRR9860122.9	ERR485020.1137375	93.000	100	7	0	100	199	1	100	1.49e-37	158
SRR9860122.9	ERR485020.1090184	93.000	100	7	0	95	194	100	1	1.49e-37	158
SRR9860122.9	ERR485020.1046124	93.000	100	7	0	90	189	1	100	1.49e-37	158
SRR9860122.9	ERR485020.1021864	94.845	97	5	0	59	155	97	1	1.49e-37	158
SRR9860122.9	ERR485020.1006301	93.000	100	7	0	107	206	100	1	1.49e-37	158
SRR9860122.9	ERR485020.995181	93.000	100	7	0	92	191	1	100	1.49e-37	158
SRR9860122.9	ERR485020.924276	93.000	100	7	0	102	201	1	100	1.49e-37	158
SRR9860122.9	ERR485020.902604	93.000	100	7	0	104	203	100	1	1.49e-37	158
SRR9860122.9	ERR485020.895409	93.000	100	7	0	105	204	1	100	1.49e-37	158
SRR9860122.9	ERR485020.866359	93.000	100	7	0	90	189	1	100	1.49e-37	158
SRR9860122.9	ERR485020.725440	93.000	100	7	0	91	190	1	100	1.49e-37	158
SRR9860122.9	ERR485020.614022	93.000	100	7	0	106	205	1	100	1.49e-37	158
SRR9860122.9	ERR485020.596727	93.000	100	7	0	96	195	1	100	1.49e-37	158
SRR9860122.9	ERR485020.582395	93.000	100	7	0	92	191	1	100	1.49e-37	158
SRR9860122.9	ERR485020.502367	93.000	100	7	0	93	192	100	1	1.49e-37	158
SRR9860122.9	ERR485020.416935	94.737	95	5	0	148	242	5	99	1.49e-37	158
SRR9860122.9	ERR485020.372365	93.000	100	7	0	101	200	1	100	1.49e-37	158
SRR9860122.9	ERR485020.348291	93.000	100	7	0	95	194	1	100	1.49e-37	158
SRR9860122.9	ERR485020.345392	94.737	95	5	0	148	242	5	99	1.49e-37	158
SRR9860122.9	ERR485020.318590	93.814	97	6	0	155	251	100	4	1.49e-37	158
SRR9860122.9	ERR485020.313437	93.000	100	7	0	93	192	100	1	1.49e-37	158
SRR9860122.9	ERR485020.209991	94.737	95	5	0	148	242	5	99	1.49e-37	158
SRR9860122.9	ERR485020.199380	94.000	100	6	0	53	152	1	100	1.49e-37	158
SRR9860122.9	ERR485020.152922	94.737	95	5	0	148	242	97	3	1.49e-37	158
SRR9860122.9	ERR485020.1593897	93.000	100	7	0	26	125	1	100	5.35e-37	156
SRR9860122.9	ERR485020.1552285	93.000	100	7	0	16	115	1	100	5.35e-37	156
SRR9860122.9	ERR485020.1477665	93.000	100	7	0	23	122	100	1	5.35e-37	156
SRR9860122.9	ERR485020.1438918	93.000	100	7	0	23	122	1	100	5.35e-37	156
SRR9860122.9	ERR485020.1156223	93.000	100	7	0	26	125	100	1	5.35e-37	156
SRR9860122.9	ERR485020.1142952	93.000	100	7	0	25	124	1	100	5.35e-37	156
SRR9860122.9	ERR485020.1052632	93.000	100	7	0	17	116	100	1	5.35e-37	156
SRR9860122.9	ERR485020.1005269	94.681	94	5	0	148	241	7	100	5.35e-37	156
SRR9860122.9	ERR485020.997066	95.789	95	4	0	45	139	6	100	5.35e-37	156
SRR9860122.9	ERR485020.881509	92.929	99	7	0	108	206	100	2	5.35e-37	156
SRR9860122.9	ERR485020.850335	93.000	100	7	0	16	115	1	100	5.35e-37	156
SRR9860122.9	ERR485020.828997	92.929	99	7	0	108	206	100	2	5.35e-37	156
SRR9860122.9	ERR485020.819029	93.000	100	7	0	14	113	100	1	5.35e-37	156
SRR9860122.9	ERR485020.802704	93.000	100	7	0	24	123	1	100	5.35e-37	156
SRR9860122.9	ERR485020.748859	93.000	100	7	0	26	125	100	1	5.35e-37	156
SRR9860122.9	ERR485020.740313	94.792	96	5	0	32	127	5	100	5.35e-37	156
SRR9860122.9	ERR485020.608892	93.000	100	7	0	15	114	100	1	5.35e-37	156
SRR9860122.9	ERR485020.579624	93.000	100	7	0	16	115	1	100	5.35e-37	156
SRR9860122.9	ERR485020.549696	94.792	96	5	0	32	127	96	1	5.35e-37	156
SRR9860122.9	ERR485020.495910	93.000	100	7	0	25	124	1	100	5.35e-37	156
SRR9860122.9	ERR485020.480515	93.000	100	7	0	22	121	1	100	5.35e-37	156
SRR9860122.9	ERR485020.474922	93.000	100	7	0	17	116	1	100	5.35e-37	156
SRR9860122.9	ERR485020.423223	93.000	100	7	0	15	114	1	100	5.35e-37	156
SRR9860122.9	ERR485020.412824	93.000	100	7	0	13	112	1	100	5.35e-37	156
SRR9860122.9	ERR485020.397911	93.000	100	7	0	25	124	1	100	5.35e-37	156
SRR9860122.9	ERR485020.369206	93.000	100	7	0	19	118	100	1	5.35e-37	156
SRR9860122.9	ERR485020.249843	94.681	94	5	0	148	241	94	1	5.35e-37	156
SRR9860122.9	ERR485020.246190	93.000	100	7	0	24	123	100	1	5.35e-37	156
SRR9860122.9	ERR485020.115946	94.737	95	5	0	89	183	100	6	5.35e-37	156
SRR9860122.9	ERR485020.1644512	92.000	100	8	0	139	238	100	1	1.92e-36	154
SRR9860122.9	ERR485020.1599062	94.624	93	5	0	148	240	93	1	1.92e-36	154
SRR9860122.9	ERR485020.1582990	92.000	100	8	0	137	236	1	100	1.92e-36	154
SRR9860122.9	ERR485020.1560804	94.624	93	5	0	148	240	8	100	1.92e-36	154
SRR9860122.9	ERR485020.1517814	92.000	100	8	0	116	215	1	100	1.92e-36	154
SRR9860122.9	ERR485020.1512936	94.737	95	5	0	32	126	95	1	1.92e-36	154
SRR9860122.9	ERR485020.1508141	92.857	98	7	0	109	206	1	98	1.92e-36	154
SRR9860122.9	ERR485020.1438918	92.857	98	7	0	109	206	100	3	1.92e-36	154
SRR9860122.9	ERR485020.1188414	92.000	100	8	0	111	210	100	1	1.92e-36	154
SRR9860122.9	ERR485020.1129825	92.000	100	8	0	115	214	1	100	1.92e-36	154
SRR9860122.9	ERR485020.1009316	92.000	100	8	0	116	215	1	100	1.92e-36	154
SRR9860122.9	ERR485020.1002803	92.000	100	8	0	138	237	1	100	1.92e-36	154
SRR9860122.9	ERR485020.938808	94.737	95	5	0	32	126	95	1	1.92e-36	154
SRR9860122.9	ERR485020.895409	92.000	100	8	0	138	237	100	1	1.92e-36	154
SRR9860122.9	ERR485020.858663	92.000	100	8	0	110	209	1	100	1.92e-36	154
SRR9860122.9	ERR485020.621454	94.737	95	5	0	32	126	95	1	1.92e-36	154
SRR9860122.9	ERR485020.614022	92.000	100	8	0	139	238	100	1	1.92e-36	154
SRR9860122.9	ERR485020.582395	93.684	95	6	0	157	251	100	6	1.92e-36	154
SRR9860122.9	ERR485020.578546	92.000	100	8	0	138	237	100	1	1.92e-36	154
SRR9860122.9	ERR485020.534725	94.624	93	5	0	148	240	93	1	1.92e-36	154
SRR9860122.9	ERR485020.456178	92.000	100	8	0	137	236	100	1	1.92e-36	154
SRR9860122.9	ERR485020.395296	94.737	95	5	0	32	126	6	100	1.92e-36	154
SRR9860122.9	ERR485020.300460	94.737	95	5	0	32	126	95	1	1.92e-36	154
SRR9860122.9	ERR485020.256917	92.000	100	8	0	111	210	1	100	1.92e-36	154
SRR9860122.9	ERR485020.247577	92.000	100	8	0	115	214	1	100	1.92e-36	154
SRR9860122.9	ERR485020.247562	94.737	95	5	0	32	126	95	1	1.92e-36	154
SRR9860122.9	ERR485020.1655734	92.857	98	7	0	2	99	98	1	6.92e-36	152
SRR9860122.9	ERR485020.1508141	93.617	94	6	0	158	251	100	7	6.92e-36	152
SRR9860122.9	ERR485020.1132886	92.857	98	7	0	2	99	98	1	6.92e-36	152
SRR9860122.9	ERR485020.902959	92.000	100	8	0	105	204	100	1	6.92e-36	152
SRR9860122.9	ERR485020.791403	92.857	98	7	0	2	99	98	1	6.92e-36	152
SRR9860122.9	ERR485020.725440	93.617	94	6	0	158	251	100	7	6.92e-36	152
SRR9860122.9	ERR485020.203843	94.565	92	5	0	148	239	9	100	6.92e-36	152
SRR9860122.9	ERR485020.1460984	91.919	99	8	0	108	206	1	99	2.49e-35	150
SRR9860122.9	ERR485020.1137375	93.548	93	6	0	159	251	100	8	2.49e-35	150
SRR9860122.9	ERR485020.1114395	93.548	93	6	0	159	251	100	8	2.49e-35	150
SRR9860122.9	ERR485020.1672034	91.000	100	9	0	115	214	100	1	8.96e-35	148
SRR9860122.9	ERR485020.1591965	93.478	92	6	0	160	251	1	92	8.96e-35	148
SRR9860122.9	ERR485020.1119508	91.837	98	8	0	109	206	100	3	8.96e-35	148
SRR9860122.9	ERR485020.970447	92.708	96	7	0	2	97	96	1	8.96e-35	148
SRR9860122.9	ERR485020.812792	92.708	96	7	0	2	97	5	100	8.96e-35	148
SRR9860122.9	ERR485020.372365	93.478	92	6	0	160	251	100	9	8.96e-35	148
SRR9860122.9	ERR485020.1678016	92.553	94	7	0	2	95	94	1	1.16e-33	145
SRR9860122.9	ERR485020.1638193	95.349	86	4	0	166	251	1	86	1.16e-33	145
SRR9860122.9	ERR485020.1471734	95.349	86	4	0	166	251	96	11	1.16e-33	145
SRR9860122.9	ERR485020.1185639	95.349	86	4	0	166	251	97	12	1.16e-33	145
SRR9860122.9	ERR485020.1101213	95.349	86	4	0	166	251	4	89	1.16e-33	145
SRR9860122.9	ERR485020.992528	95.349	86	4	0	166	251	97	12	1.16e-33	145
SRR9860122.9	ERR485020.839663	95.349	86	4	0	166	251	3	88	1.16e-33	145
SRR9860122.9	ERR485020.824140	95.349	86	4	0	166	251	99	14	1.16e-33	145
SRR9860122.9	ERR485020.740313	95.349	86	4	0	166	251	97	12	1.16e-33	145
SRR9860122.9	ERR485020.659815	95.349	86	4	0	166	251	99	14	1.16e-33	145
SRR9860122.9	ERR485020.209991	95.349	86	4	0	166	251	96	11	1.16e-33	145
SRR9860122.9	ERR485020.1399082	95.294	85	4	0	167	251	1	85	4.17e-33	143
SRR9860122.9	ERR485020.1311929	92.473	93	7	0	2	94	93	1	4.17e-33	143
SRR9860122.9	ERR485020.1562188	92.391	92	7	0	2	93	9	100	1.50e-32	141
SRR9860122.9	ERR485020.1095704	92.391	92	7	0	2	93	92	1	1.50e-32	141
SRR9860122.9	ERR485020.350051	92.391	92	7	0	2	93	92	1	1.50e-32	141
SRR9860122.9	ERR485020.336964	92.391	92	7	0	2	93	9	100	1.50e-32	141
SRR9860122.9	ERR485020.953636	95.181	83	4	0	169	251	1	83	5.39e-32	139
SRR9860122.9	ERR485020.142009	92.308	91	7	0	2	92	91	1	5.39e-32	139
SRR9860122.9	ERR485020.1046124	95.122	82	4	0	170	251	100	19	1.94e-31	137
SRR9860122.9	ERR485020.935680	95.122	82	4	0	170	251	100	19	1.94e-31	137
SRR9860122.9	ERR485020.1550376	92.135	89	7	0	2	90	89	1	6.97e-31	135
SRR9860122.9	ERR485020.709493	92.135	89	7	0	2	90	12	100	6.97e-31	135
SRR9860122.9	ERR485020.1190425	91.954	87	7	0	2	88	87	1	9.02e-30	132
SRR9860122.9	ERR485020.1056002	91.954	87	7	0	2	88	87	1	9.02e-30	132
SRR9860122.9	ERR485020.574388	91.954	87	7	0	2	88	14	100	9.02e-30	132
SRR9860122.9	ERR485020.413933	91.954	87	7	0	2	88	14	100	9.02e-30	132
SRR9860122.9	ERR485020.1720603	91.765	85	7	0	2	86	85	1	1.17e-28	128
SRR9860122.9	ERR485020.1327080	94.805	77	4	0	175	251	1	77	1.17e-28	128
SRR9860122.9	ERR485020.1292653	91.765	85	7	0	2	86	85	1	1.17e-28	128
SRR9860122.9	ERR485020.1535684	93.671	79	5	0	173	251	100	22	4.20e-28	126
SRR9860122.9	ERR485020.1496700	92.683	82	6	0	2	83	19	100	4.20e-28	126
SRR9860122.9	ERR485020.1422933	92.683	82	6	0	2	83	84	3	4.20e-28	126
SRR9860122.9	ERR485020.1262248	90.805	87	8	0	2	88	87	1	4.20e-28	126
SRR9860122.9	ERR485020.1119508	92.683	82	6	0	2	83	17	98	4.20e-28	126
SRR9860122.9	ERR485020.709493	94.737	76	4	0	176	251	100	25	4.20e-28	126
SRR9860122.9	ERR485020.545006	92.683	82	6	0	2	83	84	3	4.20e-28	126
SRR9860122.9	ERR485020.456209	92.683	82	6	0	2	83	83	2	4.20e-28	126
SRR9860122.9	ERR485020.1532720	94.667	75	4	0	177	251	100	26	1.51e-27	124
SRR9860122.9	ERR485020.802413	94.667	75	4	0	177	251	100	26	1.51e-27	124
SRR9860122.9	ERR485020.1480557	92.500	80	6	0	2	81	80	1	5.43e-27	122
SRR9860122.9	ERR485020.1477945	92.500	80	6	0	2	81	21	100	5.43e-27	122
SRR9860122.9	ERR485020.1156223	92.500	80	6	0	2	81	21	100	5.43e-27	122
SRR9860122.9	ERR485020.1241085	94.521	73	4	0	179	251	100	28	1.95e-26	121
SRR9860122.9	ERR485020.657382	92.405	79	6	0	2	80	79	1	1.95e-26	121
SRR9860122.9	ERR485020.623509	92.405	79	6	0	2	80	79	1	1.95e-26	121
SRR9860122.9	ERR485020.161041	94.521	73	4	0	179	251	1	73	1.95e-26	121
SRR9860122.9	ERR485020.1321661	92.308	78	6	0	2	79	23	100	7.02e-26	119
SRR9860122.9	ERR485020.374017	94.444	72	4	0	180	251	1	72	7.02e-26	119
SRR9860122.9	ERR485020.1090184	92.208	77	6	0	2	78	24	100	2.53e-25	117
SRR9860122.9	ERR485020.1457016	96.970	66	2	0	186	251	2	67	9.08e-25	115
SRR9860122.9	ERR485020.1156784	96.970	66	2	0	186	251	3	68	9.08e-25	115
SRR9860122.9	ERR485020.1131423	96.970	66	2	0	186	251	97	32	9.08e-25	115
SRR9860122.9	ERR485020.1042681	96.970	66	2	0	186	251	2	67	9.08e-25	115
SRR9860122.9	ERR485020.924276	96.970	66	2	0	186	251	100	35	9.08e-25	115
SRR9860122.9	ERR485020.811700	96.970	66	2	0	186	251	3	68	9.08e-25	115
SRR9860122.9	ERR485020.625720	96.970	66	2	0	186	251	2	67	9.08e-25	115
SRR9860122.9	ERR485020.596727	96.970	66	2	0	186	251	97	32	9.08e-25	115
SRR9860122.9	ERR485020.415812	92.105	76	6	0	2	77	76	1	9.08e-25	115
SRR9860122.9	ERR485020.324530	92.105	76	6	0	2	77	76	1	9.08e-25	115
SRR9860122.9	ERR485020.199380	96.923	65	2	0	187	251	100	36	3.27e-24	113
SRR9860122.9	ERR485020.1370866	96.875	64	2	0	188	251	1	64	1.17e-23	111
SRR9860122.9	ERR485020.1628121	96.825	63	2	0	189	251	100	38	4.23e-23	110
SRR9860122.9	ERR485020.1322245	91.781	73	6	0	2	74	73	1	4.23e-23	110
SRR9860122.9	ERR485020.1059495	96.825	63	2	0	189	251	1	63	4.23e-23	110
SRR9860122.9	ERR485020.1688869	91.667	72	6	0	2	73	72	1	1.52e-22	108
SRR9860122.9	ERR485020.1646560	96.774	62	2	0	190	251	100	39	1.52e-22	108
SRR9860122.9	ERR485020.858663	96.774	62	2	0	190	251	100	39	1.52e-22	108
SRR9860122.9	ERR485020.856738	96.774	62	2	0	190	251	1	62	1.52e-22	108
SRR9860122.9	ERR485020.666287	91.667	72	6	0	2	73	72	1	1.52e-22	108
SRR9860122.9	ERR485020.1331895	96.721	61	2	0	191	251	100	40	5.47e-22	106
SRR9860122.9	ERR485020.1006301	91.549	71	6	0	2	72	30	100	5.47e-22	106
SRR9860122.9	ERR485020.94314	96.721	61	2	0	191	251	1	61	5.47e-22	106
SRR9860122.9	ERR485020.85328	96.721	61	2	0	191	251	1	61	5.47e-22	106
SRR9860122.9	ERR485020.1582990	96.667	60	2	0	192	251	100	41	1.97e-21	104
SRR9860122.9	ERR485020.1283795	91.429	70	6	0	2	71	70	1	1.97e-21	104
SRR9860122.9	ERR485020.1259369	91.429	70	6	0	2	71	31	100	1.97e-21	104
SRR9860122.9	ERR485020.947663	91.429	70	6	0	2	71	31	100	1.97e-21	104
SRR9860122.9	ERR485020.769969	96.667	60	2	0	192	251	1	60	1.97e-21	104
SRR9860122.9	ERR485020.569095	91.429	70	6	0	2	71	31	100	1.97e-21	104
SRR9860122.9	ERR485020.169268	91.429	70	6	0	2	71	31	100	1.97e-21	104
SRR9860122.9	ERR485020.1477665	91.304	69	6	0	2	70	32	100	7.07e-21	102
SRR9860122.9	ERR485020.181979	91.304	69	6	0	2	70	32	100	7.07e-21	102
SRR9860122.9	ERR485020.1512936	91.176	68	6	0	2	69	33	100	2.54e-20	100
SRR9860122.9	ERR485020.1504447	96.552	58	2	0	194	251	100	43	2.54e-20	100
SRR9860122.9	ERR485020.406466	96.552	58	2	0	194	251	100	43	2.54e-20	100
SRR9860122.9	ERR485020.293529	96.552	58	2	0	194	251	100	43	2.54e-20	100
SRR9860122.9	ERR485020.1624068	91.045	67	6	0	2	68	34	100	9.15e-20	99.0
SRR9860122.9	ERR485020.1560804	96.491	57	2	0	195	251	100	44	9.15e-20	99.0
SRR9860122.9	ERR485020.1216932	89.706	68	7	0	2	69	68	1	1.18e-18	95.3
SRR9860122.9	ERR485020.948593	91.935	62	5	0	2	63	64	3	1.18e-18	95.3
SRR9860122.9	ERR485020.659815	91.935	62	5	0	2	63	37	98	1.18e-18	95.3
SRR9860122.9	ERR485020.1726475	96.296	54	2	0	198	251	1	54	4.26e-18	93.5
SRR9860122.9	ERR485020.1587586	96.296	54	2	0	198	251	100	47	4.26e-18	93.5
SRR9860122.9	ERR485020.1190425	91.803	61	5	0	2	62	40	100	4.26e-18	93.5
SRR9860122.9	ERR485020.791644	96.296	54	2	0	198	251	100	47	4.26e-18	93.5
SRR9860122.9	ERR485020.467636	96.296	54	2	0	198	251	1	54	4.26e-18	93.5
SRR9860122.9	ERR485020.1697305	96.226	53	2	0	199	251	100	48	1.53e-17	91.6
SRR9860122.9	ERR485020.1360106	96.226	53	2	0	199	251	1	53	1.53e-17	91.6
SRR9860122.9	ERR485020.485901	96.226	53	2	0	199	251	1	53	1.53e-17	91.6
SRR9860122.9	ERR485020.127710	96.226	53	2	0	199	251	1	53	1.53e-17	91.6
SRR9860122.9	ERR485020.1074787	96.078	51	2	0	201	251	1	51	1.98e-16	87.9
SRR9860122.9	ERR485020.1023292	94.444	54	3	0	198	251	100	47	1.98e-16	87.9
SRR9860122.9	ERR485020.915593	96.078	51	2	0	201	251	1	51	1.98e-16	87.9
SRR9860122.9	ERR485020.811335	96.000	50	2	0	202	251	1	50	7.12e-16	86.1
SRR9860122.9	ERR485020.1563997	95.918	49	2	0	203	251	100	52	2.56e-15	84.2
SRR9860122.9	ERR485020.1021864	91.071	56	5	0	2	57	43	98	2.56e-15	84.2
SRR9860122.9	ERR485020.1569845	95.833	48	2	0	204	251	100	53	9.21e-15	82.4
SRR9860122.9	ERR485020.1587453	97.727	44	1	0	208	251	99	56	1.19e-13	78.7
SRR9860122.9	ERR485020.1449913	97.727	44	1	0	208	251	100	57	1.19e-13	78.7
SRR9860122.9	ERR485020.935680	90.566	53	5	0	2	54	48	100	1.19e-13	78.7
SRR9860122.9	ERR485020.495757	97.727	44	1	0	208	251	2	45	1.19e-13	78.7
SRR9860122.9	ERR485020.384703	97.727	44	1	0	208	251	3	46	1.19e-13	78.7
SRR9860122.9	ERR485020.207405	97.727	44	1	0	208	251	2	45	1.19e-13	78.7
SRR9860122.9	ERR485020.1090806	97.674	43	1	0	209	251	100	58	4.29e-13	76.8
SRR9860122.9	ERR485020.1505832	90.196	51	5	0	2	52	50	100	1.54e-12	75.0
SRR9860122.9	ERR485020.719090	90.196	51	5	0	2	52	51	1	1.54e-12	75.0
SRR9860122.9	ERR485020.1697814	97.561	41	1	0	211	251	1	41	5.54e-12	73.1
SRR9860122.9	ERR485020.1217339	90.000	50	5	0	2	51	51	100	5.54e-12	73.1
SRR9860122.9	ERR485020.1698221	95.122	41	2	0	2	42	54	94	7.17e-11	69.4
SRR9860122.9	ERR485020.1453843	95.122	41	2	0	2	42	60	100	7.17e-11	69.4
SRR9860122.9	ERR485020.1339576	97.436	39	1	0	213	251	1	39	7.17e-11	69.4
SRR9860122.9	ERR485020.1073172	95.122	41	2	0	2	42	41	1	7.17e-11	69.4
SRR9860122.9	ERR485020.1071113	95.122	41	2	0	2	42	45	5	7.17e-11	69.4
SRR9860122.9	ERR485020.1010413	95.122	41	2	0	2	42	45	5	7.17e-11	69.4
SRR9860122.9	ERR485020.970447	95.122	41	2	0	2	42	58	98	7.17e-11	69.4
SRR9860122.9	ERR485020.635530	95.122	41	2	0	2	42	55	95	7.17e-11	69.4
SRR9860122.9	ERR485020.462226	95.122	41	2	0	2	42	48	8	7.17e-11	69.4
SRR9860122.9	ERR485020.165719	95.122	41	2	0	2	42	48	8	7.17e-11	69.4
SRR9860122.9	ERR485020.1550376	95.000	40	2	0	2	41	61	100	2.58e-10	67.6
SRR9860122.9	ERR485020.1532720	95.000	40	2	0	2	41	61	100	2.58e-10	67.6
SRR9860122.9	ERR485020.101105	97.368	38	1	0	214	251	100	63	2.58e-10	67.6
SRR9860122.9	ERR485020.1711982	97.297	37	1	0	215	251	1	37	9.28e-10	65.8
SRR9860122.9	ERR485020.1241085	94.737	38	2	0	2	39	63	100	3.34e-09	63.9
SRR9860122.9	ERR485020.242431	94.595	37	2	0	2	38	37	1	1.20e-08	62.1
SRR9860122.9	ERR485020.1312152	94.286	35	2	0	2	36	66	100	1.55e-07	58.4
SRR9860122.9	ERR485020.1196673	94.118	34	2	0	2	35	34	1	5.58e-07	56.5
SRR9860122.9	ERR485020.1625099	100.000	28	0	0	2	29	29	2	7.22e-06	52.8
SRR9860122.9	ERR485020.1613584	100.000	28	0	0	2	29	28	1	7.22e-06	52.8
SRR9860122.9	ERR485020.1095704	100.000	28	0	0	2	29	69	96	7.22e-06	52.8
SRR9860122.9	ERR485020.981408	100.000	28	0	0	2	29	33	6	7.22e-06	52.8
SRR9860122.9	ERR485020.897079	100.000	28	0	0	2	29	68	95	7.22e-06	52.8
SRR9860122.9	ERR485020.324530	100.000	28	0	0	2	29	68	95	7.22e-06	52.8
SRR9860122.10	ERR485020.1531898	99.000	100	1	0	122	221	1	100	8.79e-45	182
SRR9860122.10	ERR485020.1512238	99.000	100	1	0	125	224	1	100	8.79e-45	182
SRR9860122.10	ERR485020.1509616	99.000	100	1	0	125	224	1	100	8.79e-45	182
SRR9860122.10	ERR485020.1401151	99.000	100	1	0	128	227	1	100	8.79e-45	182
SRR9860122.10	ERR485020.1369035	99.000	100	1	0	126	225	1	100	8.79e-45	182
SRR9860122.10	ERR485020.1208071	99.000	100	1	0	128	227	100	1	8.79e-45	182
SRR9860122.10	ERR485020.1183196	99.000	100	1	0	127	226	100	1	8.79e-45	182
SRR9860122.10	ERR485020.1049761	99.000	100	1	0	124	223	1	100	8.79e-45	182
SRR9860122.10	ERR485020.789106	99.000	100	1	0	128	227	100	1	8.79e-45	182
SRR9860122.10	ERR485020.242816	99.000	100	1	0	122	221	1	100	8.79e-45	182
SRR9860122.10	ERR485020.130423	99.000	100	1	0	128	227	100	1	8.79e-45	182
SRR9860122.10	ERR485020.1580238	100.000	97	0	0	131	227	2	98	3.16e-44	180
SRR9860122.10	ERR485020.247488	100.000	97	0	0	131	227	98	2	3.16e-44	180
SRR9860122.10	ERR485020.108322	100.000	97	0	0	131	227	1	97	3.16e-44	180
SRR9860122.10	ERR485020.1292864	100.000	96	0	0	132	227	100	5	1.14e-43	178
SRR9860122.10	ERR485020.685613	100.000	96	0	0	132	227	1	96	1.14e-43	178
SRR9860122.10	ERR485020.336170	98.980	98	1	0	122	219	98	1	1.14e-43	178
SRR9860122.10	ERR485020.256216	100.000	96	0	0	132	227	1	96	1.14e-43	178
SRR9860122.10	ERR485020.1645306	98.000	100	2	0	89	188	100	1	4.09e-43	176
SRR9860122.10	ERR485020.1621422	100.000	95	0	0	133	227	1	95	4.09e-43	176
SRR9860122.10	ERR485020.1609426	98.000	100	2	0	114	213	100	1	4.09e-43	176
SRR9860122.10	ERR485020.1599897	98.000	100	2	0	109	208	100	1	4.09e-43	176
SRR9860122.10	ERR485020.1547319	98.000	100	2	0	105	204	100	1	4.09e-43	176
SRR9860122.10	ERR485020.1535852	98.000	100	2	0	110	209	1	100	4.09e-43	176
SRR9860122.10	ERR485020.1508756	98.000	100	2	0	102	201	100	1	4.09e-43	176
SRR9860122.10	ERR485020.1480901	98.000	100	2	0	97	196	1	100	4.09e-43	176
SRR9860122.10	ERR485020.1453390	98.000	100	2	0	115	214	100	1	4.09e-43	176
SRR9860122.10	ERR485020.1409645	98.000	100	2	0	96	195	100	1	4.09e-43	176
SRR9860122.10	ERR485020.1397979	98.000	100	2	0	89	188	1	100	4.09e-43	176
SRR9860122.10	ERR485020.1237831	98.000	100	2	0	93	192	100	1	4.09e-43	176
SRR9860122.10	ERR485020.1206154	98.000	100	2	0	96	195	1	100	4.09e-43	176
SRR9860122.10	ERR485020.987313	98.000	100	2	0	89	188	1	100	4.09e-43	176
SRR9860122.10	ERR485020.863223	100.000	95	0	0	133	227	100	6	4.09e-43	176
SRR9860122.10	ERR485020.789774	98.000	100	2	0	103	202	1	100	4.09e-43	176
SRR9860122.10	ERR485020.749515	98.000	100	2	0	105	204	100	1	4.09e-43	176
SRR9860122.10	ERR485020.733113	98.000	100	2	0	96	195	1	100	4.09e-43	176
SRR9860122.10	ERR485020.725509	98.969	97	1	0	122	218	97	1	4.09e-43	176
SRR9860122.10	ERR485020.684454	98.000	100	2	0	89	188	1	100	4.09e-43	176
SRR9860122.10	ERR485020.674091	98.000	100	2	0	92	191	1	100	4.09e-43	176
SRR9860122.10	ERR485020.666515	98.000	100	2	0	94	193	100	1	4.09e-43	176
SRR9860122.10	ERR485020.627867	98.000	100	2	0	113	212	100	1	4.09e-43	176
SRR9860122.10	ERR485020.619450	98.000	100	2	0	108	207	100	1	4.09e-43	176
SRR9860122.10	ERR485020.606724	98.000	100	2	0	104	203	100	1	4.09e-43	176
SRR9860122.10	ERR485020.596262	98.000	100	2	0	105	204	100	1	4.09e-43	176
SRR9860122.10	ERR485020.539999	98.969	97	1	0	122	218	97	1	4.09e-43	176
SRR9860122.10	ERR485020.519283	98.000	100	2	0	119	218	1	100	4.09e-43	176
SRR9860122.10	ERR485020.468900	98.000	100	2	0	108	207	100	1	4.09e-43	176
SRR9860122.10	ERR485020.468900	98.000	100	2	0	97	196	1	100	4.09e-43	176
SRR9860122.10	ERR485020.340098	98.000	100	2	0	108	207	100	1	4.09e-43	176
SRR9860122.10	ERR485020.332473	98.000	100	2	0	93	192	100	1	4.09e-43	176
SRR9860122.10	ERR485020.317305	98.000	100	2	0	106	205	1	100	4.09e-43	176
SRR9860122.10	ERR485020.291804	98.000	100	2	0	88	187	1	100	4.09e-43	176
SRR9860122.10	ERR485020.291804	100.000	95	0	0	133	227	100	6	4.09e-43	176
SRR9860122.10	ERR485020.280331	98.000	100	2	0	105	204	1	100	4.09e-43	176
SRR9860122.10	ERR485020.244596	98.000	100	2	0	103	202	100	1	4.09e-43	176
SRR9860122.10	ERR485020.198476	98.969	97	1	0	122	218	97	1	4.09e-43	176
SRR9860122.10	ERR485020.173720	98.000	100	2	0	88	187	100	1	4.09e-43	176
SRR9860122.10	ERR485020.144333	98.000	100	2	0	108	207	100	1	4.09e-43	176
SRR9860122.10	ERR485020.141467	98.000	100	2	0	106	205	1	100	4.09e-43	176
SRR9860122.10	ERR485020.141310	98.000	100	2	0	92	191	1	100	4.09e-43	176
SRR9860122.10	ERR485020.138967	98.000	100	2	0	90	189	100	1	4.09e-43	176
SRR9860122.10	ERR485020.122488	98.000	100	2	0	108	207	100	1	4.09e-43	176
SRR9860122.10	ERR485020.1683160	97.000	100	3	0	143	242	1	100	1.47e-42	174
SRR9860122.10	ERR485020.1546231	97.000	100	3	0	139	238	100	1	1.47e-42	174
SRR9860122.10	ERR485020.1535852	97.000	100	3	0	147	246	100	1	1.47e-42	174
SRR9860122.10	ERR485020.1487874	100.000	94	0	0	134	227	1	94	1.47e-42	174
SRR9860122.10	ERR485020.1343323	97.000	100	3	0	150	249	1	100	1.47e-42	174
SRR9860122.10	ERR485020.1312992	97.000	100	3	0	142	241	1	100	1.47e-42	174
SRR9860122.10	ERR485020.1292891	97.000	100	3	0	148	247	100	1	1.47e-42	174
SRR9860122.10	ERR485020.1168142	97.000	100	3	0	141	240	100	1	1.47e-42	174
SRR9860122.10	ERR485020.1046884	97.000	100	3	0	147	246	1	100	1.47e-42	174
SRR9860122.10	ERR485020.1019526	97.000	100	3	0	150	249	100	1	1.47e-42	174
SRR9860122.10	ERR485020.987313	97.000	100	3	0	151	250	100	1	1.47e-42	174
SRR9860122.10	ERR485020.892621	97.000	100	3	0	150	249	100	1	1.47e-42	174
SRR9860122.10	ERR485020.864433	97.000	100	3	0	146	245	1	100	1.47e-42	174
SRR9860122.10	ERR485020.601995	97.000	100	3	0	148	247	100	1	1.47e-42	174
SRR9860122.10	ERR485020.565126	97.000	100	3	0	150	249	100	1	1.47e-42	174
SRR9860122.10	ERR485020.482311	97.000	100	3	0	143	242	100	1	1.47e-42	174
SRR9860122.10	ERR485020.341454	97.000	100	3	0	146	245	1	100	1.47e-42	174
SRR9860122.10	ERR485020.161178	97.000	100	3	0	147	246	1	100	1.47e-42	174
SRR9860122.10	ERR485020.143340	97.980	99	2	0	88	186	99	1	1.47e-42	174
SRR9860122.10	ERR485020.135618	97.000	100	3	0	149	248	1	100	1.47e-42	174
SRR9860122.10	ERR485020.110637	97.000	100	3	0	137	236	1	100	1.47e-42	174
SRR9860122.10	ERR485020.91292	97.000	100	3	0	143	242	100	1	1.47e-42	174
SRR9860122.10	ERR485020.968157	100.000	93	0	0	135	227	100	8	5.29e-42	172
SRR9860122.10	ERR485020.1539022	100.000	92	0	0	136	227	100	9	1.90e-41	171
SRR9860122.10	ERR485020.1139482	96.939	98	3	0	63	160	98	1	1.90e-41	171
SRR9860122.10	ERR485020.140004	96.939	98	3	0	153	250	1	98	1.90e-41	171
SRR9860122.10	ERR485020.1641310	97.917	96	2	0	88	183	96	1	6.84e-41	169
SRR9860122.10	ERR485020.1488653	96.000	100	4	0	82	181	100	1	6.84e-41	169
SRR9860122.10	ERR485020.1468567	96.000	100	4	0	73	172	100	1	6.84e-41	169
SRR9860122.10	ERR485020.1460979	96.000	100	4	0	72	171	1	100	6.84e-41	169
SRR9860122.10	ERR485020.1419339	96.000	100	4	0	65	164	100	1	6.84e-41	169
SRR9860122.10	ERR485020.1360783	96.000	100	4	0	82	181	100	1	6.84e-41	169
SRR9860122.10	ERR485020.1314209	96.000	100	4	0	68	167	1	100	6.84e-41	169
SRR9860122.10	ERR485020.1303365	96.000	100	4	0	65	164	1	100	6.84e-41	169
SRR9860122.10	ERR485020.1168142	96.000	100	4	0	75	174	1	100	6.84e-41	169
SRR9860122.10	ERR485020.1148982	96.000	100	4	0	150	249	100	1	6.84e-41	169
SRR9860122.10	ERR485020.1131095	96.000	100	4	0	81	180	1	100	6.84e-41	169
SRR9860122.10	ERR485020.1048499	97.917	96	2	0	88	183	5	100	6.84e-41	169
SRR9860122.10	ERR485020.1042629	96.000	100	4	0	73	172	100	1	6.84e-41	169
SRR9860122.10	ERR485020.926352	96.000	100	4	0	64	163	100	1	6.84e-41	169
SRR9860122.10	ERR485020.850500	96.000	100	4	0	82	181	1	100	6.84e-41	169
SRR9860122.10	ERR485020.675648	96.000	100	4	0	65	164	100	1	6.84e-41	169
SRR9860122.10	ERR485020.638341	96.000	100	4	0	68	167	100	1	6.84e-41	169
SRR9860122.10	ERR485020.627867	96.000	100	4	0	66	165	1	100	6.84e-41	169
SRR9860122.10	ERR485020.411398	96.000	100	4	0	66	165	100	1	6.84e-41	169
SRR9860122.10	ERR485020.348956	96.000	100	4	0	71	170	1	100	6.84e-41	169
SRR9860122.10	ERR485020.348956	96.000	100	4	0	143	242	100	1	6.84e-41	169
SRR9860122.10	ERR485020.336170	96.000	100	4	0	72	171	1	100	6.84e-41	169
SRR9860122.10	ERR485020.332473	96.000	100	4	0	66	165	1	100	6.84e-41	169
SRR9860122.10	ERR485020.152602	96.000	100	4	0	80	179	1	100	6.84e-41	169
SRR9860122.10	ERR485020.144333	96.000	100	4	0	64	163	1	100	6.84e-41	169
SRR9860122.10	ERR485020.117617	96.907	97	3	0	154	250	100	4	6.84e-41	169
SRR9860122.10	ERR485020.749515	97.895	95	2	0	88	182	6	100	2.46e-40	167
SRR9860122.10	ERR485020.242452	97.895	95	2	0	88	182	95	1	2.46e-40	167
SRR9860122.10	ERR485020.1520787	95.918	98	4	0	63	160	98	1	8.85e-40	165
SRR9860122.10	ERR485020.888071	95.000	100	5	0	58	157	100	1	8.85e-40	165
SRR9860122.10	ERR485020.858488	95.000	100	5	0	59	158	1	100	8.85e-40	165
SRR9860122.10	ERR485020.685613	96.842	95	3	0	156	250	100	6	8.85e-40	165
SRR9860122.10	ERR485020.608259	95.000	100	5	0	80	179	1	100	8.85e-40	165
SRR9860122.10	ERR485020.513319	95.000	100	5	0	58	157	100	1	8.85e-40	165
SRR9860122.10	ERR485020.452036	95.000	100	5	0	56	155	1	100	8.85e-40	165
SRR9860122.10	ERR485020.420800	95.000	100	5	0	59	158	100	1	8.85e-40	165
SRR9860122.10	ERR485020.1701889	96.875	96	3	0	88	183	5	100	3.18e-39	163
SRR9860122.10	ERR485020.1660390	94.949	99	5	0	54	152	99	1	3.18e-39	163
SRR9860122.10	ERR485020.561283	94.949	99	5	0	54	152	99	1	3.18e-39	163
SRR9860122.10	ERR485020.1546231	94.000	100	6	0	16	115	1	100	1.15e-38	161
SRR9860122.10	ERR485020.1527949	94.000	100	6	0	18	117	1	100	1.15e-38	161
SRR9860122.10	ERR485020.1508756	94.000	100	6	0	13	112	1	100	1.15e-38	161
SRR9860122.10	ERR485020.1476991	94.000	100	6	0	10	109	100	1	1.15e-38	161
SRR9860122.10	ERR485020.1459358	94.000	100	6	0	1	100	100	1	1.15e-38	161
SRR9860122.10	ERR485020.1419339	94.000	100	6	0	12	111	1	100	1.15e-38	161
SRR9860122.10	ERR485020.1373882	94.000	100	6	0	17	116	1	100	1.15e-38	161
SRR9860122.10	ERR485020.1220128	94.000	100	6	0	5	104	100	1	1.15e-38	161
SRR9860122.10	ERR485020.1195032	94.000	100	6	0	19	118	100	1	1.15e-38	161
SRR9860122.10	ERR485020.1062757	94.000	100	6	0	46	145	100	1	1.15e-38	161
SRR9860122.10	ERR485020.1042629	94.000	100	6	0	3	102	1	100	1.15e-38	161
SRR9860122.10	ERR485020.965639	94.000	100	6	0	1	100	100	1	1.15e-38	161
SRR9860122.10	ERR485020.944250	94.000	100	6	0	2	101	100	1	1.15e-38	161
SRR9860122.10	ERR485020.888071	94.000	100	6	0	3	102	1	100	1.15e-38	161
SRR9860122.10	ERR485020.863073	94.000	100	6	0	21	120	100	1	1.15e-38	161
SRR9860122.10	ERR485020.837805	94.000	100	6	0	49	148	100	1	1.15e-38	161
SRR9860122.10	ERR485020.760539	94.000	100	6	0	20	119	100	1	1.15e-38	161
SRR9860122.10	ERR485020.728727	94.000	100	6	0	10	109	100	1	1.15e-38	161
SRR9860122.10	ERR485020.662281	94.000	100	6	0	48	147	100	1	1.15e-38	161
SRR9860122.10	ERR485020.657086	94.000	100	6	0	7	106	100	1	1.15e-38	161
SRR9860122.10	ERR485020.619450	94.000	100	6	0	6	105	1	100	1.15e-38	161
SRR9860122.10	ERR485020.608113	96.774	93	3	0	158	250	1	93	1.15e-38	161
SRR9860122.10	ERR485020.575220	94.000	100	6	0	1	100	100	1	1.15e-38	161
SRR9860122.10	ERR485020.573523	94.000	100	6	0	10	109	100	1	1.15e-38	161
SRR9860122.10	ERR485020.436119	94.000	100	6	0	48	147	1	100	1.15e-38	161
SRR9860122.10	ERR485020.318629	94.000	100	6	0	14	113	100	1	1.15e-38	161
SRR9860122.10	ERR485020.293393	94.000	100	6	0	51	150	1	100	1.15e-38	161
SRR9860122.10	ERR485020.242452	94.000	100	6	0	20	119	1	100	1.15e-38	161
SRR9860122.10	ERR485020.190514	94.000	100	6	0	19	118	100	1	1.15e-38	161
SRR9860122.10	ERR485020.179121	94.000	100	6	0	7	106	100	1	1.15e-38	161
SRR9860122.10	ERR485020.140862	94.000	100	6	0	18	117	100	1	1.15e-38	161
SRR9860122.10	ERR485020.130423	94.000	100	6	0	49	148	1	100	1.15e-38	161
SRR9860122.10	ERR485020.122488	94.000	100	6	0	12	111	1	100	1.15e-38	161
SRR9860122.10	ERR485020.116444	94.000	100	6	0	20	119	1	100	1.15e-38	161
SRR9860122.10	ERR485020.95449	94.000	100	6	0	47	146	100	1	1.15e-38	161
SRR9860122.10	ERR485020.1373749	96.739	92	3	0	159	250	100	9	4.12e-38	159
SRR9860122.10	ERR485020.1291089	96.739	92	3	0	159	250	1	92	4.12e-38	159
SRR9860122.10	ERR485020.1208071	94.000	100	6	0	60	159	1	100	4.12e-38	159
SRR9860122.10	ERR485020.1185605	93.939	99	6	0	1	99	2	100	4.12e-38	159
SRR9860122.10	ERR485020.472115	96.739	92	3	0	159	250	1	92	4.12e-38	159
SRR9860122.10	ERR485020.1630392	93.878	98	6	0	23	120	100	3	1.48e-37	158
SRR9860122.10	ERR485020.1361665	96.703	91	3	0	160	250	100	10	1.48e-37	158
SRR9860122.10	ERR485020.1202294	93.878	98	6	0	23	120	100	3	1.48e-37	158
SRR9860122.10	ERR485020.763293	96.703	91	3	0	160	250	100	10	1.48e-37	158
SRR9860122.10	ERR485020.664504	96.703	91	3	0	160	250	1	91	1.48e-37	158
SRR9860122.10	ERR485020.440516	93.878	98	6	0	1	98	98	1	1.48e-37	158
SRR9860122.10	ERR485020.414255	93.878	98	6	0	1	98	98	1	1.48e-37	158
SRR9860122.10	ERR485020.248764	93.878	98	6	0	23	120	100	3	1.48e-37	158
SRR9860122.10	ERR485020.223738	93.000	100	7	0	43	142	100	1	1.48e-37	158
SRR9860122.10	ERR485020.1699571	93.000	100	7	0	26	125	100	1	5.33e-37	156
SRR9860122.10	ERR485020.1585466	93.000	100	7	0	25	124	100	1	5.33e-37	156
SRR9860122.10	ERR485020.1442752	93.000	100	7	0	25	124	100	1	5.33e-37	156
SRR9860122.10	ERR485020.1385610	93.000	100	7	0	26	125	100	1	5.33e-37	156
SRR9860122.10	ERR485020.972542	93.000	100	7	0	24	123	100	1	5.33e-37	156
SRR9860122.10	ERR485020.744673	93.000	100	7	0	25	124	1	100	5.33e-37	156
SRR9860122.10	ERR485020.601995	93.000	100	7	0	29	128	1	100	5.33e-37	156
SRR9860122.10	ERR485020.539999	93.000	100	7	0	28	127	1	100	5.33e-37	156
SRR9860122.10	ERR485020.279194	93.000	100	7	0	27	126	100	1	5.33e-37	156
SRR9860122.10	ERR485020.1271576	92.857	98	7	0	43	140	3	100	1.92e-36	154
SRR9860122.10	ERR485020.1054860	96.629	89	3	0	162	250	100	12	1.92e-36	154
SRR9860122.10	ERR485020.929926	96.629	89	3	0	162	250	100	12	1.92e-36	154
SRR9860122.10	ERR485020.926352	93.750	96	6	0	1	96	5	100	1.92e-36	154
SRR9860122.10	ERR485020.1454096	92.000	100	8	0	36	135	100	1	6.89e-36	152
SRR9860122.10	ERR485020.1432489	92.000	100	8	0	39	138	1	100	6.89e-36	152
SRR9860122.10	ERR485020.1409645	92.000	100	8	0	39	138	1	100	6.89e-36	152
SRR9860122.10	ERR485020.1328586	92.000	100	8	0	35	134	1	100	6.89e-36	152
SRR9860122.10	ERR485020.1292864	92.000	100	8	0	33	132	1	100	6.89e-36	152
SRR9860122.10	ERR485020.1148982	93.684	95	6	0	1	95	6	100	6.89e-36	152
SRR9860122.10	ERR485020.1147946	92.000	100	8	0	36	135	100	1	6.89e-36	152
SRR9860122.10	ERR485020.968157	92.000	100	8	0	34	133	1	100	6.89e-36	152
SRR9860122.10	ERR485020.835312	92.000	100	8	0	37	136	100	1	6.89e-36	152
SRR9860122.10	ERR485020.789106	92.000	100	8	0	39	138	1	100	6.89e-36	152
SRR9860122.10	ERR485020.737672	96.591	88	3	0	163	250	100	13	6.89e-36	152
SRR9860122.10	ERR485020.671684	92.000	100	8	0	33	132	100	1	6.89e-36	152
SRR9860122.10	ERR485020.480205	92.857	98	7	0	32	129	1	98	6.89e-36	152
SRR9860122.10	ERR485020.173720	92.000	100	8	0	34	133	1	100	6.89e-36	152
SRR9860122.10	ERR485020.138967	92.857	98	7	0	32	129	1	98	6.89e-36	152
SRR9860122.10	ERR485020.107023	92.857	98	7	0	32	129	1	98	6.89e-36	152
SRR9860122.10	ERR485020.116444	96.552	87	3	0	164	250	100	14	2.48e-35	150
SRR9860122.10	ERR485020.1625481	92.708	96	7	0	1	96	96	1	8.92e-35	148
SRR9860122.10	ERR485020.1139482	93.548	93	6	0	1	93	8	100	8.92e-35	148
SRR9860122.10	ERR485020.451542	93.548	93	6	0	1	93	93	1	8.92e-35	148
SRR9860122.10	ERR485020.209585	96.512	86	3	0	165	250	1	86	8.92e-35	148
SRR9860122.10	ERR485020.1681160	93.407	91	6	0	1	91	91	1	1.15e-33	145
SRR9860122.10	ERR485020.1328586	96.429	84	3	0	167	250	100	17	1.15e-33	145
SRR9860122.10	ERR485020.514829	93.407	91	6	0	1	91	91	1	1.15e-33	145
SRR9860122.10	ERR485020.1487874	95.349	86	4	0	165	250	100	15	4.15e-33	143
SRR9860122.10	ERR485020.603162	96.386	83	3	0	168	250	1	83	4.15e-33	143
SRR9860122.10	ERR485020.1520787	95.294	85	4	0	1	85	12	96	1.49e-32	141
SRR9860122.10	ERR485020.1453390	95.294	85	4	0	1	85	15	99	1.49e-32	141
SRR9860122.10	ERR485020.1202294	95.294	85	4	0	1	85	12	96	1.49e-32	141
SRR9860122.10	ERR485020.937857	95.294	85	4	0	1	85	88	4	1.49e-32	141
SRR9860122.10	ERR485020.933666	95.294	85	4	0	1	85	11	95	1.49e-32	141
SRR9860122.10	ERR485020.675648	95.294	85	4	0	1	85	16	100	1.49e-32	141
SRR9860122.10	ERR485020.666322	95.294	85	4	0	1	85	13	97	1.49e-32	141
SRR9860122.10	ERR485020.662281	95.294	85	4	0	1	85	13	97	1.49e-32	141
SRR9860122.10	ERR485020.442499	95.294	85	4	0	1	85	88	4	1.49e-32	141
SRR9860122.10	ERR485020.411398	95.294	85	4	0	1	85	13	97	1.49e-32	141
SRR9860122.10	ERR485020.350700	95.294	85	4	0	1	85	12	96	1.49e-32	141
SRR9860122.10	ERR485020.109739	96.341	82	3	0	169	250	1	82	1.49e-32	141
SRR9860122.10	ERR485020.91292	95.294	85	4	0	1	85	14	98	1.49e-32	141
SRR9860122.10	ERR485020.953559	96.296	81	3	0	170	250	1	81	5.37e-32	139
SRR9860122.10	ERR485020.1507238	96.203	79	3	0	172	250	100	22	6.94e-31	135
SRR9860122.10	ERR485020.1587848	95.062	81	4	0	1	81	81	1	2.50e-30	134
SRR9860122.10	ERR485020.1048499	96.154	78	3	0	173	250	100	23	2.50e-30	134
SRR9860122.10	ERR485020.892621	95.062	81	4	0	1	81	20	100	2.50e-30	134
SRR9860122.10	ERR485020.858488	96.154	78	3	0	173	250	100	23	2.50e-30	134
SRR9860122.10	ERR485020.969622	95.000	80	4	0	1	80	80	1	8.98e-30	132
SRR9860122.10	ERR485020.1401151	96.053	76	3	0	175	250	100	25	3.23e-29	130
SRR9860122.10	ERR485020.1381579	96.053	76	3	0	175	250	1	76	3.23e-29	130
SRR9860122.10	ERR485020.1298424	96.053	76	3	0	175	250	1	76	3.23e-29	130
SRR9860122.10	ERR485020.666322	96.053	76	3	0	175	250	100	25	3.23e-29	130
SRR9860122.10	ERR485020.319823	96.053	76	3	0	175	250	1	76	3.23e-29	130
SRR9860122.10	ERR485020.1131508	94.872	78	4	0	1	78	78	1	1.16e-28	128
SRR9860122.10	ERR485020.1082840	96.000	75	3	0	176	250	1	75	1.16e-28	128
SRR9860122.10	ERR485020.863073	94.872	78	4	0	1	78	23	100	1.16e-28	128
SRR9860122.10	ERR485020.638341	94.872	78	4	0	1	78	23	100	1.16e-28	128
SRR9860122.10	ERR485020.621152	94.872	78	4	0	1	78	78	1	1.16e-28	128
SRR9860122.10	ERR485020.280331	96.000	75	3	0	176	250	100	26	1.16e-28	128
SRR9860122.10	ERR485020.515282	94.805	77	4	0	1	77	24	100	4.18e-28	126
SRR9860122.10	ERR485020.1003594	95.833	72	3	0	179	250	100	29	5.40e-27	122
SRR9860122.10	ERR485020.601470	94.595	74	4	0	1	74	74	1	1.94e-26	121
SRR9860122.10	ERR485020.420800	94.595	74	4	0	1	74	27	100	1.94e-26	121
SRR9860122.10	ERR485020.179121	94.595	74	4	0	1	74	27	100	1.94e-26	121
SRR9860122.10	ERR485020.1580238	95.714	70	3	0	181	250	100	31	6.99e-26	119
SRR9860122.10	ERR485020.333388	94.521	73	4	0	1	73	28	100	6.99e-26	119
SRR9860122.10	ERR485020.141789	94.521	73	4	0	1	73	73	1	6.99e-26	119
SRR9860122.10	ERR485020.1131095	95.652	69	3	0	182	250	100	32	2.51e-25	117
SRR9860122.10	ERR485020.620856	92.105	76	6	0	1	76	25	100	2.51e-25	117
SRR9860122.10	ERR485020.1432489	95.588	68	3	0	183	250	100	33	9.04e-25	115
SRR9860122.10	ERR485020.763293	94.366	71	4	0	1	71	30	100	9.04e-25	115
SRR9860122.10	ERR485020.317305	95.588	68	3	0	183	250	100	33	9.04e-25	115
SRR9860122.10	ERR485020.1372886	94.286	70	4	0	181	250	100	31	3.25e-24	113
SRR9860122.10	ERR485020.733113	95.522	67	3	0	184	250	100	34	3.25e-24	113
SRR9860122.10	ERR485020.1609426	94.203	69	4	0	1	69	32	100	1.17e-23	111
SRR9860122.10	ERR485020.1361665	94.203	69	4	0	1	69	32	100	1.17e-23	111
SRR9860122.10	ERR485020.1618671	94.118	68	4	0	1	68	68	1	4.21e-23	110
SRR9860122.10	ERR485020.1244364	94.030	67	4	0	1	67	67	1	1.51e-22	108
SRR9860122.10	ERR485020.229439	95.312	64	3	0	187	250	1	64	1.51e-22	108
SRR9860122.10	ERR485020.1699571	93.939	66	4	0	1	66	35	100	5.44e-22	106
SRR9860122.10	ERR485020.983543	95.238	63	3	0	188	250	1	63	5.44e-22	106
SRR9860122.10	ERR485020.606226	95.238	63	3	0	188	250	1	63	5.44e-22	106
SRR9860122.10	ERR485020.1466718	95.161	62	3	0	189	250	1	62	1.96e-21	104
SRR9860122.10	ERR485020.107023	95.082	61	3	0	190	250	100	40	7.04e-21	102
SRR9860122.10	ERR485020.1585834	95.082	61	3	0	1	61	63	3	2.53e-20	100
SRR9860122.10	ERR485020.1432673	95.082	61	3	0	1	61	61	1	2.53e-20	100
SRR9860122.10	ERR485020.1354481	95.082	61	3	0	1	61	62	2	2.53e-20	100
SRR9860122.10	ERR485020.666807	95.082	61	3	0	1	61	61	1	2.53e-20	100
SRR9860122.10	ERR485020.189093	95.000	60	3	0	191	250	1	60	2.53e-20	100
SRR9860122.10	ERR485020.1567963	94.915	59	3	0	192	250	1	59	9.11e-20	99.0
SRR9860122.10	ERR485020.143340	95.000	60	3	0	1	60	41	100	9.11e-20	99.0
SRR9860122.10	ERR485020.1070936	94.915	59	3	0	1	59	41	99	3.28e-19	97.1
SRR9860122.10	ERR485020.203027	91.045	67	6	0	1	67	67	1	3.28e-19	97.1
SRR9860122.10	ERR485020.885910	94.828	58	3	0	1	58	43	100	1.18e-18	95.3
SRR9860122.10	ERR485020.248764	94.828	58	3	0	1	58	43	100	1.18e-18	95.3
SRR9860122.10	ERR485020.108322	94.737	57	3	0	194	250	100	44	1.18e-18	95.3
SRR9860122.10	ERR485020.1459358	94.737	57	3	0	1	57	44	100	4.24e-18	93.5
SRR9860122.10	ERR485020.575220	94.737	57	3	0	1	57	44	100	4.24e-18	93.5
SRR9860122.10	ERR485020.1054860	94.643	56	3	0	1	56	45	100	1.52e-17	91.6
SRR9860122.10	ERR485020.873924	94.545	55	3	0	196	250	1	55	1.52e-17	91.6
SRR9860122.10	ERR485020.695335	94.545	55	3	0	196	250	1	55	1.52e-17	91.6
SRR9860122.10	ERR485020.318629	94.545	55	3	0	1	55	46	100	5.48e-17	89.8
SRR9860122.10	ERR485020.1192633	94.340	53	3	0	198	250	1	53	1.97e-16	87.9
SRR9860122.10	ERR485020.515282	94.340	53	3	0	198	250	100	48	1.97e-16	87.9
SRR9860122.10	ERR485020.1648572	94.231	52	3	0	199	250	1	52	7.09e-16	86.1
SRR9860122.10	ERR485020.1314209	94.231	52	3	0	199	250	100	49	7.09e-16	86.1
SRR9860122.10	ERR485020.1291089	94.231	52	3	0	199	250	100	49	7.09e-16	86.1
SRR9860122.10	ERR485020.480205	94.231	52	3	0	199	250	100	49	7.09e-16	86.1
SRR9860122.10	ERR485020.256894	94.231	52	3	0	199	250	1	52	7.09e-16	86.1
SRR9860122.10	ERR485020.128491	94.118	51	3	0	200	250	100	50	2.55e-15	84.2
SRR9860122.10	ERR485020.1469056	95.918	49	2	0	1	49	49	1	9.17e-15	82.4
SRR9860122.10	ERR485020.1183196	95.918	49	2	0	1	49	52	100	9.17e-15	82.4
SRR9860122.10	ERR485020.195054	95.918	49	2	0	1	49	52	100	9.17e-15	82.4
SRR9860122.10	ERR485020.728727	95.745	47	2	0	1	47	54	100	1.19e-13	78.7
SRR9860122.10	ERR485020.1585466	100.000	41	0	0	1	41	57	97	4.27e-13	76.8
SRR9860122.10	ERR485020.1237831	100.000	41	0	0	1	41	60	100	4.27e-13	76.8
SRR9860122.10	ERR485020.1068983	100.000	41	0	0	1	41	56	96	4.27e-13	76.8
SRR9860122.10	ERR485020.657086	100.000	41	0	0	1	41	55	95	4.27e-13	76.8
SRR9860122.10	ERR485020.561283	100.000	41	0	0	1	41	57	97	4.27e-13	76.8
SRR9860122.10	ERR485020.474929	100.000	41	0	0	1	41	43	3	4.27e-13	76.8
SRR9860122.10	ERR485020.442499	100.000	41	0	0	1	41	55	95	4.27e-13	76.8
SRR9860122.10	ERR485020.247488	100.000	41	0	0	1	41	59	99	4.27e-13	76.8
SRR9860122.10	ERR485020.1220128	100.000	39	0	0	1	39	62	100	5.52e-12	73.1
SRR9860122.10	ERR485020.244596	100.000	39	0	0	1	39	62	100	5.52e-12	73.1
SRR9860122.10	ERR485020.970316	100.000	38	0	0	1	38	38	1	1.99e-11	71.3
SRR9860122.10	ERR485020.958693	88.462	52	6	0	199	250	100	49	7.14e-11	69.4
SRR9860122.10	ERR485020.1372886	97.436	39	1	0	1	39	62	100	2.57e-10	67.6
SRR9860122.10	ERR485020.1106159	97.436	39	1	0	1	39	39	1	2.57e-10	67.6
SRR9860122.10	ERR485020.1360783	100.000	34	0	0	1	34	67	100	3.32e-09	63.9
SRR9860122.10	ERR485020.1373749	100.000	33	0	0	1	33	68	100	1.19e-08	62.1
SRR9860122.10	ERR485020.1342540	100.000	33	0	0	1	33	33	1	1.19e-08	62.1
SRR9860122.10	ERR485020.1230107	100.000	32	0	0	1	32	32	1	4.30e-08	60.2
SRR9860122.10	ERR485020.945498	100.000	32	0	0	1	32	69	100	4.30e-08	60.2
SRR9860122.10	ERR485020.1689702	100.000	31	0	0	1	31	31	1	1.55e-07	58.4
SRR9860122.10	ERR485020.965639	100.000	31	0	0	1	31	70	100	1.55e-07	58.4
SRR9860122.10	ERR485020.918548	100.000	30	0	0	1	30	71	100	5.56e-07	56.5
SRR9860122.10	ERR485020.725509	100.000	29	0	0	1	29	72	100	2.00e-06	54.7
SRR9860122.10	ERR485020.1567963	99.000	100	1	0	45	144	100	1	8.67e-45	182
SRR9860122.10	ERR485020.189093	99.000	100	1	0	46	145	100	1	8.67e-45	182
SRR9860122.10	ERR485020.107023	98.990	99	1	0	47	145	1	99	3.12e-44	180
SRR9860122.10	ERR485020.1466718	98.980	98	1	0	48	145	100	3	1.12e-43	178
SRR9860122.10	ERR485020.108322	98.980	98	1	0	45	142	3	100	1.12e-43	178
SRR9860122.10	ERR485020.983543	98.969	97	1	0	49	145	100	4	4.03e-43	176
SRR9860122.10	ERR485020.606226	98.969	97	1	0	49	145	100	4	4.03e-43	176
SRR9860122.10	ERR485020.1648572	97.000	100	3	0	38	137	100	1	1.45e-42	174
SRR9860122.10	ERR485020.1580238	97.000	100	3	0	56	155	1	100	1.45e-42	174
SRR9860122.10	ERR485020.1512238	97.000	100	3	0	34	133	1	100	1.45e-42	174
SRR9860122.10	ERR485020.1509616	97.000	100	3	0	33	132	1	100	1.45e-42	174
SRR9860122.10	ERR485020.1447017	97.000	100	3	0	33	132	100	1	1.45e-42	174
SRR9860122.10	ERR485020.1432489	97.000	100	3	0	54	153	1	100	1.45e-42	174
SRR9860122.10	ERR485020.1401151	97.000	100	3	0	62	161	1	100	1.45e-42	174
SRR9860122.10	ERR485020.1381579	97.000	100	3	0	62	161	100	1	1.45e-42	174
SRR9860122.10	ERR485020.1314209	97.000	100	3	0	38	137	1	100	1.45e-42	174
SRR9860122.10	ERR485020.1298424	97.000	100	3	0	62	161	100	1	1.45e-42	174
SRR9860122.10	ERR485020.1291089	97.000	100	3	0	38	137	1	100	1.45e-42	174
SRR9860122.10	ERR485020.1192633	97.000	100	3	0	39	138	100	1	1.45e-42	174
SRR9860122.10	ERR485020.1131095	97.000	100	3	0	55	154	1	100	1.45e-42	174
SRR9860122.10	ERR485020.1082840	97.000	100	3	0	61	160	100	1	1.45e-42	174
SRR9860122.10	ERR485020.1048499	97.000	100	3	0	64	163	1	100	1.45e-42	174
SRR9860122.10	ERR485020.1003594	97.000	100	3	0	58	157	1	100	1.45e-42	174
SRR9860122.10	ERR485020.873924	98.958	96	1	0	45	140	96	1	1.45e-42	174
SRR9860122.10	ERR485020.858488	97.000	100	3	0	64	163	1	100	1.45e-42	174
SRR9860122.10	ERR485020.733113	97.000	100	3	0	53	152	1	100	1.45e-42	174
SRR9860122.10	ERR485020.715880	97.000	100	3	0	34	133	100	1	1.45e-42	174
SRR9860122.10	ERR485020.695335	98.958	96	1	0	45	140	96	1	1.45e-42	174
SRR9860122.10	ERR485020.666322	97.000	100	3	0	62	161	1	100	1.45e-42	174
SRR9860122.10	ERR485020.614736	97.000	100	3	0	35	134	100	1	1.45e-42	174
SRR9860122.10	ERR485020.515282	97.000	100	3	0	39	138	1	100	1.45e-42	174
SRR9860122.10	ERR485020.480205	97.000	100	3	0	38	137	1	100	1.45e-42	174
SRR9860122.10	ERR485020.425057	97.000	100	3	0	35	134	100	1	1.45e-42	174
SRR9860122.10	ERR485020.342492	97.000	100	3	0	34	133	100	1	1.45e-42	174
SRR9860122.10	ERR485020.319823	97.000	100	3	0	62	161	100	1	1.45e-42	174
SRR9860122.10	ERR485020.317305	97.000	100	3	0	54	153	1	100	1.45e-42	174
SRR9860122.10	ERR485020.280331	97.000	100	3	0	61	160	1	100	1.45e-42	174
SRR9860122.10	ERR485020.256894	97.000	100	3	0	38	137	100	1	1.45e-42	174
SRR9860122.10	ERR485020.229439	98.958	96	1	0	50	145	100	5	1.45e-42	174
SRR9860122.10	ERR485020.212044	97.000	100	3	0	35	134	100	1	1.45e-42	174
SRR9860122.10	ERR485020.152602	97.000	100	3	0	32	131	1	100	1.45e-42	174
SRR9860122.10	ERR485020.130716	97.000	100	3	0	35	134	100	1	1.45e-42	174
SRR9860122.10	ERR485020.128491	97.000	100	3	0	37	136	1	100	1.45e-42	174
SRR9860122.10	ERR485020.1507238	96.970	99	3	0	65	163	1	99	5.22e-42	172
SRR9860122.10	ERR485020.1312992	96.939	98	3	0	32	129	3	100	1.88e-41	171
SRR9860122.10	ERR485020.374517	96.939	98	3	0	32	129	98	1	1.88e-41	171
SRR9860122.10	ERR485020.1372886	96.000	100	4	0	56	155	1	100	6.75e-41	169
SRR9860122.10	ERR485020.1185605	96.907	97	3	0	32	128	4	100	6.75e-41	169
SRR9860122.10	ERR485020.1184452	96.907	97	3	0	32	128	4	100	6.75e-41	169
SRR9860122.10	ERR485020.953559	96.907	97	3	0	67	163	100	4	6.75e-41	169
SRR9860122.10	ERR485020.140004	95.960	99	4	0	85	183	99	1	6.75e-41	169
SRR9860122.10	ERR485020.1527949	95.000	100	5	0	8	107	1	100	2.43e-40	167
SRR9860122.10	ERR485020.1460979	95.000	100	5	0	18	117	1	100	2.43e-40	167
SRR9860122.10	ERR485020.1409974	95.000	100	5	0	20	119	100	1	2.43e-40	167
SRR9860122.10	ERR485020.1373749	95.000	100	5	0	78	177	1	100	2.43e-40	167
SRR9860122.10	ERR485020.1369035	95.000	100	5	0	5	104	1	100	2.43e-40	167
SRR9860122.10	ERR485020.1361665	95.000	100	5	0	77	176	1	100	2.43e-40	167
SRR9860122.10	ERR485020.1343323	95.000	100	5	0	17	116	1	100	2.43e-40	167
SRR9860122.10	ERR485020.1328586	95.000	100	5	0	70	169	1	100	2.43e-40	167
SRR9860122.10	ERR485020.1291089	95.000	100	5	0	78	177	100	1	2.43e-40	167
SRR9860122.10	ERR485020.1066493	95.000	100	5	0	12	111	100	1	2.43e-40	167
SRR9860122.10	ERR485020.1054860	95.000	100	5	0	75	174	1	100	2.43e-40	167
SRR9860122.10	ERR485020.1035688	95.000	100	5	0	11	110	100	1	2.43e-40	167
SRR9860122.10	ERR485020.1034083	95.000	100	5	0	10	109	100	1	2.43e-40	167
SRR9860122.10	ERR485020.1015100	95.000	100	5	0	7	106	100	1	2.43e-40	167
SRR9860122.10	ERR485020.987313	95.918	98	4	0	86	183	1	98	2.43e-40	167
SRR9860122.10	ERR485020.951022	95.000	100	5	0	21	120	100	1	2.43e-40	167
SRR9860122.10	ERR485020.945498	95.000	100	5	0	20	119	1	100	2.43e-40	167
SRR9860122.10	ERR485020.929926	95.000	100	5	0	75	174	1	100	2.43e-40	167
SRR9860122.10	ERR485020.835137	95.000	100	5	0	24	123	100	1	2.43e-40	167
SRR9860122.10	ERR485020.763293	95.000	100	5	0	77	176	1	100	2.43e-40	167
SRR9860122.10	ERR485020.737672	95.000	100	5	0	74	173	1	100	2.43e-40	167
SRR9860122.10	ERR485020.685613	95.000	100	5	0	81	180	1	100	2.43e-40	167
SRR9860122.10	ERR485020.664504	95.000	100	5	0	77	176	100	1	2.43e-40	167
SRR9860122.10	ERR485020.664504	95.000	100	5	0	2	101	1	100	2.43e-40	167
SRR9860122.10	ERR485020.608259	95.000	100	5	0	17	116	1	100	2.43e-40	167
SRR9860122.10	ERR485020.608113	95.000	100	5	0	79	178	100	1	2.43e-40	167
SRR9860122.10	ERR485020.526814	95.000	100	5	0	16	115	100	1	2.43e-40	167
SRR9860122.10	ERR485020.502576	96.875	96	3	0	32	127	96	1	2.43e-40	167
SRR9860122.10	ERR485020.472115	95.000	100	5	0	78	177	100	1	2.43e-40	167
SRR9860122.10	ERR485020.452036	95.000	100	5	0	13	112	1	100	2.43e-40	167
SRR9860122.10	ERR485020.393555	95.000	100	5	0	18	117	100	1	2.43e-40	167
SRR9860122.10	ERR485020.293393	95.000	100	5	0	19	118	1	100	2.43e-40	167
SRR9860122.10	ERR485020.242393	95.000	100	5	0	21	120	100	1	2.43e-40	167
SRR9860122.10	ERR485020.231887	95.960	99	4	0	32	130	2	100	2.43e-40	167
SRR9860122.10	ERR485020.230148	95.000	100	5	0	12	111	100	1	2.43e-40	167
SRR9860122.10	ERR485020.212044	95.000	100	5	0	4	103	1	100	2.43e-40	167
SRR9860122.10	ERR485020.209585	95.000	100	5	0	72	171	100	1	2.43e-40	167
SRR9860122.10	ERR485020.161178	95.000	100	5	0	18	117	1	100	2.43e-40	167
SRR9860122.10	ERR485020.153848	95.000	100	5	0	5	104	100	1	2.43e-40	167
SRR9860122.10	ERR485020.141310	95.000	100	5	0	21	120	1	100	2.43e-40	167
SRR9860122.10	ERR485020.117617	95.918	98	4	0	85	182	3	100	2.43e-40	167
SRR9860122.10	ERR485020.116444	95.000	100	5	0	73	172	1	100	2.43e-40	167
SRR9860122.10	ERR485020.109739	96.875	96	3	0	68	163	100	5	2.43e-40	167
SRR9860122.10	ERR485020.93588	95.000	100	5	0	16	115	100	1	2.43e-40	167
SRR9860122.10	ERR485020.1343323	95.876	97	4	0	87	183	100	4	8.73e-40	165
SRR9860122.10	ERR485020.1335203	96.842	95	3	0	32	126	95	1	8.73e-40	165
SRR9860122.10	ERR485020.1066270	94.949	99	5	0	2	100	99	1	8.73e-40	165
SRR9860122.10	ERR485020.1019526	95.876	97	4	0	87	183	1	97	8.73e-40	165
SRR9860122.10	ERR485020.892621	95.876	97	4	0	87	183	1	97	8.73e-40	165
SRR9860122.10	ERR485020.603162	96.842	95	3	0	69	163	100	6	8.73e-40	165
SRR9860122.10	ERR485020.565126	95.876	97	4	0	87	183	1	97	8.73e-40	165
SRR9860122.10	ERR485020.1683160	94.000	100	6	0	94	193	100	1	3.14e-39	163
SRR9860122.10	ERR485020.1621422	94.000	100	6	0	104	203	100	1	3.14e-39	163
SRR9860122.10	ERR485020.1580238	94.000	100	6	0	107	206	100	1	3.14e-39	163
SRR9860122.10	ERR485020.1546231	94.000	100	6	0	98	197	1	100	3.14e-39	163
SRR9860122.10	ERR485020.1539022	94.000	100	6	0	101	200	1	100	3.14e-39	163
SRR9860122.10	ERR485020.1535852	94.000	100	6	0	90	189	1	100	3.14e-39	163
SRR9860122.10	ERR485020.1487874	94.000	100	6	0	103	202	100	1	3.14e-39	163
SRR9860122.10	ERR485020.1312992	94.000	100	6	0	95	194	100	1	3.14e-39	163
SRR9860122.10	ERR485020.1292864	94.000	100	6	0	105	204	1	100	3.14e-39	163
SRR9860122.10	ERR485020.1206154	94.898	98	5	0	2	99	3	100	3.14e-39	163
SRR9860122.10	ERR485020.1168142	94.000	100	6	0	96	195	1	100	3.14e-39	163
SRR9860122.10	ERR485020.1046884	94.000	100	6	0	90	189	100	1	3.14e-39	163
SRR9860122.10	ERR485020.998335	94.898	98	5	0	2	99	98	1	3.14e-39	163
SRR9860122.10	ERR485020.968157	94.000	100	6	0	102	201	1	100	3.14e-39	163
SRR9860122.10	ERR485020.873924	94.898	98	5	0	2	99	3	100	3.14e-39	163
SRR9860122.10	ERR485020.864433	94.000	100	6	0	91	190	100	1	3.14e-39	163
SRR9860122.10	ERR485020.685613	94.000	100	6	0	105	204	100	1	3.14e-39	163
SRR9860122.10	ERR485020.584772	94.898	98	5	0	33	130	3	100	3.14e-39	163
SRR9860122.10	ERR485020.482311	94.000	100	6	0	94	193	1	100	3.14e-39	163
SRR9860122.10	ERR485020.341454	94.000	100	6	0	91	190	100	1	3.14e-39	163
SRR9860122.10	ERR485020.291804	94.000	100	6	0	104	203	1	100	3.14e-39	163
SRR9860122.10	ERR485020.256216	94.000	100	6	0	105	204	100	1	3.14e-39	163
SRR9860122.10	ERR485020.161178	94.000	100	6	0	90	189	100	1	3.14e-39	163
SRR9860122.10	ERR485020.135618	95.833	96	4	0	88	183	100	5	3.14e-39	163
SRR9860122.10	ERR485020.110637	94.000	100	6	0	100	199	100	1	3.14e-39	163
SRR9860122.10	ERR485020.108322	94.000	100	6	0	106	205	100	1	3.14e-39	163
SRR9860122.10	ERR485020.91292	94.000	100	6	0	94	193	1	100	3.14e-39	163
SRR9860122.10	ERR485020.1487874	94.000	100	6	0	72	171	1	100	1.13e-38	161
SRR9860122.10	ERR485020.1292891	95.789	95	4	0	89	183	1	95	1.13e-38	161
SRR9860122.10	ERR485020.1071260	94.000	100	6	0	7	106	100	1	1.13e-38	161
SRR9860122.10	ERR485020.1009321	94.000	100	6	0	7	106	100	1	1.13e-38	161
SRR9860122.10	ERR485020.601995	95.789	95	4	0	89	183	1	95	1.13e-38	161
SRR9860122.10	ERR485020.247488	93.939	99	6	0	108	206	1	99	1.13e-38	161
SRR9860122.10	ERR485020.1531898	93.000	100	7	0	115	214	100	1	4.06e-38	159
SRR9860122.10	ERR485020.1512238	93.000	100	7	0	112	211	100	1	4.06e-38	159
SRR9860122.10	ERR485020.1509616	93.000	100	7	0	112	211	100	1	4.06e-38	159
SRR9860122.10	ERR485020.1401151	93.878	98	6	0	109	206	100	3	4.06e-38	159
SRR9860122.10	ERR485020.1369035	93.000	100	7	0	111	210	100	1	4.06e-38	159
SRR9860122.10	ERR485020.1271576	94.792	96	5	0	2	97	5	100	4.06e-38	159
SRR9860122.10	ERR485020.1208071	93.878	98	6	0	109	206	1	98	4.06e-38	159
SRR9860122.10	ERR485020.1183196	93.000	100	7	0	110	209	1	100	4.06e-38	159
SRR9860122.10	ERR485020.1148982	94.845	97	5	0	87	183	1	97	4.06e-38	159
SRR9860122.10	ERR485020.1049761	93.000	100	7	0	113	212	100	1	4.06e-38	159
SRR9860122.10	ERR485020.863223	93.878	98	6	0	106	203	3	100	4.06e-38	159
SRR9860122.10	ERR485020.789774	94.792	96	5	0	2	97	5	100	4.06e-38	159
SRR9860122.10	ERR485020.789106	93.878	98	6	0	109	206	1	98	4.06e-38	159
SRR9860122.10	ERR485020.242816	93.000	100	7	0	115	214	100	1	4.06e-38	159
SRR9860122.10	ERR485020.130423	93.878	98	6	0	109	206	1	98	4.06e-38	159
SRR9860122.10	ERR485020.1460746	94.737	95	5	0	2	96	95	1	1.46e-37	158
SRR9860122.10	ERR485020.918548	94.000	100	6	0	63	162	1	100	1.46e-37	158
SRR9860122.10	ERR485020.348956	93.000	100	7	0	94	193	1	100	1.46e-37	158
SRR9860122.10	ERR485020.1148673	93.000	100	7	0	10	109	100	1	5.26e-37	156
SRR9860122.10	ERR485020.415019	94.681	94	5	0	2	95	94	1	5.26e-37	156
SRR9860122.10	ERR485020.336170	92.857	98	7	0	117	214	1	98	5.26e-37	156
SRR9860122.10	ERR485020.953559	94.624	93	5	0	2	94	8	100	1.89e-36	154
SRR9860122.10	ERR485020.725509	92.784	97	7	0	118	214	1	97	1.89e-36	154
SRR9860122.10	ERR485020.539999	92.784	97	7	0	118	214	1	97	1.89e-36	154
SRR9860122.10	ERR485020.519283	92.000	100	8	0	118	217	100	1	1.89e-36	154
SRR9860122.10	ERR485020.198476	92.784	97	7	0	118	214	1	97	1.89e-36	154
SRR9860122.10	ERR485020.958693	93.000	100	7	0	38	137	1	100	6.80e-36	152
SRR9860122.10	ERR485020.904951	94.565	92	5	0	2	93	92	1	6.80e-36	152
SRR9860122.10	ERR485020.744673	94.444	90	5	0	2	91	11	100	8.80e-35	148
SRR9860122.10	ERR485020.714125	94.444	90	5	0	2	91	11	100	8.80e-35	148
SRR9860122.10	ERR485020.436119	94.444	90	5	0	2	91	11	100	8.80e-35	148
SRR9860122.10	ERR485020.1682134	94.382	89	5	0	2	90	89	1	3.16e-34	147
SRR9860122.10	ERR485020.1466718	94.382	89	5	0	2	90	12	100	3.16e-34	147
SRR9860122.10	ERR485020.659530	94.318	88	5	0	2	89	88	1	1.14e-33	145
SRR9860122.10	ERR485020.1480901	93.333	90	6	0	2	91	11	100	4.09e-33	143
SRR9860122.10	ERR485020.1397979	94.253	87	5	0	2	88	14	100	4.09e-33	143
SRR9860122.10	ERR485020.425057	94.253	87	5	0	2	88	14	100	4.09e-33	143
SRR9860122.10	ERR485020.336763	94.253	87	5	0	2	88	87	1	4.09e-33	143
SRR9860122.10	ERR485020.1654996	94.186	86	5	0	2	87	86	1	1.47e-32	141
SRR9860122.10	ERR485020.1303365	94.118	85	5	0	2	86	16	100	5.29e-32	139
SRR9860122.10	ERR485020.1224046	95.122	82	4	0	2	83	84	3	1.90e-31	137
SRR9860122.10	ERR485020.1046884	95.122	82	4	0	2	83	19	100	1.90e-31	137
SRR9860122.10	ERR485020.229439	95.122	82	4	0	2	83	17	98	1.90e-31	137
SRR9860122.10	ERR485020.209585	95.122	82	4	0	2	83	17	98	1.90e-31	137
SRR9860122.10	ERR485020.184828	95.122	82	4	0	2	83	83	2	1.90e-31	137
SRR9860122.10	ERR485020.635180	90.909	99	9	0	45	143	1	99	6.85e-31	135
SRR9860122.10	ERR485020.242816	95.062	81	4	0	2	82	20	100	6.85e-31	135
SRR9860122.10	ERR485020.342492	95.000	80	4	0	2	81	21	100	2.46e-30	134
SRR9860122.10	ERR485020.691259	93.902	82	5	0	2	83	83	2	8.86e-30	132
SRR9860122.10	ERR485020.1251096	94.667	75	4	0	2	76	75	1	1.48e-27	124
SRR9860122.10	ERR485020.1031919	94.667	75	4	0	2	76	75	1	1.48e-27	124
SRR9860122.10	ERR485020.1654965	94.521	73	4	0	2	74	28	100	1.92e-26	121
SRR9860122.10	ERR485020.1139482	94.444	72	4	0	176	247	1	72	6.90e-26	119
SRR9860122.10	ERR485020.407470	94.444	72	4	0	2	73	72	1	6.90e-26	119
SRR9860122.10	ERR485020.135618	94.444	72	4	0	2	73	29	100	6.90e-26	119
SRR9860122.10	ERR485020.93588	94.444	72	4	0	2	73	29	100	6.90e-26	119
SRR9860122.10	ERR485020.1723308	94.366	71	4	0	2	72	71	1	2.48e-25	117
SRR9860122.10	ERR485020.897882	94.366	71	4	0	2	72	71	1	2.48e-25	117
SRR9860122.10	ERR485020.1030994	94.203	69	4	0	2	70	69	1	3.21e-24	113
SRR9860122.10	ERR485020.1704130	94.118	68	4	0	2	69	68	1	1.15e-23	111
SRR9860122.10	ERR485020.195054	94.118	68	4	0	2	69	33	100	1.15e-23	111
SRR9860122.10	ERR485020.1648572	94.030	67	4	0	2	68	34	100	4.15e-23	110
SRR9860122.10	ERR485020.1049761	94.030	67	4	0	2	68	34	100	4.15e-23	110
SRR9860122.10	ERR485020.192326	94.030	67	4	0	2	68	67	1	4.15e-23	110
SRR9860122.10	ERR485020.1034083	93.846	65	4	0	2	66	36	100	5.37e-22	106
SRR9860122.10	ERR485020.1032431	93.846	65	4	0	2	66	65	1	5.37e-22	106
SRR9860122.10	ERR485020.904951	93.846	65	4	0	2	66	36	100	5.37e-22	106
SRR9860122.10	ERR485020.864433	93.846	65	4	0	2	66	36	100	5.37e-22	106
SRR9860122.10	ERR485020.1621422	93.750	64	4	0	2	65	37	100	1.93e-21	104
SRR9860122.10	ERR485020.1381579	93.333	60	4	0	2	61	41	100	3.23e-19	97.1
SRR9860122.10	ERR485020.899053	93.333	60	4	0	2	61	60	1	3.23e-19	97.1
SRR9860122.10	ERR485020.553972	93.333	60	4	0	2	61	60	1	3.23e-19	97.1
SRR9860122.10	ERR485020.1090512	93.103	58	4	0	2	59	58	1	4.18e-18	93.5
SRR9860122.10	ERR485020.916077	92.982	57	4	0	2	58	57	1	1.50e-17	91.6
SRR9860122.10	ERR485020.1619091	92.857	56	4	0	2	57	56	1	5.41e-17	89.8
SRR9860122.10	ERR485020.1349692	92.857	56	4	0	2	57	56	1	5.41e-17	89.8
SRR9860122.10	ERR485020.1730618	92.593	54	4	0	2	55	54	1	6.99e-16	86.1
SRR9860122.10	ERR485020.1242881	92.308	52	4	0	2	53	52	1	9.05e-15	82.4
SRR9860122.10	ERR485020.410781	92.308	52	4	0	2	53	52	1	9.05e-15	82.4
SRR9860122.10	ERR485020.393555	92.157	51	4	0	2	52	50	100	3.25e-14	80.5
SRR9860122.10	ERR485020.172381	92.157	51	4	0	2	52	51	1	3.25e-14	80.5
SRR9860122.10	ERR485020.614736	91.667	48	4	0	2	49	53	100	1.51e-12	75.0
SRR9860122.10	ERR485020.1693113	95.122	41	2	0	2	42	46	6	7.04e-11	69.4
SRR9860122.10	ERR485020.973317	95.122	41	2	0	2	42	46	6	7.04e-11	69.4
SRR9860122.10	ERR485020.662016	95.122	41	2	0	2	42	42	2	7.04e-11	69.4
SRR9860122.10	ERR485020.256894	95.122	41	2	0	2	42	57	97	7.04e-11	69.4
SRR9860122.10	ERR485020.1142114	95.000	40	2	0	2	41	40	1	2.53e-10	67.6
SRR9860122.10	ERR485020.801454	95.000	40	2	0	2	41	40	1	2.53e-10	67.6
SRR9860122.10	ERR485020.214218	95.000	40	2	0	2	41	40	1	2.53e-10	67.6
SRR9860122.10	ERR485020.341454	94.872	39	2	0	2	40	62	100	9.11e-10	65.8
SRR9860122.10	ERR485020.881925	94.444	36	2	0	2	37	36	1	4.24e-08	60.2
SRR9860122.10	ERR485020.256216	94.118	34	2	0	2	35	67	100	5.48e-07	56.5
SRR9860122.10	ERR485020.1719008	100.000	28	0	0	2	29	33	6	7.09e-06	52.8
SRR9860122.10	ERR485020.1407491	100.000	28	0	0	2	29	31	4	7.09e-06	52.8
SRR9860122.10	ERR485020.933666	100.000	28	0	0	2	29	18	45	7.09e-06	52.8
SRR9860122.10	ERR485020.290161	100.000	28	0	0	2	29	28	1	7.09e-06	52.8
SRR9860122.11	ERR485020.1703715	99.000	100	1	0	147	246	1	100	8.75e-45	182
SRR9860122.11	ERR485020.1317935	99.000	100	1	0	147	246	1	100	8.75e-45	182
SRR9860122.11	ERR485020.1052712	99.000	100	1	0	150	249	1	100	8.75e-45	182
SRR9860122.11	ERR485020.467224	99.000	100	1	0	145	244	1	100	8.75e-45	182
SRR9860122.11	ERR485020.1707799	99.000	100	1	0	120	219	1	100	3.15e-44	180
SRR9860122.11	ERR485020.1680597	99.000	100	1	0	104	203	1	100	3.15e-44	180
SRR9860122.11	ERR485020.1663711	99.000	100	1	0	129	228	1	100	3.15e-44	180
SRR9860122.11	ERR485020.1616501	99.000	100	1	0	110	209	100	1	3.15e-44	180
SRR9860122.11	ERR485020.1592976	99.000	100	1	0	120	219	100	1	3.15e-44	180
SRR9860122.11	ERR485020.1484831	99.000	100	1	0	114	213	100	1	3.15e-44	180
SRR9860122.11	ERR485020.1403466	98.990	99	1	0	141	239	99	1	3.15e-44	180
SRR9860122.11	ERR485020.1369602	99.000	100	1	0	91	190	1	100	3.15e-44	180
SRR9860122.11	ERR485020.1359212	99.000	100	1	0	98	197	1	100	3.15e-44	180
SRR9860122.11	ERR485020.1354315	99.000	100	1	0	88	187	100	1	3.15e-44	180
SRR9860122.11	ERR485020.1313985	99.000	100	1	0	123	222	100	1	3.15e-44	180
SRR9860122.11	ERR485020.1257070	99.000	100	1	0	100	199	100	1	3.15e-44	180
SRR9860122.11	ERR485020.1153295	99.000	100	1	0	116	215	100	1	3.15e-44	180
SRR9860122.11	ERR485020.1115762	99.000	100	1	0	102	201	1	100	3.15e-44	180
SRR9860122.11	ERR485020.1078503	99.000	100	1	0	104	203	1	100	3.15e-44	180
SRR9860122.11	ERR485020.1047486	99.000	100	1	0	123	222	100	1	3.15e-44	180
SRR9860122.11	ERR485020.1035184	99.000	100	1	0	107	206	100	1	3.15e-44	180
SRR9860122.11	ERR485020.983191	99.000	100	1	0	129	228	1	100	3.15e-44	180
SRR9860122.11	ERR485020.978392	99.000	100	1	0	126	225	100	1	3.15e-44	180
SRR9860122.11	ERR485020.865855	99.000	100	1	0	129	228	100	1	3.15e-44	180
SRR9860122.11	ERR485020.787508	99.000	100	1	0	123	222	1	100	3.15e-44	180
SRR9860122.11	ERR485020.774576	99.000	100	1	0	111	210	1	100	3.15e-44	180
SRR9860122.11	ERR485020.762561	99.000	100	1	0	96	195	1	100	3.15e-44	180
SRR9860122.11	ERR485020.747576	99.000	100	1	0	111	210	1	100	3.15e-44	180
SRR9860122.11	ERR485020.713665	99.000	100	1	0	115	214	100	1	3.15e-44	180
SRR9860122.11	ERR485020.691248	99.000	100	1	0	125	224	1	100	3.15e-44	180
SRR9860122.11	ERR485020.604629	99.000	100	1	0	91	190	1	100	3.15e-44	180
SRR9860122.11	ERR485020.554225	99.000	100	1	0	88	187	1	100	3.15e-44	180
SRR9860122.11	ERR485020.477791	99.000	100	1	0	120	219	1	100	3.15e-44	180
SRR9860122.11	ERR485020.454056	99.000	100	1	0	92	191	1	100	3.15e-44	180
SRR9860122.11	ERR485020.451580	99.000	100	1	0	99	198	100	1	3.15e-44	180
SRR9860122.11	ERR485020.411824	99.000	100	1	0	118	217	100	1	3.15e-44	180
SRR9860122.11	ERR485020.291095	99.000	100	1	0	102	201	1	100	3.15e-44	180
SRR9860122.11	ERR485020.286679	98.990	99	1	0	151	249	100	2	3.15e-44	180
SRR9860122.11	ERR485020.223400	99.000	100	1	0	94	193	100	1	3.15e-44	180
SRR9860122.11	ERR485020.213826	99.000	100	1	0	103	202	100	1	3.15e-44	180
SRR9860122.11	ERR485020.197010	99.000	100	1	0	106	205	100	1	3.15e-44	180
SRR9860122.11	ERR485020.182118	99.000	100	1	0	89	188	1	100	3.15e-44	180
SRR9860122.11	ERR485020.123485	99.000	100	1	0	124	223	100	1	3.15e-44	180
SRR9860122.11	ERR485020.111684	99.000	100	1	0	88	187	1	100	3.15e-44	180
SRR9860122.11	ERR485020.95705	99.000	100	1	0	104	203	100	1	3.15e-44	180
SRR9860122.11	ERR485020.93177	98.990	99	1	0	151	249	1	99	3.15e-44	180
SRR9860122.11	ERR485020.1249657	98.990	99	1	0	87	185	99	1	1.13e-43	178
SRR9860122.11	ERR485020.1185315	98.980	98	1	0	141	238	3	100	1.13e-43	178
SRR9860122.11	ERR485020.907631	98.990	99	1	0	87	185	99	1	1.13e-43	178
SRR9860122.11	ERR485020.724749	98.990	99	1	0	87	185	2	100	1.13e-43	178
SRR9860122.11	ERR485020.710544	98.990	99	1	0	87	185	99	1	1.13e-43	178
SRR9860122.11	ERR485020.468755	98.990	99	1	0	87	185	2	100	1.13e-43	178
SRR9860122.11	ERR485020.279365	98.990	99	1	0	130	228	100	2	1.13e-43	178
SRR9860122.11	ERR485020.1614249	98.000	100	2	0	132	231	1	100	4.07e-43	176
SRR9860122.11	ERR485020.1592976	98.000	100	2	0	72	171	1	100	4.07e-43	176
SRR9860122.11	ERR485020.1576547	98.000	100	2	0	134	233	100	1	4.07e-43	176
SRR9860122.11	ERR485020.1511084	98.000	100	2	0	67	166	100	1	4.07e-43	176
SRR9860122.11	ERR485020.1496797	98.000	100	2	0	74	173	100	1	4.07e-43	176
SRR9860122.11	ERR485020.1313401	98.000	100	2	0	68	167	1	100	4.07e-43	176
SRR9860122.11	ERR485020.1287151	98.000	100	2	0	78	177	100	1	4.07e-43	176
SRR9860122.11	ERR485020.928598	98.000	100	2	0	77	176	1	100	4.07e-43	176
SRR9860122.11	ERR485020.906896	98.000	100	2	0	67	166	1	100	4.07e-43	176
SRR9860122.11	ERR485020.781696	98.000	100	2	0	64	163	100	1	4.07e-43	176
SRR9860122.11	ERR485020.780455	98.980	98	1	0	131	228	1	98	4.07e-43	176
SRR9860122.11	ERR485020.632305	98.980	98	1	0	131	228	1	98	4.07e-43	176
SRR9860122.11	ERR485020.620197	98.000	100	2	0	63	162	100	1	4.07e-43	176
SRR9860122.11	ERR485020.425379	98.000	100	2	0	80	179	100	1	4.07e-43	176
SRR9860122.11	ERR485020.425371	98.000	100	2	0	135	234	1	100	4.07e-43	176
SRR9860122.11	ERR485020.360066	98.000	100	2	0	66	165	1	100	4.07e-43	176
SRR9860122.11	ERR485020.328782	98.000	100	2	0	148	247	100	1	4.07e-43	176
SRR9860122.11	ERR485020.246586	98.000	100	2	0	132	231	100	1	4.07e-43	176
SRR9860122.11	ERR485020.91067	98.000	100	2	0	71	170	100	1	4.07e-43	176
SRR9860122.11	ERR485020.81708	98.000	100	2	0	70	169	100	1	4.07e-43	176
SRR9860122.11	ERR485020.1121018	98.000	100	2	0	114	213	1	100	1.46e-42	174
SRR9860122.11	ERR485020.454056	98.000	100	2	0	123	222	100	1	1.46e-42	174
SRR9860122.11	ERR485020.87980	98.000	100	2	0	104	203	100	1	1.46e-42	174
SRR9860122.11	ERR485020.1571855	97.000	100	3	0	60	159	1	100	5.27e-42	172
SRR9860122.11	ERR485020.1342991	97.000	100	3	0	54	153	1	100	5.27e-42	172
SRR9860122.11	ERR485020.1146322	97.000	100	3	0	59	158	1	100	5.27e-42	172
SRR9860122.11	ERR485020.1121018	97.959	98	2	0	152	249	100	3	5.27e-42	172
SRR9860122.11	ERR485020.1085016	97.000	100	3	0	55	154	100	1	5.27e-42	172
SRR9860122.11	ERR485020.1019861	97.000	100	3	0	59	158	100	1	5.27e-42	172
SRR9860122.11	ERR485020.865855	97.000	100	3	0	57	156	1	100	5.27e-42	172
SRR9860122.11	ERR485020.686846	97.000	100	3	0	58	157	1	100	5.27e-42	172
SRR9860122.11	ERR485020.499163	97.959	98	2	0	63	160	98	1	5.27e-42	172
SRR9860122.11	ERR485020.445124	97.000	100	3	0	60	159	100	1	5.27e-42	172
SRR9860122.11	ERR485020.425379	97.000	100	3	0	55	154	1	100	5.27e-42	172
SRR9860122.11	ERR485020.328782	97.000	100	3	0	54	153	1	100	5.27e-42	172
SRR9860122.11	ERR485020.1700694	96.000	100	4	0	3	102	100	1	1.89e-41	171
SRR9860122.11	ERR485020.1632213	96.000	100	4	0	9	108	1	100	1.89e-41	171
SRR9860122.11	ERR485020.1620853	96.000	100	4	0	24	123	1	100	1.89e-41	171
SRR9860122.11	ERR485020.1552452	96.000	100	4	0	25	124	100	1	1.89e-41	171
SRR9860122.11	ERR485020.1517059	96.000	100	4	0	7	106	100	1	1.89e-41	171
SRR9860122.11	ERR485020.1511084	96.000	100	4	0	37	136	1	100	1.89e-41	171
SRR9860122.11	ERR485020.1412091	96.000	100	4	0	10	109	1	100	1.89e-41	171
SRR9860122.11	ERR485020.1403466	96.000	100	4	0	18	117	1	100	1.89e-41	171
SRR9860122.11	ERR485020.1397688	97.000	100	3	0	77	176	1	100	1.89e-41	171
SRR9860122.11	ERR485020.1323661	96.000	100	4	0	4	103	1	100	1.89e-41	171
SRR9860122.11	ERR485020.1313985	96.000	100	4	0	9	108	1	100	1.89e-41	171
SRR9860122.11	ERR485020.1287151	96.000	100	4	0	13	112	1	100	1.89e-41	171
SRR9860122.11	ERR485020.1232170	97.959	98	2	0	131	228	1	98	1.89e-41	171
SRR9860122.11	ERR485020.1219410	96.000	100	4	0	5	104	1	100	1.89e-41	171
SRR9860122.11	ERR485020.1185997	96.000	100	4	0	14	113	100	1	1.89e-41	171
SRR9860122.11	ERR485020.1153295	96.000	100	4	0	24	123	1	100	1.89e-41	171
SRR9860122.11	ERR485020.1085016	96.000	100	4	0	13	112	1	100	1.89e-41	171
SRR9860122.11	ERR485020.1070751	96.000	100	4	0	3	102	1	100	1.89e-41	171
SRR9860122.11	ERR485020.1070751	96.000	100	4	0	30	129	100	1	1.89e-41	171
SRR9860122.11	ERR485020.1031082	96.000	100	4	0	36	135	100	1	1.89e-41	171
SRR9860122.11	ERR485020.1019861	96.000	100	4	0	20	119	1	100	1.89e-41	171
SRR9860122.11	ERR485020.912525	96.000	100	4	0	40	139	100	1	1.89e-41	171
SRR9860122.11	ERR485020.901891	96.000	100	4	0	8	107	100	1	1.89e-41	171
SRR9860122.11	ERR485020.900350	96.000	100	4	0	29	128	1	100	1.89e-41	171
SRR9860122.11	ERR485020.806075	96.000	100	4	0	22	121	100	1	1.89e-41	171
SRR9860122.11	ERR485020.756647	96.000	100	4	0	36	135	100	1	1.89e-41	171
SRR9860122.11	ERR485020.704684	96.000	100	4	0	36	135	1	100	1.89e-41	171
SRR9860122.11	ERR485020.694892	96.000	100	4	0	40	139	100	1	1.89e-41	171
SRR9860122.11	ERR485020.677917	96.000	100	4	0	12	111	100	1	1.89e-41	171
SRR9860122.11	ERR485020.650988	96.000	100	4	0	22	121	100	1	1.89e-41	171
SRR9860122.11	ERR485020.620197	96.000	100	4	0	27	126	1	100	1.89e-41	171
SRR9860122.11	ERR485020.588149	96.000	100	4	0	30	129	100	1	1.89e-41	171
SRR9860122.11	ERR485020.578531	96.000	100	4	0	18	117	100	1	1.89e-41	171
SRR9860122.11	ERR485020.451580	96.000	100	4	0	25	124	1	100	1.89e-41	171
SRR9860122.11	ERR485020.324467	96.000	100	4	0	1	100	100	1	1.89e-41	171
SRR9860122.11	ERR485020.290797	96.000	100	4	0	16	115	1	100	1.89e-41	171
SRR9860122.11	ERR485020.286679	96.000	100	4	0	12	111	1	100	1.89e-41	171
SRR9860122.11	ERR485020.285577	96.000	100	4	0	22	121	100	1	1.89e-41	171
SRR9860122.11	ERR485020.279365	96.000	100	4	0	12	111	1	100	1.89e-41	171
SRR9860122.11	ERR485020.216361	96.000	100	4	0	20	119	100	1	1.89e-41	171
SRR9860122.11	ERR485020.213826	96.000	100	4	0	7	106	1	100	1.89e-41	171
SRR9860122.11	ERR485020.197010	96.000	100	4	0	17	116	1	100	1.89e-41	171
SRR9860122.11	ERR485020.173136	96.970	99	3	0	54	152	2	100	1.89e-41	171
SRR9860122.11	ERR485020.1682323	96.000	100	4	0	46	145	100	1	6.81e-41	169
SRR9860122.11	ERR485020.1273576	98.925	93	1	0	157	249	1	93	6.81e-41	169
SRR9860122.11	ERR485020.900350	96.000	100	4	0	48	147	100	1	6.81e-41	169
SRR9860122.11	ERR485020.820075	95.960	99	4	0	1	99	99	1	6.81e-41	169
SRR9860122.11	ERR485020.753649	96.939	98	3	0	54	151	3	100	6.81e-41	169
SRR9860122.11	ERR485020.623105	96.000	100	4	0	47	146	100	1	6.81e-41	169
SRR9860122.11	ERR485020.565543	95.960	99	4	0	39	137	1	99	6.81e-41	169
SRR9860122.11	ERR485020.390030	95.960	99	4	0	41	139	1	99	6.81e-41	169
SRR9860122.11	ERR485020.299597	96.000	100	4	0	49	148	100	1	6.81e-41	169
SRR9860122.11	ERR485020.81708	95.960	99	4	0	1	99	2	100	6.81e-41	169
SRR9860122.11	ERR485020.1409995	98.913	92	1	0	158	249	100	9	2.45e-40	167
SRR9860122.11	ERR485020.830931	95.918	98	4	0	42	139	100	3	2.45e-40	167
SRR9860122.11	ERR485020.411824	95.918	98	4	0	42	139	1	98	2.45e-40	167
SRR9860122.11	ERR485020.410840	95.960	99	4	0	46	144	99	1	2.45e-40	167
SRR9860122.11	ERR485020.1694455	95.876	97	4	0	1	97	97	1	8.81e-40	165
SRR9860122.11	ERR485020.1683595	95.000	100	5	0	21	120	100	1	8.81e-40	165
SRR9860122.11	ERR485020.978392	95.876	97	4	0	43	139	1	97	8.81e-40	165
SRR9860122.11	ERR485020.746710	95.000	100	5	0	43	142	100	1	8.81e-40	165
SRR9860122.11	ERR485020.565543	95.000	100	5	0	38	137	100	1	8.81e-40	165
SRR9860122.11	ERR485020.157028	95.876	97	4	0	1	97	97	1	8.81e-40	165
SRR9860122.11	ERR485020.123485	95.876	97	4	0	43	139	1	97	8.81e-40	165
SRR9860122.11	ERR485020.182118	98.889	90	1	0	160	249	100	11	3.17e-39	163
SRR9860122.11	ERR485020.1388440	98.876	89	1	0	161	249	1	89	1.14e-38	161
SRR9860122.11	ERR485020.601710	95.789	95	4	0	1	95	95	1	1.14e-38	161
SRR9860122.11	ERR485020.1193400	95.000	100	5	0	81	180	1	100	4.10e-38	159
SRR9860122.11	ERR485020.1323661	98.851	87	1	0	163	249	100	14	1.47e-37	158
SRR9860122.11	ERR485020.724749	98.851	87	1	0	163	249	100	14	1.47e-37	158
SRR9860122.11	ERR485020.729144	95.652	92	4	0	1	92	92	1	5.30e-37	156
SRR9860122.11	ERR485020.1482810	95.604	91	4	0	1	91	91	1	1.91e-36	154
SRR9860122.11	ERR485020.699607	98.824	85	1	0	165	249	1	85	1.91e-36	154
SRR9860122.11	ERR485020.901891	95.556	90	4	0	1	90	11	100	6.86e-36	152
SRR9860122.11	ERR485020.747576	98.810	84	1	0	166	249	100	17	6.86e-36	152
SRR9860122.11	ERR485020.1484831	95.455	88	4	0	1	88	13	100	8.88e-35	148
SRR9860122.11	ERR485020.1399305	95.455	88	4	0	1	88	88	1	8.88e-35	148
SRR9860122.11	ERR485020.898587	98.780	82	1	0	168	249	100	19	8.88e-35	148
SRR9860122.11	ERR485020.170549	95.455	88	4	0	1	88	88	1	8.88e-35	148
SRR9860122.11	ERR485020.1658919	98.765	81	1	0	169	249	100	20	3.19e-34	147
SRR9860122.11	ERR485020.1232170	97.619	84	2	0	166	249	100	17	3.19e-34	147
SRR9860122.11	ERR485020.1003818	96.471	85	3	0	1	85	86	2	3.19e-34	147
SRR9860122.11	ERR485020.795338	96.471	85	3	0	1	85	85	1	3.19e-34	147
SRR9860122.11	ERR485020.259536	96.471	85	3	0	1	85	86	2	3.19e-34	147
SRR9860122.11	ERR485020.1078503	98.750	80	1	0	170	249	100	21	1.15e-33	145
SRR9860122.11	ERR485020.853763	92.000	100	8	0	87	186	100	1	1.49e-32	141
SRR9860122.11	ERR485020.1414537	98.701	77	1	0	173	249	100	24	5.34e-32	139
SRR9860122.11	ERR485020.694201	98.701	77	1	0	173	249	1	77	5.34e-32	139
SRR9860122.11	ERR485020.1602865	96.250	80	3	0	1	80	80	1	1.92e-31	137
SRR9860122.11	ERR485020.1004942	96.250	80	3	0	1	80	21	100	1.92e-31	137
SRR9860122.11	ERR485020.701139	96.250	80	3	0	1	80	80	1	1.92e-31	137
SRR9860122.11	ERR485020.1616501	96.104	77	3	0	1	77	24	100	8.94e-30	132
SRR9860122.11	ERR485020.1602006	98.630	73	1	0	177	249	1	73	8.94e-30	132
SRR9860122.11	ERR485020.995523	98.611	72	1	0	178	249	100	29	3.21e-29	130
SRR9860122.11	ERR485020.1505250	95.946	74	3	0	1	74	74	1	4.16e-28	126
SRR9860122.11	ERR485020.1060905	95.946	74	3	0	1	74	74	1	4.16e-28	126
SRR9860122.11	ERR485020.291486	95.946	74	3	0	1	74	74	1	4.16e-28	126
SRR9860122.11	ERR485020.1496797	95.890	73	3	0	1	73	28	100	1.50e-27	124
SRR9860122.11	ERR485020.100427	98.551	69	1	0	181	249	100	32	1.50e-27	124
SRR9860122.11	ERR485020.1026100	98.529	68	1	0	182	249	1	68	5.38e-27	122
SRR9860122.11	ERR485020.671409	95.833	72	3	0	1	72	72	1	5.38e-27	122
SRR9860122.11	ERR485020.87980	93.590	78	5	0	1	78	23	100	5.38e-27	122
SRR9860122.11	ERR485020.1218185	95.775	71	3	0	1	71	71	1	1.93e-26	121
SRR9860122.11	ERR485020.341382	95.714	70	3	0	1	70	70	1	6.96e-26	119
SRR9860122.11	ERR485020.1047486	95.652	69	3	0	1	69	32	100	2.50e-25	117
SRR9860122.11	ERR485020.1008081	95.652	69	3	0	1	69	69	1	2.50e-25	117
SRR9860122.11	ERR485020.1163425	98.438	64	1	0	186	249	1	64	9.00e-25	115
SRR9860122.11	ERR485020.906896	98.438	64	1	0	186	249	100	37	9.00e-25	115
SRR9860122.11	ERR485020.713665	95.385	65	3	0	1	65	36	100	4.19e-23	110
SRR9860122.11	ERR485020.1658919	96.721	61	2	0	1	61	38	98	5.42e-22	106
SRR9860122.11	ERR485020.1255306	98.305	59	1	0	191	249	1	59	5.42e-22	106
SRR9860122.11	ERR485020.598090	96.721	61	2	0	1	61	38	98	5.42e-22	106
SRR9860122.11	ERR485020.370754	96.721	61	2	0	1	61	61	1	5.42e-22	106
SRR9860122.11	ERR485020.657582	96.667	60	2	0	1	60	60	1	1.95e-21	104
SRR9860122.11	ERR485020.388798	96.667	60	2	0	1	60	60	1	1.95e-21	104
SRR9860122.11	ERR485020.623105	96.610	59	2	0	1	59	42	100	7.01e-21	102
SRR9860122.11	ERR485020.677892	98.148	54	1	0	196	249	1	54	3.26e-19	97.1
SRR9860122.11	ERR485020.1531970	98.113	53	1	0	197	249	1	53	1.17e-18	95.3
SRR9860122.11	ERR485020.1223211	98.077	52	1	0	1	52	53	2	4.22e-18	93.5
SRR9860122.11	ERR485020.1064337	98.077	52	1	0	1	52	52	1	4.22e-18	93.5
SRR9860122.11	ERR485020.1278373	98.039	51	1	0	199	249	1	51	1.52e-17	91.6
SRR9860122.11	ERR485020.1219410	98.039	51	1	0	199	249	100	50	1.52e-17	91.6
SRR9860122.11	ERR485020.573596	98.039	51	1	0	199	249	1	51	1.52e-17	91.6
SRR9860122.11	ERR485020.1412091	98.000	50	1	0	200	249	100	51	5.46e-17	89.8
SRR9860122.11	ERR485020.699748	98.000	50	1	0	1	50	50	1	5.46e-17	89.8
SRR9860122.11	ERR485020.110240	98.000	50	1	0	200	249	1	50	5.46e-17	89.8
SRR9860122.11	ERR485020.1694859	97.959	49	1	0	1	49	52	100	1.96e-16	87.9
SRR9860122.11	ERR485020.1617331	97.959	49	1	0	201	249	100	52	1.96e-16	87.9
SRR9860122.11	ERR485020.95705	97.959	49	1	0	1	49	52	100	1.96e-16	87.9
SRR9860122.11	ERR485020.1517059	100.000	44	0	0	1	44	57	100	9.13e-15	82.4
SRR9860122.11	ERR485020.1084901	100.000	44	0	0	1	44	44	1	9.13e-15	82.4
SRR9860122.11	ERR485020.930732	100.000	44	0	0	1	44	45	2	9.13e-15	82.4
SRR9860122.11	ERR485020.887736	100.000	44	0	0	1	44	46	3	9.13e-15	82.4
SRR9860122.11	ERR485020.1388240	100.000	42	0	0	1	42	42	1	1.18e-13	78.7
SRR9860122.11	ERR485020.445124	100.000	42	0	0	1	42	59	100	1.18e-13	78.7
SRR9860122.11	ERR485020.1359688	100.000	41	0	0	1	41	41	1	4.25e-13	76.8
SRR9860122.11	ERR485020.1259441	100.000	41	0	0	1	41	41	1	4.25e-13	76.8
SRR9860122.11	ERR485020.1257070	100.000	41	0	0	1	41	60	100	4.25e-13	76.8
SRR9860122.11	ERR485020.781696	100.000	40	0	0	1	40	61	100	1.53e-12	75.0
SRR9860122.11	ERR485020.256094	100.000	40	0	0	1	40	40	1	1.53e-12	75.0
SRR9860122.11	ERR485020.1223211	100.000	38	0	0	1	38	63	100	1.98e-11	71.3
SRR9860122.11	ERR485020.898587	100.000	37	0	0	1	37	64	100	7.11e-11	69.4
SRR9860122.11	ERR485020.756647	100.000	36	0	0	1	36	65	100	2.56e-10	67.6
SRR9860122.11	ERR485020.886246	100.000	34	0	0	1	34	34	1	3.31e-09	63.9
SRR9860122.11	ERR485020.259536	100.000	32	0	0	1	32	69	100	4.28e-08	60.2
SRR9860122.11	ERR485020.924500	100.000	30	0	0	1	30	30	1	5.53e-07	56.5
SRR9860122.11	ERR485020.1384793	100.000	29	0	0	1	29	29	1	1.99e-06	54.7
SRR9860122.11	ERR485020.1720453	100.000	28	0	0	1	28	29	2	7.16e-06	52.8
SRR9860122.11	ERR485020.377971	100.000	28	0	0	1	28	28	1	7.16e-06	52.8
SRR9860122.11	ERR485020.604271	99.000	100	1	0	45	144	100	1	8.83e-45	182
SRR9860122.11	ERR485020.86348	99.000	100	1	0	47	146	100	1	8.83e-45	182
SRR9860122.11	ERR485020.1359212	98.990	99	1	0	48	146	1	99	3.18e-44	180
SRR9860122.11	ERR485020.992371	98.990	99	1	0	48	146	100	2	3.18e-44	180
SRR9860122.11	ERR485020.774576	98.990	99	1	0	48	146	1	99	3.18e-44	180
SRR9860122.11	ERR485020.477791	98.990	99	1	0	45	143	2	100	3.18e-44	180
SRR9860122.11	ERR485020.1718089	98.000	100	2	0	56	155	100	1	1.14e-43	178
SRR9860122.11	ERR485020.1702896	98.980	98	1	0	49	146	100	3	1.14e-43	178
SRR9860122.11	ERR485020.1663711	98.000	100	2	0	53	152	1	100	1.14e-43	178
SRR9860122.11	ERR485020.1617331	98.000	100	2	0	63	162	1	100	1.14e-43	178
SRR9860122.11	ERR485020.1412091	98.000	100	2	0	64	163	1	100	1.14e-43	178
SRR9860122.11	ERR485020.1317935	98.000	100	2	0	58	157	1	100	1.14e-43	178
SRR9860122.11	ERR485020.1220055	98.000	100	2	0	50	149	100	1	1.14e-43	178
SRR9860122.11	ERR485020.1176095	98.000	100	2	0	62	161	100	1	1.14e-43	178
SRR9860122.11	ERR485020.895506	98.000	100	2	0	61	160	100	1	1.14e-43	178
SRR9860122.11	ERR485020.857584	98.000	100	2	0	62	161	100	1	1.14e-43	178
SRR9860122.11	ERR485020.780455	98.000	100	2	0	54	153	1	100	1.14e-43	178
SRR9860122.11	ERR485020.635012	98.000	100	2	0	56	155	100	1	1.14e-43	178
SRR9860122.11	ERR485020.467224	98.000	100	2	0	52	151	1	100	1.14e-43	178
SRR9860122.11	ERR485020.290797	98.000	100	2	0	56	155	1	100	1.14e-43	178
SRR9860122.11	ERR485020.130319	98.000	100	2	0	53	152	100	1	1.14e-43	178
SRR9860122.11	ERR485020.121626	98.000	100	2	0	50	149	1	100	1.14e-43	178
SRR9860122.11	ERR485020.110240	98.000	100	2	0	64	163	100	1	1.14e-43	178
SRR9860122.11	ERR485020.1427501	98.969	97	1	0	45	141	97	1	4.11e-43	176
SRR9860122.11	ERR485020.1381714	98.969	97	1	0	45	141	97	1	4.11e-43	176
SRR9860122.11	ERR485020.1278373	97.980	99	2	0	65	163	100	2	4.11e-43	176
SRR9860122.11	ERR485020.1219410	97.980	99	2	0	65	163	1	99	4.11e-43	176
SRR9860122.11	ERR485020.1104594	98.969	97	1	0	45	141	97	1	4.11e-43	176
SRR9860122.11	ERR485020.573596	97.980	99	2	0	65	163	100	2	4.11e-43	176
SRR9860122.11	ERR485020.1652245	98.958	96	1	0	45	140	96	1	1.48e-42	174
SRR9860122.11	ERR485020.1104749	97.000	100	3	0	34	133	100	1	1.48e-42	174
SRR9860122.11	ERR485020.1095664	97.000	100	3	0	37	136	100	1	1.48e-42	174
SRR9860122.11	ERR485020.762561	97.000	100	3	0	38	137	1	100	1.48e-42	174
SRR9860122.11	ERR485020.590235	97.000	100	3	0	35	134	100	1	1.48e-42	174
SRR9860122.11	ERR485020.284501	97.000	100	3	0	39	138	100	1	1.48e-42	174
SRR9860122.11	ERR485020.1531970	97.938	97	2	0	67	163	100	4	5.31e-42	172
SRR9860122.11	ERR485020.1718089	96.000	100	4	0	11	110	1	100	1.91e-41	171
SRR9860122.11	ERR485020.1707799	96.000	100	4	0	27	126	1	100	1.91e-41	171
SRR9860122.11	ERR485020.1666059	97.938	97	2	0	45	141	97	1	1.91e-41	171
SRR9860122.11	ERR485020.1658919	96.000	100	4	0	95	194	1	100	1.91e-41	171
SRR9860122.11	ERR485020.1652324	97.938	97	2	0	45	141	97	1	1.91e-41	171
SRR9860122.11	ERR485020.1632213	96.000	100	4	0	20	119	1	100	1.91e-41	171
SRR9860122.11	ERR485020.1602006	96.000	100	4	0	87	186	100	1	1.91e-41	171
SRR9860122.11	ERR485020.1571855	96.000	100	4	0	12	111	1	100	1.91e-41	171
SRR9860122.11	ERR485020.1554030	96.000	100	4	0	28	127	100	1	1.91e-41	171
SRR9860122.11	ERR485020.1414537	96.000	100	4	0	91	190	1	100	1.91e-41	171
SRR9860122.11	ERR485020.1409995	96.000	100	4	0	106	205	1	100	1.91e-41	171
SRR9860122.11	ERR485020.1401446	96.000	100	4	0	7	106	100	1	1.91e-41	171
SRR9860122.11	ERR485020.1397688	96.000	100	4	0	75	174	1	100	1.91e-41	171
SRR9860122.11	ERR485020.1388440	96.000	100	4	0	103	202	100	1	1.91e-41	171
SRR9860122.11	ERR485020.1362231	96.000	100	4	0	2	101	100	1	1.91e-41	171
SRR9860122.11	ERR485020.1323661	96.000	100	4	0	101	200	1	100	1.91e-41	171
SRR9860122.11	ERR485020.1313401	96.000	100	4	0	6	105	1	100	1.91e-41	171
SRR9860122.11	ERR485020.1273576	96.000	100	4	0	107	206	100	1	1.91e-41	171
SRR9860122.11	ERR485020.1258351	96.000	100	4	0	5	104	1	100	1.91e-41	171
SRR9860122.11	ERR485020.1255306	96.000	100	4	0	73	172	100	1	1.91e-41	171
SRR9860122.11	ERR485020.1211438	96.000	100	4	0	10	109	100	1	1.91e-41	171
SRR9860122.11	ERR485020.1163425	96.000	100	4	0	78	177	100	1	1.91e-41	171
SRR9860122.11	ERR485020.1130055	96.000	100	4	0	6	105	100	1	1.91e-41	171
SRR9860122.11	ERR485020.1078503	96.000	100	4	0	94	193	1	100	1.91e-41	171
SRR9860122.11	ERR485020.1052712	96.000	100	4	0	19	118	1	100	1.91e-41	171
SRR9860122.11	ERR485020.1038289	96.000	100	4	0	11	110	100	1	1.91e-41	171
SRR9860122.11	ERR485020.1026100	96.000	100	4	0	82	181	100	1	1.91e-41	171
SRR9860122.11	ERR485020.995523	96.939	98	3	0	86	183	1	98	1.91e-41	171
SRR9860122.11	ERR485020.906896	96.000	100	4	0	78	177	1	100	1.91e-41	171
SRR9860122.11	ERR485020.898587	96.000	100	4	0	96	195	1	100	1.91e-41	171
SRR9860122.11	ERR485020.883758	96.000	100	4	0	9	108	100	1	1.91e-41	171
SRR9860122.11	ERR485020.865003	96.000	100	4	0	24	123	1	100	1.91e-41	171
SRR9860122.11	ERR485020.773997	96.000	100	4	0	2	101	100	1	1.91e-41	171
SRR9860122.11	ERR485020.747576	96.000	100	4	0	98	197	1	100	1.91e-41	171
SRR9860122.11	ERR485020.724749	96.000	100	4	0	101	200	1	100	1.91e-41	171
SRR9860122.11	ERR485020.704684	96.000	100	4	0	6	105	1	100	1.91e-41	171
SRR9860122.11	ERR485020.699607	96.000	100	4	0	99	198	100	1	1.91e-41	171
SRR9860122.11	ERR485020.699607	96.000	100	4	0	6	105	1	100	1.91e-41	171
SRR9860122.11	ERR485020.694201	96.000	100	4	0	19	118	1	100	1.91e-41	171
SRR9860122.11	ERR485020.694201	96.000	100	4	0	91	190	100	1	1.91e-41	171
SRR9860122.11	ERR485020.691248	96.000	100	4	0	19	118	1	100	1.91e-41	171
SRR9860122.11	ERR485020.677892	97.917	96	2	0	68	163	100	5	1.91e-41	171
SRR9860122.11	ERR485020.611850	96.000	100	4	0	16	115	100	1	1.91e-41	171
SRR9860122.11	ERR485020.599037	96.000	100	4	0	6	105	1	100	1.91e-41	171
SRR9860122.11	ERR485020.562891	96.000	100	4	0	7	106	100	1	1.91e-41	171
SRR9860122.11	ERR485020.554225	96.000	100	4	0	7	106	1	100	1.91e-41	171
SRR9860122.11	ERR485020.539278	96.000	100	4	0	2	101	100	1	1.91e-41	171
SRR9860122.11	ERR485020.468755	96.000	100	4	0	11	110	1	100	1.91e-41	171
SRR9860122.11	ERR485020.425371	96.000	100	4	0	3	102	1	100	1.91e-41	171
SRR9860122.11	ERR485020.390030	96.000	100	4	0	17	116	1	100	1.91e-41	171
SRR9860122.11	ERR485020.291095	96.000	100	4	0	10	109	1	100	1.91e-41	171
SRR9860122.11	ERR485020.182118	96.000	100	4	0	104	203	1	100	1.91e-41	171
SRR9860122.11	ERR485020.111684	96.000	100	4	0	24	123	1	100	1.91e-41	171
SRR9860122.11	ERR485020.100427	96.939	98	3	0	85	182	3	100	1.91e-41	171
SRR9860122.11	ERR485020.1286574	95.960	99	4	0	2	100	99	1	6.87e-41	169
SRR9860122.11	ERR485020.1121018	95.000	100	5	0	112	211	1	100	2.47e-40	167
SRR9860122.11	ERR485020.1095664	95.918	98	4	0	2	99	3	100	2.47e-40	167
SRR9860122.11	ERR485020.1052712	95.000	100	5	0	114	213	100	1	2.47e-40	167
SRR9860122.11	ERR485020.286679	95.000	100	5	0	113	212	1	100	2.47e-40	167
SRR9860122.11	ERR485020.93177	95.000	100	5	0	113	212	100	1	2.47e-40	167
SRR9860122.11	ERR485020.1703715	94.949	99	5	0	117	215	100	2	8.89e-40	165
SRR9860122.11	ERR485020.1317935	94.949	99	5	0	117	215	100	2	8.89e-40	165
SRR9860122.11	ERR485020.1232170	95.000	100	5	0	98	197	1	100	8.89e-40	165
SRR9860122.11	ERR485020.467224	94.000	100	6	0	119	218	100	1	1.15e-38	161
SRR9860122.11	ERR485020.328782	94.000	100	6	0	116	215	1	100	1.15e-38	161
SRR9860122.11	ERR485020.1176095	94.000	100	6	0	21	120	1	100	4.14e-38	159
SRR9860122.11	ERR485020.1194093	95.652	92	4	0	2	93	92	1	5.35e-37	156
SRR9860122.11	ERR485020.336640	95.652	92	4	0	2	93	92	1	5.35e-37	156
SRR9860122.11	ERR485020.1666059	95.604	91	4	0	2	92	10	100	1.92e-36	154
SRR9860122.11	ERR485020.1317227	95.506	89	4	0	2	90	89	1	2.49e-35	150
SRR9860122.11	ERR485020.1694859	95.455	88	4	0	2	89	13	100	8.96e-35	148
SRR9860122.11	ERR485020.753649	95.455	88	4	0	2	89	13	100	8.96e-35	148
SRR9860122.11	ERR485020.1381714	95.402	87	4	0	2	88	14	100	3.22e-34	147
SRR9860122.11	ERR485020.1046844	95.402	87	4	0	2	88	87	1	3.22e-34	147
SRR9860122.11	ERR485020.677892	95.402	87	4	0	2	88	14	100	3.22e-34	147
SRR9860122.11	ERR485020.1092435	94.382	89	5	0	2	90	89	1	1.16e-33	145
SRR9860122.11	ERR485020.1110428	95.294	85	4	0	2	86	16	100	4.17e-33	143
SRR9860122.11	ERR485020.1119905	96.341	82	3	0	2	83	82	1	1.50e-32	141
SRR9860122.11	ERR485020.857584	96.341	82	3	0	2	83	18	99	1.50e-32	141
SRR9860122.11	ERR485020.93177	96.341	82	3	0	2	83	17	98	1.50e-32	141
SRR9860122.11	ERR485020.928598	96.296	81	3	0	2	82	20	100	5.39e-32	139
SRR9860122.11	ERR485020.656509	96.250	80	3	0	2	81	80	1	1.94e-31	137
SRR9860122.11	ERR485020.494029	96.250	80	3	0	2	81	80	1	1.94e-31	137
SRR9860122.11	ERR485020.1185315	96.154	78	3	0	2	79	23	100	2.51e-30	134
SRR9860122.11	ERR485020.1137847	96.154	78	3	0	2	79	78	1	2.51e-30	134
SRR9860122.11	ERR485020.1427501	96.000	75	3	0	2	76	26	100	1.17e-28	128
SRR9860122.11	ERR485020.1255306	94.872	78	4	0	2	79	19	96	1.17e-28	128
SRR9860122.11	ERR485020.1196159	96.000	75	3	0	2	76	75	1	1.17e-28	128
SRR9860122.11	ERR485020.686846	96.000	75	3	0	2	76	26	100	1.17e-28	128
SRR9860122.11	ERR485020.291135	96.000	75	3	0	2	76	75	1	1.17e-28	128
SRR9860122.11	ERR485020.525156	95.833	72	3	0	2	73	72	1	5.43e-27	122
SRR9860122.11	ERR485020.423773	95.833	72	3	0	2	73	72	1	5.43e-27	122
SRR9860122.11	ERR485020.1587198	95.775	71	3	0	2	72	71	1	1.95e-26	121
SRR9860122.11	ERR485020.1702896	95.652	69	3	0	2	70	32	100	2.53e-25	117
SRR9860122.11	ERR485020.823451	95.652	69	3	0	2	70	69	1	2.53e-25	117
SRR9860122.11	ERR485020.929319	95.522	67	3	0	2	68	67	1	3.27e-24	113
SRR9860122.11	ERR485020.840276	95.522	67	3	0	2	68	67	1	3.27e-24	113
SRR9860122.11	ERR485020.1388440	95.455	66	3	0	2	67	35	100	1.17e-23	111
SRR9860122.11	ERR485020.1046844	95.385	65	3	0	2	66	36	100	4.23e-23	110
SRR9860122.11	ERR485020.684572	95.238	63	3	0	2	64	63	1	5.47e-22	106
SRR9860122.11	ERR485020.1614249	95.082	61	3	0	2	62	40	100	7.07e-21	102
SRR9860122.11	ERR485020.1535323	95.082	61	3	0	2	62	61	1	7.07e-21	102
SRR9860122.11	ERR485020.1586476	94.915	59	3	0	2	60	59	1	9.15e-20	99.0
SRR9860122.11	ERR485020.1008167	94.737	57	3	0	2	58	57	1	1.18e-18	95.3
SRR9860122.11	ERR485020.697636	94.643	56	3	0	2	57	56	1	4.26e-18	93.5
SRR9860122.11	ERR485020.1273576	94.444	54	3	0	2	55	47	100	5.51e-17	89.8
SRR9860122.11	ERR485020.590235	94.444	54	3	0	2	55	47	100	5.51e-17	89.8
SRR9860122.11	ERR485020.227958	94.444	54	3	0	2	55	54	1	5.51e-17	89.8
SRR9860122.11	ERR485020.192067	94.444	54	3	0	2	55	54	1	5.51e-17	89.8
SRR9860122.11	ERR485020.1367469	94.340	53	3	0	2	54	53	1	1.98e-16	87.9
SRR9860122.11	ERR485020.1193400	94.118	51	3	0	2	52	50	100	2.56e-15	84.2
SRR9860122.11	ERR485020.835621	94.118	51	3	0	2	52	51	1	2.56e-15	84.2
SRR9860122.11	ERR485020.444783	94.000	50	3	0	2	51	50	1	9.21e-15	82.4
SRR9860122.11	ERR485020.347699	94.000	50	3	0	2	51	50	1	9.21e-15	82.4
SRR9860122.11	ERR485020.727786	93.878	49	3	0	2	50	49	1	3.31e-14	80.5
SRR9860122.11	ERR485020.1578747	93.617	47	3	0	2	48	47	1	4.29e-13	76.8
SRR9860122.11	ERR485020.1345673	93.617	47	3	0	2	48	47	1	4.29e-13	76.8
SRR9860122.11	ERR485020.284501	93.617	47	3	0	2	48	54	100	4.29e-13	76.8
SRR9860122.11	ERR485020.1556389	97.561	41	1	0	2	42	44	4	5.54e-12	73.1
SRR9860122.11	ERR485020.1551308	97.561	41	1	0	2	42	41	1	5.54e-12	73.1
SRR9860122.11	ERR485020.1424236	97.561	41	1	0	2	42	42	2	5.54e-12	73.1
SRR9860122.11	ERR485020.1367469	97.561	41	1	0	2	42	59	99	5.54e-12	73.1
SRR9860122.11	ERR485020.1342991	97.561	41	1	0	2	42	60	100	5.54e-12	73.1
SRR9860122.11	ERR485020.1330399	97.561	41	1	0	2	42	41	1	5.54e-12	73.1
SRR9860122.11	ERR485020.1220055	97.561	41	1	0	2	42	58	98	5.54e-12	73.1
SRR9860122.11	ERR485020.943823	97.561	41	1	0	2	42	43	3	5.54e-12	73.1
SRR9860122.11	ERR485020.785966	97.561	41	1	0	2	42	45	5	5.54e-12	73.1
SRR9860122.11	ERR485020.776755	97.561	41	1	0	2	42	41	1	5.54e-12	73.1
SRR9860122.11	ERR485020.598090	97.561	41	1	0	2	42	60	100	5.54e-12	73.1
SRR9860122.11	ERR485020.579099	97.561	41	1	0	2	42	45	5	5.54e-12	73.1
SRR9860122.11	ERR485020.380576	97.561	41	1	0	2	42	43	3	5.54e-12	73.1
SRR9860122.11	ERR485020.331920	97.561	41	1	0	2	42	43	3	5.54e-12	73.1
SRR9860122.11	ERR485020.274269	97.561	41	1	0	2	42	44	4	5.54e-12	73.1
SRR9860122.11	ERR485020.201324	97.561	41	1	0	2	42	55	95	5.54e-12	73.1
SRR9860122.11	ERR485020.1286574	97.500	40	1	0	2	41	61	100	1.99e-11	71.3
SRR9860122.11	ERR485020.1069362	97.500	40	1	0	2	41	40	1	1.99e-11	71.3
SRR9860122.11	ERR485020.632305	97.500	40	1	0	2	41	61	100	1.99e-11	71.3
SRR9860122.11	ERR485020.604629	97.500	40	1	0	2	41	61	100	1.99e-11	71.3
SRR9860122.11	ERR485020.1652245	97.436	39	1	0	2	40	62	100	7.17e-11	69.4
SRR9860122.11	ERR485020.684572	97.436	39	1	0	2	40	62	100	7.17e-11	69.4
SRR9860122.11	ERR485020.110240	97.436	39	1	0	2	40	62	100	7.17e-11	69.4
SRR9860122.11	ERR485020.1104594	97.368	38	1	0	2	39	63	100	2.58e-10	67.6
SRR9860122.11	ERR485020.1481199	97.222	36	1	0	2	37	65	100	3.34e-09	63.9
SRR9860122.11	ERR485020.1535323	97.143	35	1	0	2	36	66	100	1.20e-08	62.1
SRR9860122.11	ERR485020.1218398	97.059	34	1	0	2	35	34	1	4.32e-08	60.2
SRR9860122.11	ERR485020.1168229	96.875	32	1	0	2	33	32	1	5.58e-07	56.5
SRR9860122.11	ERR485020.1146322	96.875	32	1	0	2	33	69	100	5.58e-07	56.5
SRR9860122.11	ERR485020.1181105	100.000	28	0	0	2	29	28	1	7.22e-06	52.8
